snapshot_date,branch,sku,product_name,category,stock_qty,unit_cost,avg_daily_sales,last_sale_date
2026-07-05,Andheri,SKU1001,Basmati Rice 5kg,Grocery,5,558.14,0.07,2026-07-01
2026-07-05,Andheri,SKU1002,Sona Masoori Rice 10kg,Grocery,4,703.12,0.25,2026-07-05
2026-07-05,Andheri,SKU1003,Whole Wheat Atta 10kg,Grocery,4,435.21,0.0,
2026-07-05,Andheri,SKU1004,Toor Dal 1kg,Grocery,12,147.03,0.39,2026-07-05
2026-07-05,Andheri,SKU1005,Moong Dal 1kg,Grocery,7,129.63,0.32,2026-07-05
2026-07-05,Andheri,SKU1006,Chana Dal 1kg,Grocery,7,93.74,0.18,2026-07-01
2026-07-05,Andheri,SKU1007,Sugar 1kg,Grocery,3,45.12,0.18,2026-07-05
2026-07-05,Andheri,SKU1008,Iodised Salt 1kg,Grocery,6,22.96,0.14,2026-07-05
2026-07-05,Andheri,SKU1009,Sunflower Oil 1L,Grocery,5,144.69,0.0,
2026-07-05,Andheri,SKU1010,Mustard Oil 1L,Grocery,15,170.1,0.25,2026-07-05
2026-07-05,Andheri,SKU1011,Poha 500g,Grocery,43,36.0,1.46,2026-07-05
2026-07-05,Andheri,SKU1012,Rava 1kg,Grocery,10,50.22,0.46,2026-07-03
2026-07-05,Andheri,SKU1013,Turmeric Powder 200g,Grocery,8,41.76,0.32,2026-07-05
2026-07-05,Andheri,SKU1014,Red Chilli Powder 200g,Grocery,4,52.56,0.04,2026-07-05
2026-07-05,Andheri,SKU1015,Garam Masala 100g,Grocery,6,57.8,0.07,2026-07-03
2026-07-05,Andheri,SKU1016,Groundnuts 500g,Grocery,6,78.85,0.07,2026-07-04
2026-07-05,Andheri,SKU1017,Kabuli Chana 1kg,Grocery,5,118.15,0.0,
2026-07-05,Andheri,SKU1018,Rajma 1kg,Grocery,1,140.25,0.0,
2026-07-05,Andheri,SKU1019,Jaggery 1kg,Grocery,37,66.36,0.54,2026-07-05
2026-07-05,Andheri,SKU1020,Vermicelli 400g,Grocery,4,32.76,0.04,2026-07-02
2026-07-05,Andheri,SKU2001,Instant Noodles 4-pack,FMCG,4,47.04,0.0,
2026-07-05,Andheri,SKU2002,Tomato Ketchup 1kg,FMCG,2,109.81,0.0,
2026-07-05,Andheri,SKU2003,Corn Flakes 875g,FMCG,11,286.18,0.21,2026-07-03
2026-07-05,Andheri,SKU2004,Oats 1kg,FMCG,3,161.19,0.0,
2026-07-05,Andheri,SKU2005,Peanut Butter 340g,FMCG,28,137.83,0.5,2026-07-05
2026-07-05,Andheri,SKU2006,Mixed Fruit Jam 500g,FMCG,6,116.22,0.11,2026-07-03
2026-07-05,Andheri,SKU2007,Glucose Biscuits 800g,FMCG,10,77.4,0.21,2026-07-05
2026-07-05,Andheri,SKU2008,Cream Biscuits 300g,FMCG,4,49.8,0.0,
2026-07-05,Andheri,SKU2009,Potato Chips 150g,FMCG,4,38.0,0.0,
2026-07-05,Andheri,SKU2010,Namkeen Mix 400g,FMCG,5,74.25,0.04,2026-07-02
2026-07-05,Andheri,SKU2011,Dark Chocolate 100g,FMCG,7,84.0,0.14,2026-07-05
2026-07-05,Andheri,SKU2012,Instant Coffee 100g,FMCG,66,239.2,3.89,2026-07-05
2026-07-05,Andheri,SKU2013,Tea Leaves 500g,FMCG,7,217.3,0.11,2026-07-05
2026-07-05,Andheri,SKU2014,Pasta Penne 500g,FMCG,0,85.1,0.0,
2026-07-05,Andheri,SKU2015,Soya Chunks 200g,FMCG,10,33.88,0.25,2026-07-03
2026-07-05,Andheri,SKU2016,Honey 500g,FMCG,1,189.24,0.07,2026-07-05
2026-07-05,Andheri,SKU2017,Pickle Mango 400g,FMCG,3,91.59,0.0,
2026-07-05,Andheri,SKU2018,Baking Soda 100g,FMCG,2,17.5,0.0,
2026-07-05,Andheri,SKU2019,Custard Powder 100g,FMCG,0,34.56,0.39,2026-07-05
2026-07-05,Andheri,SKU2020,Muesli 500g,FMCG,2,256.62,0.0,
2026-07-05,Andheri,SKU3001,Sandwich Bread 400g,Bakery,4,35.1,0.0,
2026-07-05,Andheri,SKU3002,Brown Bread 400g,Bakery,1,41.8,0.0,
2026-07-05,Andheri,SKU3003,Multigrain Bread 400g,Bakery,0,48.1,0.14,2026-07-03
2026-07-05,Andheri,SKU3004,Pav 6-pack,Bakery,5,22.5,0.07,2026-07-03
2026-07-05,Andheri,SKU3005,Butter Croissant,Bakery,20,34.1,1.29,2026-07-05
2026-07-05,Andheri,SKU3006,Chocolate Muffin,Bakery,2,36.0,0.07,2026-07-03
2026-07-05,Andheri,SKU3007,Plum Cake 300g,Bakery,90,118.8,2.68,2026-07-05
2026-07-05,Andheri,SKU3008,Garlic Bread,Bakery,4,60.8,0.0,
2026-07-05,Andheri,SKU3009,Rusk 300g,Bakery,0,51.1,0.0,
2026-07-05,Andheri,SKU3010,Fruit Bun,Bakery,5,16.75,0.0,
2026-07-05,Andheri,SKU3011,Cheese Danish,Bakery,51,51.85,1.61,2026-07-05
2026-07-05,Andheri,SKU3012,Burger Buns 4-pack,Bakery,5,36.0,0.0,
2026-07-05,Andheri,SKU3013,Whole Wheat Cookies 250g,Bakery,2,71.5,0.0,
2026-07-05,Andheri,SKU3014,Banana Walnut Loaf,Bakery,14,138.6,0.54,2026-07-04
2026-07-05,Andheri,SKU3015,Cinnamon Roll,Bakery,1,44.25,0.04,2026-07-04
2026-07-05,Andheri,SKU3016,Pizza Base 2-pack,Bakery,9,42.0,0.36,2026-07-05
2026-07-05,Andheri,SKU4001,Mineral Water 1L,Beverages,1,15.0,0.0,
2026-07-05,Andheri,SKU4002,Orange Juice 1L,Beverages,2,98.75,0.04,2026-07-05
2026-07-05,Andheri,SKU4003,Mango Drink 1.2L,Beverages,3,70.2,0.0,
2026-07-05,Andheri,SKU4004,Cola 2L,Beverages,5,77.9,0.0,
2026-07-05,Andheri,SKU4005,Lemon Soda 750ml,Beverages,6,30.8,0.46,2026-07-05
2026-07-05,Andheri,SKU4006,Coconut Water 200ml,Beverages,2,36.0,0.0,
2026-07-05,Andheri,SKU4007,Energy Drink 250ml,Beverages,2,85.1,0.04,2026-07-02
2026-07-05,Andheri,SKU4008,Cold Coffee 200ml,Beverages,117,38.0,2.79,2026-07-03
2026-07-05,Andheri,SKU4009,Buttermilk 500ml,Beverages,7,24.3,0.32,2026-07-05
2026-07-05,Andheri,SKU4010,Flavoured Milk 200ml,Beverages,11,28.7,0.29,2026-07-05
2026-07-05,Andheri,SKU4011,Green Tea 25 bags,Beverages,20,113.6,0.57,2026-07-05
2026-07-05,Andheri,SKU4012,Apple Juice 1L,Beverages,6,106.65,0.14,2026-07-05
2026-07-05,Andheri,SKU4013,Soda Water 750ml,Beverages,4,18.25,0.18,2026-07-05
2026-07-05,Andheri,SKU4014,Iced Tea 500ml,Beverages,4,45.0,0.11,2026-07-04
2026-07-05,Andheri,SKU5001,Herbal Shampoo 340ml,Personal Care,2,178.85,0.04,2026-07-01
2026-07-05,Andheri,SKU5002,Anti-dandruff Shampoo 180ml,Personal Care,9,143.28,0.25,2026-07-05
2026-07-05,Andheri,SKU5003,Bath Soap 4-pack,Personal Care,5,140.4,0.07,2026-07-03
2026-07-05,Andheri,SKU5004,Toothpaste 150g,Personal Care,15,75.24,0.21,2026-07-03
2026-07-05,Andheri,SKU5005,Toothbrush Soft,Personal Care,6,26.0,0.11,2026-07-02
2026-07-05,Andheri,SKU5006,Face Wash 100ml,Personal Care,7,117.25,0.25,2026-07-05
2026-07-05,Andheri,SKU5007,Body Lotion 400ml,Personal Care,8,206.31,0.29,2026-07-05
2026-07-05,Andheri,SKU5008,Coconut Hair Oil 500ml,Personal Care,3,145.53,0.11,2026-07-03
2026-07-05,Andheri,SKU5009,Hand Wash Refill 750ml,Personal Care,2,81.65,0.0,
2026-07-05,Andheri,SKU5010,Deodorant 150ml,Personal Care,6,148.5,0.04,2026-07-01
2026-07-05,Andheri,SKU5011,Talcum Powder 300g,Personal Care,4,118.4,0.11,2026-07-02
2026-07-05,Andheri,SKU5012,Shaving Foam 200g,Personal Care,5,133.0,0.04,2026-07-01
2026-07-05,Andheri,SKU5013,Sanitary Pads 20s,Personal Care,6,142.2,0.32,2026-07-05
2026-07-05,Andheri,SKU5014,Lip Balm 4.5g,Personal Care,6,57.0,0.14,2026-07-05
2026-07-05,Andheri,SKU5015,Sunscreen SPF50 50ml,Personal Care,10,223.36,0.29,2026-07-04
2026-07-05,Andheri,SKU5016,Cotton Buds 100s,Personal Care,3,34.1,0.0,
2026-07-05,Andheri,SKU6001,Detergent Powder 4kg,Household,1,414.17,0.0,
2026-07-05,Andheri,SKU6002,Liquid Detergent 2L,Household,17,306.99,0.25,2026-07-05
2026-07-05,Andheri,SKU6003,Dishwash Bar 3-pack,Household,7,47.4,0.21,2026-07-05
2026-07-05,Andheri,SKU6004,Dishwash Gel 750ml,Household,5,110.2,0.04,2026-07-01
2026-07-05,Andheri,SKU6005,Floor Cleaner 1L,Household,8,134.25,0.04,2026-07-05
2026-07-05,Andheri,SKU6006,Toilet Cleaner 1L,Household,20,117.8,0.25,2026-07-05
2026-07-05,Andheri,SKU6007,Glass Cleaner 500ml,Household,10,79.2,0.43,2026-07-03
2026-07-05,Andheri,SKU6008,Garbage Bags 30s,Household,10,81.6,0.18,2026-07-04
2026-07-05,Andheri,SKU6009,Kitchen Towels 2-roll,Household,10,109.5,0.29,2026-07-05
2026-07-05,Andheri,SKU6010,Toilet Rolls 6-pack,Household,6,169.4,0.25,2026-07-04
2026-07-05,Andheri,SKU6011,Aluminium Foil 9m,Household,5,73.26,0.04,2026-07-05
2026-07-05,Andheri,SKU6012,Scrub Pads 3-pack,Household,0,33.0,0.0,
2026-07-05,Andheri,SKU6013,Mosquito Repellent Refill,Household,5,60.35,0.0,
2026-07-05,Andheri,SKU6014,Air Freshener 240ml,Household,9,133.33,0.11,2026-07-04
2026-07-05,Andheri,SKU6015,Phenyl 1L,Household,2,63.0,0.04,2026-07-05
2026-07-05,Andheri,SKU6016,LED Bulb 9W,Household,13,71.5,0.57,2026-07-05
2026-07-05,Mumbai Central,SKU1001,Basmati Rice 5kg,Grocery,2,558.14,0.0,
2026-07-05,Mumbai Central,SKU1002,Sona Masoori Rice 10kg,Grocery,11,703.12,0.25,2026-07-05
2026-07-05,Mumbai Central,SKU1003,Whole Wheat Atta 10kg,Grocery,13,435.21,0.36,2026-07-05
2026-07-05,Mumbai Central,SKU1004,Toor Dal 1kg,Grocery,6,147.03,0.32,2026-07-05
2026-07-05,Mumbai Central,SKU1005,Moong Dal 1kg,Grocery,3,129.63,0.04,2026-07-03
2026-07-05,Mumbai Central,SKU1006,Chana Dal 1kg,Grocery,1,93.74,0.0,
2026-07-05,Mumbai Central,SKU1007,Sugar 1kg,Grocery,3,45.12,0.04,2026-07-05
2026-07-05,Mumbai Central,SKU1008,Iodised Salt 1kg,Grocery,6,22.96,0.32,2026-07-05
2026-07-05,Mumbai Central,SKU1009,Sunflower Oil 1L,Grocery,2,144.69,0.0,
2026-07-05,Mumbai Central,SKU1010,Mustard Oil 1L,Grocery,4,170.1,0.0,
2026-07-05,Mumbai Central,SKU1011,Poha 500g,Grocery,49,36.0,1.75,2026-07-05
2026-07-05,Mumbai Central,SKU1012,Rava 1kg,Grocery,7,50.22,0.14,2026-07-05
2026-07-05,Mumbai Central,SKU1013,Turmeric Powder 200g,Grocery,5,41.76,0.29,2026-07-05
2026-07-05,Mumbai Central,SKU1014,Red Chilli Powder 200g,Grocery,1,52.56,0.04,2026-07-05
2026-07-05,Mumbai Central,SKU1015,Garam Masala 100g,Grocery,8,57.8,0.07,2026-07-05
2026-07-05,Mumbai Central,SKU1016,Groundnuts 500g,Grocery,6,78.85,0.11,2026-07-04
2026-07-05,Mumbai Central,SKU1017,Kabuli Chana 1kg,Grocery,5,118.15,0.11,2026-07-03
2026-07-05,Mumbai Central,SKU1018,Rajma 1kg,Grocery,12,140.25,0.32,2026-07-04
2026-07-05,Mumbai Central,SKU1019,Jaggery 1kg,Grocery,20,66.36,0.64,2026-07-05
2026-07-05,Mumbai Central,SKU1020,Vermicelli 400g,Grocery,6,32.76,0.04,2026-07-05
2026-07-05,Mumbai Central,SKU2001,Instant Noodles 4-pack,FMCG,3,47.04,0.0,
2026-07-05,Mumbai Central,SKU2002,Tomato Ketchup 1kg,FMCG,5,109.81,0.0,
2026-07-05,Mumbai Central,SKU2003,Corn Flakes 875g,FMCG,10,286.18,0.29,2026-07-05
2026-07-05,Mumbai Central,SKU2004,Oats 1kg,FMCG,8,161.19,0.11,2026-07-05
2026-07-05,Mumbai Central,SKU2005,Peanut Butter 340g,FMCG,14,137.83,0.57,2026-07-05
2026-07-05,Mumbai Central,SKU2006,Mixed Fruit Jam 500g,FMCG,6,116.22,0.25,2026-07-03
2026-07-05,Mumbai Central,SKU2007,Glucose Biscuits 800g,FMCG,6,77.4,0.21,2026-07-05
2026-07-05,Mumbai Central,SKU2008,Cream Biscuits 300g,FMCG,0,49.8,0.0,
2026-07-05,Mumbai Central,SKU2009,Potato Chips 150g,FMCG,2,38.0,0.14,2026-07-05
2026-07-05,Mumbai Central,SKU2010,Namkeen Mix 400g,FMCG,5,74.25,0.07,2026-07-02
2026-07-05,Mumbai Central,SKU2011,Dark Chocolate 100g,FMCG,3,84.0,0.11,2026-07-04
2026-07-05,Mumbai Central,SKU2012,Instant Coffee 100g,FMCG,57,239.2,4.93,2026-07-05
2026-07-05,Mumbai Central,SKU2013,Tea Leaves 500g,FMCG,0,217.3,0.0,
2026-07-05,Mumbai Central,SKU2014,Pasta Penne 500g,FMCG,4,85.1,0.0,
2026-07-05,Mumbai Central,SKU2015,Soya Chunks 200g,FMCG,31,33.88,0.57,2026-07-05
2026-07-05,Mumbai Central,SKU2016,Honey 500g,FMCG,3,189.24,0.07,2026-07-05
2026-07-05,Mumbai Central,SKU2017,Pickle Mango 400g,FMCG,2,91.59,0.04,2026-07-03
2026-07-05,Mumbai Central,SKU2018,Baking Soda 100g,FMCG,5,17.5,0.11,2026-07-03
2026-07-05,Mumbai Central,SKU2019,Custard Powder 100g,FMCG,5,34.56,0.11,2026-07-05
2026-07-05,Mumbai Central,SKU2020,Muesli 500g,FMCG,5,256.62,0.07,2026-07-05
2026-07-05,Mumbai Central,SKU3001,Sandwich Bread 400g,Bakery,6,35.1,0.21,2026-07-05
2026-07-05,Mumbai Central,SKU3002,Brown Bread 400g,Bakery,3,41.8,0.0,
2026-07-05,Mumbai Central,SKU3003,Multigrain Bread 400g,Bakery,5,48.1,0.0,
2026-07-05,Mumbai Central,SKU3004,Pav 6-pack,Bakery,8,22.5,0.29,2026-07-05
2026-07-05,Mumbai Central,SKU3005,Butter Croissant,Bakery,20,34.1,0.86,2026-07-05
2026-07-05,Mumbai Central,SKU3006,Chocolate Muffin,Bakery,4,36.0,0.0,
2026-07-05,Mumbai Central,SKU3007,Plum Cake 300g,Bakery,182,118.8,3.07,2026-07-05
2026-07-05,Mumbai Central,SKU3008,Garlic Bread,Bakery,7,60.8,0.18,2026-07-05
2026-07-05,Mumbai Central,SKU3009,Rusk 300g,Bakery,1,51.1,0.04,2026-07-03
2026-07-05,Mumbai Central,SKU3010,Fruit Bun,Bakery,7,16.75,0.18,2026-07-05
2026-07-05,Mumbai Central,SKU3011,Cheese Danish,Bakery,36,51.85,1.96,2026-07-05
2026-07-05,Mumbai Central,SKU3012,Burger Buns 4-pack,Bakery,6,36.0,0.04,2026-07-02
2026-07-05,Mumbai Central,SKU3013,Whole Wheat Cookies 250g,Bakery,1,71.5,0.0,
2026-07-05,Mumbai Central,SKU3014,Banana Walnut Loaf,Bakery,8,138.6,0.11,2026-07-04
2026-07-05,Mumbai Central,SKU3015,Cinnamon Roll,Bakery,4,44.25,0.04,2026-07-04
2026-07-05,Mumbai Central,SKU3016,Pizza Base 2-pack,Bakery,5,42.0,0.14,2026-07-02
2026-07-05,Mumbai Central,SKU4001,Mineral Water 1L,Beverages,3,15.0,0.07,2026-07-03
2026-07-05,Mumbai Central,SKU4002,Orange Juice 1L,Beverages,0,98.75,0.0,
2026-07-05,Mumbai Central,SKU4003,Mango Drink 1.2L,Beverages,3,70.2,0.14,2026-07-04
2026-07-05,Mumbai Central,SKU4004,Cola 2L,Beverages,6,77.9,0.04,2026-07-04
2026-07-05,Mumbai Central,SKU4005,Lemon Soda 750ml,Beverages,8,30.8,0.25,2026-07-05
2026-07-05,Mumbai Central,SKU4006,Coconut Water 200ml,Beverages,3,36.0,0.0,
2026-07-05,Mumbai Central,SKU4007,Energy Drink 250ml,Beverages,10,85.1,0.11,2026-07-03
2026-07-05,Mumbai Central,SKU4008,Cold Coffee 200ml,Beverages,16,38.0,0.36,2026-07-05
2026-07-05,Mumbai Central,SKU4009,Buttermilk 500ml,Beverages,7,24.3,0.11,2026-07-05
2026-07-05,Mumbai Central,SKU4010,Flavoured Milk 200ml,Beverages,5,28.7,0.0,
2026-07-05,Mumbai Central,SKU4011,Green Tea 25 bags,Beverages,17,113.6,0.89,2026-07-05
2026-07-05,Mumbai Central,SKU4012,Apple Juice 1L,Beverages,10,106.65,0.25,2026-07-04
2026-07-05,Mumbai Central,SKU4013,Soda Water 750ml,Beverages,6,18.25,0.04,2026-07-05
2026-07-05,Mumbai Central,SKU4014,Iced Tea 500ml,Beverages,8,45.0,0.14,2026-07-05
2026-07-05,Mumbai Central,SKU5001,Herbal Shampoo 340ml,Personal Care,7,178.85,0.25,2026-07-04
2026-07-05,Mumbai Central,SKU5002,Anti-dandruff Shampoo 180ml,Personal Care,6,143.28,0.04,2026-07-03
2026-07-05,Mumbai Central,SKU5003,Bath Soap 4-pack,Personal Care,0,140.4,0.0,
2026-07-05,Mumbai Central,SKU5004,Toothpaste 150g,Personal Care,4,75.24,0.04,2026-07-02
2026-07-05,Mumbai Central,SKU5005,Toothbrush Soft,Personal Care,13,26.0,0.36,2026-07-05
2026-07-05,Mumbai Central,SKU5006,Face Wash 100ml,Personal Care,29,117.25,0.61,2026-07-05
2026-07-05,Mumbai Central,SKU5007,Body Lotion 400ml,Personal Care,4,206.31,0.0,
2026-07-05,Mumbai Central,SKU5008,Coconut Hair Oil 500ml,Personal Care,1,145.53,0.04,2026-07-03
2026-07-05,Mumbai Central,SKU5009,Hand Wash Refill 750ml,Personal Care,4,81.65,0.11,2026-07-03
2026-07-05,Mumbai Central,SKU5010,Deodorant 150ml,Personal Care,2,148.5,0.0,
2026-07-05,Mumbai Central,SKU5011,Talcum Powder 300g,Personal Care,6,118.4,0.11,2026-07-05
2026-07-05,Mumbai Central,SKU5012,Shaving Foam 200g,Personal Care,6,133.0,0.07,2026-07-02
2026-07-05,Mumbai Central,SKU5013,Sanitary Pads 20s,Personal Care,14,142.2,0.54,2026-07-05
2026-07-05,Mumbai Central,SKU5014,Lip Balm 4.5g,Personal Care,5,57.0,0.0,
2026-07-05,Mumbai Central,SKU5015,Sunscreen SPF50 50ml,Personal Care,19,223.36,0.64,2026-07-04
2026-07-05,Mumbai Central,SKU5016,Cotton Buds 100s,Personal Care,8,34.1,0.21,2026-07-04
2026-07-05,Mumbai Central,SKU6001,Detergent Powder 4kg,Household,2,414.17,0.0,
2026-07-05,Mumbai Central,SKU6002,Liquid Detergent 2L,Household,2,306.99,0.07,2026-07-04
2026-07-05,Mumbai Central,SKU6003,Dishwash Bar 3-pack,Household,14,47.4,0.43,2026-07-05
2026-07-05,Mumbai Central,SKU6004,Dishwash Gel 750ml,Household,4,110.2,0.07,2026-07-04
2026-07-05,Mumbai Central,SKU6005,Floor Cleaner 1L,Household,6,134.25,0.18,2026-07-05
2026-07-05,Mumbai Central,SKU6006,Toilet Cleaner 1L,Household,4,117.8,0.0,
2026-07-05,Mumbai Central,SKU6007,Glass Cleaner 500ml,Household,7,79.2,0.43,2026-07-05
2026-07-05,Mumbai Central,SKU6008,Garbage Bags 30s,Household,1,81.6,0.0,
2026-07-05,Mumbai Central,SKU6009,Kitchen Towels 2-roll,Household,32,109.5,0.82,2026-07-05
2026-07-05,Mumbai Central,SKU6010,Toilet Rolls 6-pack,Household,8,169.4,0.5,2026-07-05
2026-07-05,Mumbai Central,SKU6011,Aluminium Foil 9m,Household,2,73.26,0.07,2026-07-04
2026-07-05,Mumbai Central,SKU6012,Scrub Pads 3-pack,Household,0,33.0,0.0,
2026-07-05,Mumbai Central,SKU6013,Mosquito Repellent Refill,Household,3,60.35,0.0,
2026-07-05,Mumbai Central,SKU6014,Air Freshener 240ml,Household,5,133.33,0.14,2026-07-03
2026-07-05,Mumbai Central,SKU6015,Phenyl 1L,Household,2,63.0,0.11,2026-07-03
2026-07-05,Mumbai Central,SKU6016,LED Bulb 9W,Household,12,71.5,0.36,2026-07-05
2026-07-05,Navi Mumbai,SKU1001,Basmati Rice 5kg,Grocery,5,558.14,0.11,2026-07-01
2026-07-05,Navi Mumbai,SKU1002,Sona Masoori Rice 10kg,Grocery,9,703.12,0.14,2026-07-02
2026-07-05,Navi Mumbai,SKU1003,Whole Wheat Atta 10kg,Grocery,1,435.21,0.07,2026-07-04
2026-07-05,Navi Mumbai,SKU1004,Toor Dal 1kg,Grocery,4,147.03,0.11,2026-07-04
2026-07-05,Navi Mumbai,SKU1005,Moong Dal 1kg,Grocery,3,129.63,0.11,2026-07-05
2026-07-05,Navi Mumbai,SKU1006,Chana Dal 1kg,Grocery,4,93.74,0.0,
2026-07-05,Navi Mumbai,SKU1007,Sugar 1kg,Grocery,0,45.12,0.0,
2026-07-05,Navi Mumbai,SKU1008,Iodised Salt 1kg,Grocery,8,22.96,0.11,2026-07-03
2026-07-05,Navi Mumbai,SKU1009,Sunflower Oil 1L,Grocery,5,144.69,0.0,
2026-07-05,Navi Mumbai,SKU1010,Mustard Oil 1L,Grocery,0,170.1,0.0,
2026-07-05,Navi Mumbai,SKU1011,Poha 500g,Grocery,0,36.0,0.93,2026-07-05
2026-07-05,Navi Mumbai,SKU1012,Rava 1kg,Grocery,4,50.22,0.21,2026-07-05
2026-07-05,Navi Mumbai,SKU1013,Turmeric Powder 200g,Grocery,8,41.76,0.21,2026-07-04
2026-07-05,Navi Mumbai,SKU1014,Red Chilli Powder 200g,Grocery,3,52.56,0.0,
2026-07-05,Navi Mumbai,SKU1015,Garam Masala 100g,Grocery,1,57.8,0.0,
2026-07-05,Navi Mumbai,SKU1016,Groundnuts 500g,Grocery,7,78.85,0.11,2026-07-04
2026-07-05,Navi Mumbai,SKU1017,Kabuli Chana 1kg,Grocery,6,118.15,0.11,2026-07-05
2026-07-05,Navi Mumbai,SKU1018,Rajma 1kg,Grocery,9,140.25,0.18,2026-07-05
2026-07-05,Navi Mumbai,SKU1019,Jaggery 1kg,Grocery,22,66.36,0.75,2026-07-05
2026-07-05,Navi Mumbai,SKU1020,Vermicelli 400g,Grocery,5,32.76,0.0,
2026-07-05,Navi Mumbai,SKU2001,Instant Noodles 4-pack,FMCG,3,47.04,0.11,2026-07-02
2026-07-05,Navi Mumbai,SKU2002,Tomato Ketchup 1kg,FMCG,1,109.81,0.0,
2026-07-05,Navi Mumbai,SKU2003,Corn Flakes 875g,FMCG,7,286.18,0.25,2026-07-05
2026-07-05,Navi Mumbai,SKU2004,Oats 1kg,FMCG,3,161.19,0.0,
2026-07-05,Navi Mumbai,SKU2005,Peanut Butter 340g,FMCG,10,137.83,0.36,2026-07-05
2026-07-05,Navi Mumbai,SKU2006,Mixed Fruit Jam 500g,FMCG,0,116.22,0.0,
2026-07-05,Navi Mumbai,SKU2007,Glucose Biscuits 800g,FMCG,3,77.4,0.07,2026-07-01
2026-07-05,Navi Mumbai,SKU2008,Cream Biscuits 300g,FMCG,3,49.8,0.0,
2026-07-05,Navi Mumbai,SKU2009,Potato Chips 150g,FMCG,3,38.0,0.04,2026-07-04
2026-07-05,Navi Mumbai,SKU2010,Namkeen Mix 400g,FMCG,6,74.25,0.04,2026-07-04
2026-07-05,Navi Mumbai,SKU2011,Dark Chocolate 100g,FMCG,3,84.0,0.04,2026-07-05
2026-07-05,Navi Mumbai,SKU2012,Instant Coffee 100g,FMCG,44,239.2,1.54,2026-07-05
2026-07-05,Navi Mumbai,SKU2013,Tea Leaves 500g,FMCG,3,217.3,0.0,
2026-07-05,Navi Mumbai,SKU2014,Pasta Penne 500g,FMCG,5,85.1,0.0,
2026-07-05,Navi Mumbai,SKU2015,Soya Chunks 200g,FMCG,13,33.88,0.5,2026-07-05
2026-07-05,Navi Mumbai,SKU2016,Honey 500g,FMCG,4,189.24,0.07,2026-07-04
2026-07-05,Navi Mumbai,SKU2017,Pickle Mango 400g,FMCG,6,91.59,0.07,2026-07-05
2026-07-05,Navi Mumbai,SKU2018,Baking Soda 100g,FMCG,6,17.5,0.11,2026-07-04
2026-07-05,Navi Mumbai,SKU2019,Custard Powder 100g,FMCG,7,34.56,0.11,2026-07-01
2026-07-05,Navi Mumbai,SKU2020,Muesli 500g,FMCG,6,256.62,0.07,2026-07-03
2026-07-05,Navi Mumbai,SKU3001,Sandwich Bread 400g,Bakery,1,35.1,0.0,
2026-07-05,Navi Mumbai,SKU3002,Brown Bread 400g,Bakery,4,41.8,0.0,
2026-07-05,Navi Mumbai,SKU3003,Multigrain Bread 400g,Bakery,4,48.1,0.0,
2026-07-05,Navi Mumbai,SKU3004,Pav 6-pack,Bakery,2,22.5,0.11,2026-07-05
2026-07-05,Navi Mumbai,SKU3005,Butter Croissant,Bakery,31,34.1,0.57,2026-07-05
2026-07-05,Navi Mumbai,SKU3006,Chocolate Muffin,Bakery,8,36.0,0.07,2026-07-05
2026-07-05,Navi Mumbai,SKU3007,Plum Cake 300g,Bakery,59,118.8,2.5,2026-07-05
2026-07-05,Navi Mumbai,SKU3008,Garlic Bread,Bakery,6,60.8,0.18,2026-07-05
2026-07-05,Navi Mumbai,SKU3009,Rusk 300g,Bakery,0,51.1,0.0,
2026-07-05,Navi Mumbai,SKU3010,Fruit Bun,Bakery,4,16.75,0.11,2026-07-01
2026-07-05,Navi Mumbai,SKU3011,Cheese Danish,Bakery,20,51.85,1.46,2026-07-05
2026-07-05,Navi Mumbai,SKU3012,Burger Buns 4-pack,Bakery,2,36.0,0.0,
2026-07-05,Navi Mumbai,SKU3013,Whole Wheat Cookies 250g,Bakery,3,71.5,0.07,2026-07-05
2026-07-05,Navi Mumbai,SKU3014,Banana Walnut Loaf,Bakery,26,138.6,0.79,2026-07-05
2026-07-05,Navi Mumbai,SKU3015,Cinnamon Roll,Bakery,3,44.25,0.0,
2026-07-05,Navi Mumbai,SKU3016,Pizza Base 2-pack,Bakery,4,42.0,0.04,2026-07-02
2026-07-05,Navi Mumbai,SKU4001,Mineral Water 1L,Beverages,5,15.0,0.0,
2026-07-05,Navi Mumbai,SKU4002,Orange Juice 1L,Beverages,3,98.75,0.07,2026-07-04
2026-07-05,Navi Mumbai,SKU4003,Mango Drink 1.2L,Beverages,8,70.2,0.18,2026-07-02
2026-07-05,Navi Mumbai,SKU4004,Cola 2L,Beverages,2,77.9,0.0,
2026-07-05,Navi Mumbai,SKU4005,Lemon Soda 750ml,Beverages,12,30.8,0.25,2026-07-03
2026-07-05,Navi Mumbai,SKU4006,Coconut Water 200ml,Beverages,8,36.0,0.07,2026-07-03
2026-07-05,Navi Mumbai,SKU4007,Energy Drink 250ml,Beverages,2,85.1,0.04,2026-07-04
2026-07-05,Navi Mumbai,SKU4008,Cold Coffee 200ml,Beverages,11,38.0,0.5,2026-07-04
2026-07-05,Navi Mumbai,SKU4009,Buttermilk 500ml,Beverages,5,24.3,0.07,2026-07-02
2026-07-05,Navi Mumbai,SKU4010,Flavoured Milk 200ml,Beverages,4,28.7,0.0,
2026-07-05,Navi Mumbai,SKU4011,Green Tea 25 bags,Beverages,8,113.6,0.21,2026-07-05
2026-07-05,Navi Mumbai,SKU4012,Apple Juice 1L,Beverages,8,106.65,0.25,2026-07-04
2026-07-05,Navi Mumbai,SKU4013,Soda Water 750ml,Beverages,8,18.25,0.14,2026-07-04
2026-07-05,Navi Mumbai,SKU4014,Iced Tea 500ml,Beverages,10,45.0,0.14,2026-07-04
2026-07-05,Navi Mumbai,SKU5001,Herbal Shampoo 340ml,Personal Care,7,178.85,0.07,2026-07-02
2026-07-05,Navi Mumbai,SKU5002,Anti-dandruff Shampoo 180ml,Personal Care,6,143.28,0.07,2026-07-03
2026-07-05,Navi Mumbai,SKU5003,Bath Soap 4-pack,Personal Care,10,140.4,0.18,2026-07-05
2026-07-05,Navi Mumbai,SKU5004,Toothpaste 150g,Personal Care,4,75.24,0.0,
2026-07-05,Navi Mumbai,SKU5005,Toothbrush Soft,Personal Care,3,26.0,0.04,2026-07-02
2026-07-05,Navi Mumbai,SKU5006,Face Wash 100ml,Personal Care,3,117.25,0.14,2026-07-04
2026-07-05,Navi Mumbai,SKU5007,Body Lotion 400ml,Personal Care,5,206.31,0.07,2026-07-02
2026-07-05,Navi Mumbai,SKU5008,Coconut Hair Oil 500ml,Personal Care,3,145.53,0.0,
2026-07-05,Navi Mumbai,SKU5009,Hand Wash Refill 750ml,Personal Care,7,81.65,0.04,2026-07-05
2026-07-05,Navi Mumbai,SKU5010,Deodorant 150ml,Personal Care,4,148.5,0.04,2026-07-01
2026-07-05,Navi Mumbai,SKU5011,Talcum Powder 300g,Personal Care,2,118.4,0.07,2026-07-02
2026-07-05,Navi Mumbai,SKU5012,Shaving Foam 200g,Personal Care,6,133.0,0.04,2026-07-02
2026-07-05,Navi Mumbai,SKU5013,Sanitary Pads 20s,Personal Care,11,142.2,0.46,2026-07-05
2026-07-05,Navi Mumbai,SKU5014,Lip Balm 4.5g,Personal Care,9,57.0,0.11,2026-07-05
2026-07-05,Navi Mumbai,SKU5015,Sunscreen SPF50 50ml,Personal Care,4,223.36,0.11,2026-07-02
2026-07-05,Navi Mumbai,SKU5016,Cotton Buds 100s,Personal Care,3,34.1,0.0,
2026-07-05,Navi Mumbai,SKU6001,Detergent Powder 4kg,Household,7,414.17,0.21,2026-07-04
2026-07-05,Navi Mumbai,SKU6002,Liquid Detergent 2L,Household,23,306.99,0.68,2026-07-05
2026-07-05,Navi Mumbai,SKU6003,Dishwash Bar 3-pack,Household,11,47.4,0.36,2026-07-05
2026-07-05,Navi Mumbai,SKU6004,Dishwash Gel 750ml,Household,6,110.2,0.04,2026-07-03
2026-07-05,Navi Mumbai,SKU6005,Floor Cleaner 1L,Household,1,134.25,0.0,
2026-07-05,Navi Mumbai,SKU6006,Toilet Cleaner 1L,Household,2,117.8,0.0,
2026-07-05,Navi Mumbai,SKU6007,Glass Cleaner 500ml,Household,8,79.2,0.21,2026-07-05
2026-07-05,Navi Mumbai,SKU6008,Garbage Bags 30s,Household,3,81.6,0.07,2026-07-05
2026-07-05,Navi Mumbai,SKU6009,Kitchen Towels 2-roll,Household,5,109.5,0.29,2026-07-04
2026-07-05,Navi Mumbai,SKU6010,Toilet Rolls 6-pack,Household,3,169.4,0.07,2026-07-05
2026-07-05,Navi Mumbai,SKU6011,Aluminium Foil 9m,Household,4,73.26,0.04,2026-07-04
2026-07-05,Navi Mumbai,SKU6012,Scrub Pads 3-pack,Household,1,33.0,0.0,
2026-07-05,Navi Mumbai,SKU6013,Mosquito Repellent Refill,Household,1,60.35,0.0,
2026-07-05,Navi Mumbai,SKU6014,Air Freshener 240ml,Household,1,133.33,0.0,
2026-07-05,Navi Mumbai,SKU6015,Phenyl 1L,Household,3,63.0,0.04,2026-07-04
2026-07-05,Navi Mumbai,SKU6016,LED Bulb 9W,Household,10,71.5,0.57,2026-07-05
2026-07-05,Powai,SKU1001,Basmati Rice 5kg,Grocery,6,558.14,0.04,2026-07-05
2026-07-05,Powai,SKU1002,Sona Masoori Rice 10kg,Grocery,0,703.12,0.21,2026-07-04
2026-07-05,Powai,SKU1003,Whole Wheat Atta 10kg,Grocery,1,435.21,0.0,
2026-07-05,Powai,SKU1004,Toor Dal 1kg,Grocery,3,147.03,0.0,
2026-07-05,Powai,SKU1005,Moong Dal 1kg,Grocery,3,129.63,0.0,
2026-07-05,Powai,SKU1006,Chana Dal 1kg,Grocery,5,93.74,0.04,2026-07-04
2026-07-05,Powai,SKU1007,Sugar 1kg,Grocery,3,45.12,0.0,
2026-07-05,Powai,SKU1008,Iodised Salt 1kg,Grocery,11,22.96,0.29,2026-07-05
2026-07-05,Powai,SKU1009,Sunflower Oil 1L,Grocery,2,144.69,0.0,
2026-07-05,Powai,SKU1010,Mustard Oil 1L,Grocery,4,170.1,0.04,2026-07-04
2026-07-05,Powai,SKU1011,Poha 500g,Grocery,19,36.0,1.11,2026-07-05
2026-07-05,Powai,SKU1012,Rava 1kg,Grocery,11,50.22,0.25,2026-07-04
2026-07-05,Powai,SKU1013,Turmeric Powder 200g,Grocery,3,41.76,0.14,2026-07-04
2026-07-05,Powai,SKU1014,Red Chilli Powder 200g,Grocery,1,52.56,0.0,
2026-07-05,Powai,SKU1015,Garam Masala 100g,Grocery,2,57.8,0.0,
2026-07-05,Powai,SKU1016,Groundnuts 500g,Grocery,12,78.85,0.21,2026-07-04
2026-07-05,Powai,SKU1017,Kabuli Chana 1kg,Grocery,4,118.15,0.04,2026-07-03
2026-07-05,Powai,SKU1018,Rajma 1kg,Grocery,4,140.25,0.0,
2026-07-05,Powai,SKU1019,Jaggery 1kg,Grocery,57,66.36,1.11,2026-07-05
2026-07-05,Powai,SKU1020,Vermicelli 400g,Grocery,5,32.76,0.14,2026-07-04
2026-07-05,Powai,SKU2001,Instant Noodles 4-pack,FMCG,3,47.04,0.0,
2026-07-05,Powai,SKU2002,Tomato Ketchup 1kg,FMCG,5,109.81,0.0,
2026-07-05,Powai,SKU2003,Corn Flakes 875g,FMCG,10,286.18,0.14,2026-07-05
2026-07-05,Powai,SKU2004,Oats 1kg,FMCG,0,161.19,0.0,
2026-07-05,Powai,SKU2005,Peanut Butter 340g,FMCG,20,137.83,0.54,2026-07-05
2026-07-05,Powai,SKU2006,Mixed Fruit Jam 500g,FMCG,2,116.22,0.04,2026-07-01
2026-07-05,Powai,SKU2007,Glucose Biscuits 800g,FMCG,0,77.4,0.0,
2026-07-05,Powai,SKU2008,Cream Biscuits 300g,FMCG,4,49.8,0.0,
2026-07-05,Powai,SKU2009,Potato Chips 150g,FMCG,13,38.0,0.18,2026-07-04
2026-07-05,Powai,SKU2010,Namkeen Mix 400g,FMCG,3,74.25,0.07,2026-07-04
2026-07-05,Powai,SKU2011,Dark Chocolate 100g,FMCG,10,84.0,0.14,2026-07-04
2026-07-05,Powai,SKU2012,Instant Coffee 100g,FMCG,146,239.2,3.57,2026-07-05
2026-07-05,Powai,SKU2013,Tea Leaves 500g,FMCG,5,217.3,0.07,2026-07-04
2026-07-05,Powai,SKU2014,Pasta Penne 500g,FMCG,3,85.1,0.0,
2026-07-05,Powai,SKU2015,Soya Chunks 200g,FMCG,18,33.88,0.5,2026-07-05
2026-07-05,Powai,SKU2016,Honey 500g,FMCG,0,189.24,0.0,
2026-07-05,Powai,SKU2017,Pickle Mango 400g,FMCG,9,91.59,0.07,2026-07-05
2026-07-05,Powai,SKU2018,Baking Soda 100g,FMCG,4,17.5,0.04,2026-07-01
2026-07-05,Powai,SKU2019,Custard Powder 100g,FMCG,2,34.56,0.07,2026-07-05
2026-07-05,Powai,SKU2020,Muesli 500g,FMCG,7,256.62,0.07,2026-07-05
2026-07-05,Powai,SKU3001,Sandwich Bread 400g,Bakery,6,35.1,0.29,2026-07-03
2026-07-05,Powai,SKU3002,Brown Bread 400g,Bakery,2,41.8,0.0,
2026-07-05,Powai,SKU3003,Multigrain Bread 400g,Bakery,2,48.1,0.0,
2026-07-05,Powai,SKU3004,Pav 6-pack,Bakery,9,22.5,0.14,2026-07-05
2026-07-05,Powai,SKU3005,Butter Croissant,Bakery,20,34.1,0.75,2026-07-05
2026-07-05,Powai,SKU3006,Chocolate Muffin,Bakery,5,36.0,0.0,
2026-07-05,Powai,SKU3007,Plum Cake 300g,Bakery,35,118.8,2.57,2026-07-05
2026-07-05,Powai,SKU3008,Garlic Bread,Bakery,7,60.8,0.07,2026-07-01
2026-07-05,Powai,SKU3009,Rusk 300g,Bakery,4,51.1,0.04,2026-07-04
2026-07-05,Powai,SKU3010,Fruit Bun,Bakery,1,16.75,0.0,
2026-07-05,Powai,SKU3011,Cheese Danish,Bakery,19,51.85,1.36,2026-07-05
2026-07-05,Powai,SKU3012,Burger Buns 4-pack,Bakery,5,36.0,0.11,2026-07-02
2026-07-05,Powai,SKU3013,Whole Wheat Cookies 250g,Bakery,5,71.5,0.04,2026-07-05
2026-07-05,Powai,SKU3014,Banana Walnut Loaf,Bakery,5,138.6,0.25,2026-07-05
2026-07-05,Powai,SKU3015,Cinnamon Roll,Bakery,4,44.25,0.21,2026-07-03
2026-07-05,Powai,SKU3016,Pizza Base 2-pack,Bakery,12,42.0,0.29,2026-07-04
2026-07-05,Powai,SKU4001,Mineral Water 1L,Beverages,8,15.0,0.07,2026-07-02
2026-07-05,Powai,SKU4002,Orange Juice 1L,Beverages,6,98.75,0.11,2026-07-05
2026-07-05,Powai,SKU4003,Mango Drink 1.2L,Beverages,10,70.2,0.14,2026-07-05
2026-07-05,Powai,SKU4004,Cola 2L,Beverages,5,77.9,0.07,2026-07-04
2026-07-05,Powai,SKU4005,Lemon Soda 750ml,Beverages,14,30.8,0.18,2026-07-05
2026-07-05,Powai,SKU4006,Coconut Water 200ml,Beverages,5,36.0,0.11,2026-07-05
2026-07-05,Powai,SKU4007,Energy Drink 250ml,Beverages,8,85.1,0.18,2026-07-05
2026-07-05,Powai,SKU4008,Cold Coffee 200ml,Beverages,13,38.0,0.21,2026-07-04
2026-07-05,Powai,SKU4009,Buttermilk 500ml,Beverages,7,24.3,0.18,2026-07-05
2026-07-05,Powai,SKU4010,Flavoured Milk 200ml,Beverages,5,28.7,0.07,2026-07-04
2026-07-05,Powai,SKU4011,Green Tea 25 bags,Beverages,3,113.6,0.11,2026-07-05
2026-07-05,Powai,SKU4012,Apple Juice 1L,Beverages,3,106.65,0.07,2026-07-02
2026-07-05,Powai,SKU4013,Soda Water 750ml,Beverages,9,18.25,0.14,2026-07-05
2026-07-05,Powai,SKU4014,Iced Tea 500ml,Beverages,8,45.0,0.14,2026-07-05
2026-07-05,Powai,SKU5001,Herbal Shampoo 340ml,Personal Care,5,178.85,0.11,2026-07-05
2026-07-05,Powai,SKU5002,Anti-dandruff Shampoo 180ml,Personal Care,5,143.28,0.21,2026-07-04
2026-07-05,Powai,SKU5003,Bath Soap 4-pack,Personal Care,6,140.4,0.04,2026-07-04
2026-07-05,Powai,SKU5004,Toothpaste 150g,Personal Care,3,75.24,0.18,2026-07-03
2026-07-05,Powai,SKU5005,Toothbrush Soft,Personal Care,8,26.0,0.14,2026-07-05
2026-07-05,Powai,SKU5006,Face Wash 100ml,Personal Care,7,117.25,0.04,2026-07-01
2026-07-05,Powai,SKU5007,Body Lotion 400ml,Personal Care,0,206.31,0.11,2026-07-05
2026-07-05,Powai,SKU5008,Coconut Hair Oil 500ml,Personal Care,5,145.53,0.0,
2026-07-05,Powai,SKU5009,Hand Wash Refill 750ml,Personal Care,20,81.65,0.14,2026-07-04
2026-07-05,Powai,SKU5010,Deodorant 150ml,Personal Care,0,148.5,0.0,
2026-07-05,Powai,SKU5011,Talcum Powder 300g,Personal Care,12,118.4,0.14,2026-07-03
2026-07-05,Powai,SKU5012,Shaving Foam 200g,Personal Care,1,133.0,0.04,2026-07-04
2026-07-05,Powai,SKU5013,Sanitary Pads 20s,Personal Care,13,142.2,0.46,2026-07-05
2026-07-05,Powai,SKU5014,Lip Balm 4.5g,Personal Care,15,57.0,0.25,2026-07-02
2026-07-05,Powai,SKU5015,Sunscreen SPF50 50ml,Personal Care,20,223.36,0.61,2026-07-05
2026-07-05,Powai,SKU5016,Cotton Buds 100s,Personal Care,6,34.1,0.14,2026-07-03
2026-07-05,Powai,SKU6001,Detergent Powder 4kg,Household,9,414.17,0.11,2026-07-04
2026-07-05,Powai,SKU6002,Liquid Detergent 2L,Household,6,306.99,0.25,2026-07-04
2026-07-05,Powai,SKU6003,Dishwash Bar 3-pack,Household,4,47.4,0.25,2026-07-05
2026-07-05,Powai,SKU6004,Dishwash Gel 750ml,Household,8,110.2,0.07,2026-07-02
2026-07-05,Powai,SKU6005,Floor Cleaner 1L,Household,3,134.25,0.11,2026-07-04
2026-07-05,Powai,SKU6006,Toilet Cleaner 1L,Household,7,117.8,0.25,2026-07-05
2026-07-05,Powai,SKU6007,Glass Cleaner 500ml,Household,6,79.2,0.14,2026-07-05
2026-07-05,Powai,SKU6008,Garbage Bags 30s,Household,6,81.6,0.21,2026-07-05
2026-07-05,Powai,SKU6009,Kitchen Towels 2-roll,Household,13,109.5,0.32,2026-07-05
2026-07-05,Powai,SKU6010,Toilet Rolls 6-pack,Household,4,169.4,0.07,2026-07-04
2026-07-05,Powai,SKU6011,Aluminium Foil 9m,Household,4,73.26,0.0,
2026-07-05,Powai,SKU6012,Scrub Pads 3-pack,Household,5,33.0,0.0,
2026-07-05,Powai,SKU6013,Mosquito Repellent Refill,Household,7,60.35,0.07,2026-07-02
2026-07-05,Powai,SKU6014,Air Freshener 240ml,Household,5,133.33,0.0,
2026-07-05,Powai,SKU6015,Phenyl 1L,Household,0,63.0,0.0,
2026-07-05,Powai,SKU6016,LED Bulb 9W,Household,5,71.5,0.14,2026-07-03
2026-07-05,Thane,SKU1001,Basmati Rice 5kg,Grocery,3,558.14,0.11,2026-07-05
2026-07-05,Thane,SKU1002,Sona Masoori Rice 10kg,Grocery,3,703.12,0.0,
2026-07-05,Thane,SKU1003,Whole Wheat Atta 10kg,Grocery,7,435.21,0.07,2026-07-02
2026-07-05,Thane,SKU1004,Toor Dal 1kg,Grocery,4,147.03,0.32,2026-07-05
2026-07-05,Thane,SKU1005,Moong Dal 1kg,Grocery,11,129.63,0.43,2026-07-05
2026-07-05,Thane,SKU1006,Chana Dal 1kg,Grocery,1,93.74,0.0,
2026-07-05,Thane,SKU1007,Sugar 1kg,Grocery,5,45.12,0.07,2026-07-05
2026-07-05,Thane,SKU1008,Iodised Salt 1kg,Grocery,7,22.96,0.29,2026-07-05
2026-07-05,Thane,SKU1009,Sunflower Oil 1L,Grocery,5,144.69,0.11,2026-07-03
2026-07-05,Thane,SKU1010,Mustard Oil 1L,Grocery,3,170.1,0.0,
2026-07-05,Thane,SKU1011,Poha 500g,Grocery,15,36.0,1.18,2026-07-05
2026-07-05,Thane,SKU1012,Rava 1kg,Grocery,5,50.22,0.07,2026-07-05
2026-07-05,Thane,SKU1013,Turmeric Powder 200g,Grocery,8,41.76,0.29,2026-07-04
2026-07-05,Thane,SKU1014,Red Chilli Powder 200g,Grocery,1,52.56,0.0,
2026-07-05,Thane,SKU1015,Garam Masala 100g,Grocery,3,57.8,0.07,2026-07-03
2026-07-05,Thane,SKU1016,Groundnuts 500g,Grocery,2,78.85,0.0,
2026-07-05,Thane,SKU1017,Kabuli Chana 1kg,Grocery,7,118.15,0.07,2026-07-05
2026-07-05,Thane,SKU1018,Rajma 1kg,Grocery,2,140.25,0.04,2026-07-02
2026-07-05,Thane,SKU1019,Jaggery 1kg,Grocery,31,66.36,0.68,2026-07-05
2026-07-05,Thane,SKU1020,Vermicelli 400g,Grocery,4,32.76,0.0,
2026-07-05,Thane,SKU2001,Instant Noodles 4-pack,FMCG,5,47.04,0.04,2026-07-05
2026-07-05,Thane,SKU2002,Tomato Ketchup 1kg,FMCG,2,109.81,0.0,
2026-07-05,Thane,SKU2003,Corn Flakes 875g,FMCG,3,286.18,0.11,2026-07-02
2026-07-05,Thane,SKU2004,Oats 1kg,FMCG,3,161.19,0.04,2026-07-05
2026-07-05,Thane,SKU2005,Peanut Butter 340g,FMCG,31,137.83,0.57,2026-07-05
2026-07-05,Thane,SKU2006,Mixed Fruit Jam 500g,FMCG,9,116.22,0.14,2026-07-04
2026-07-05,Thane,SKU2007,Glucose Biscuits 800g,FMCG,4,77.4,0.07,2026-07-05
2026-07-05,Thane,SKU2008,Cream Biscuits 300g,FMCG,0,49.8,0.0,
2026-07-05,Thane,SKU2009,Potato Chips 150g,FMCG,5,38.0,0.0,
2026-07-05,Thane,SKU2010,Namkeen Mix 400g,FMCG,7,74.25,0.07,2026-07-03
2026-07-05,Thane,SKU2011,Dark Chocolate 100g,FMCG,9,84.0,0.29,2026-07-05
2026-07-05,Thane,SKU2012,Instant Coffee 100g,FMCG,68,239.2,3.36,2026-07-05
2026-07-05,Thane,SKU2013,Tea Leaves 500g,FMCG,4,217.3,0.0,
2026-07-05,Thane,SKU2014,Pasta Penne 500g,FMCG,5,85.1,0.0,
2026-07-05,Thane,SKU2015,Soya Chunks 200g,FMCG,3,33.88,0.14,2026-07-05
2026-07-05,Thane,SKU2016,Honey 500g,FMCG,3,189.24,0.11,2026-07-05
2026-07-05,Thane,SKU2017,Pickle Mango 400g,FMCG,6,91.59,0.07,2026-07-03
2026-07-05,Thane,SKU2018,Baking Soda 100g,FMCG,5,17.5,0.21,2026-07-05
2026-07-05,Thane,SKU2019,Custard Powder 100g,FMCG,5,34.56,0.21,2026-07-05
2026-07-05,Thane,SKU2020,Muesli 500g,FMCG,6,256.62,0.11,2026-07-01
2026-07-05,Thane,SKU3001,Sandwich Bread 400g,Bakery,9,35.1,0.14,2026-07-04
2026-07-05,Thane,SKU3002,Brown Bread 400g,Bakery,4,41.8,0.0,
2026-07-05,Thane,SKU3003,Multigrain Bread 400g,Bakery,0,48.1,0.0,
2026-07-05,Thane,SKU3004,Pav 6-pack,Bakery,8,22.5,0.07,2026-07-05
2026-07-05,Thane,SKU3005,Butter Croissant,Bakery,21,34.1,1.0,2026-07-05
2026-07-05,Thane,SKU3006,Chocolate Muffin,Bakery,5,36.0,0.0,
2026-07-05,Thane,SKU3007,Plum Cake 300g,Bakery,85,118.8,3.61,2026-07-05
2026-07-05,Thane,SKU3008,Garlic Bread,Bakery,1,60.8,0.0,
2026-07-05,Thane,SKU3009,Rusk 300g,Bakery,5,51.1,0.0,
2026-07-05,Thane,SKU3010,Fruit Bun,Bakery,6,16.75,0.04,2026-07-04
2026-07-05,Thane,SKU3011,Cheese Danish,Bakery,18,51.85,1.0,2026-07-05
2026-07-05,Thane,SKU3012,Burger Buns 4-pack,Bakery,8,36.0,0.11,2026-07-02
2026-07-05,Thane,SKU3013,Whole Wheat Cookies 250g,Bakery,2,71.5,0.11,2026-07-04
2026-07-05,Thane,SKU3014,Banana Walnut Loaf,Bakery,0,138.6,0.61,2026-07-05
2026-07-05,Thane,SKU3015,Cinnamon Roll,Bakery,5,44.25,0.0,
2026-07-05,Thane,SKU3016,Pizza Base 2-pack,Bakery,3,42.0,0.0,
2026-07-05,Thane,SKU4001,Mineral Water 1L,Beverages,1,15.0,0.0,
2026-07-05,Thane,SKU4002,Orange Juice 1L,Beverages,0,98.75,0.07,2026-07-05
2026-07-05,Thane,SKU4003,Mango Drink 1.2L,Beverages,6,70.2,0.07,2026-07-03
2026-07-05,Thane,SKU4004,Cola 2L,Beverages,6,77.9,0.25,2026-07-05
2026-07-05,Thane,SKU4005,Lemon Soda 750ml,Beverages,6,30.8,0.21,2026-07-05
2026-07-05,Thane,SKU4006,Coconut Water 200ml,Beverages,2,36.0,0.0,
2026-07-05,Thane,SKU4007,Energy Drink 250ml,Beverages,8,85.1,0.07,2026-07-04
2026-07-05,Thane,SKU4008,Cold Coffee 200ml,Beverages,5,38.0,0.11,2026-07-05
2026-07-05,Thane,SKU4009,Buttermilk 500ml,Beverages,8,24.3,0.11,2026-07-04
2026-07-05,Thane,SKU4010,Flavoured Milk 200ml,Beverages,10,28.7,0.21,2026-07-05
2026-07-05,Thane,SKU4011,Green Tea 25 bags,Beverages,17,113.6,0.43,2026-07-05
2026-07-05,Thane,SKU4012,Apple Juice 1L,Beverages,4,106.65,0.0,
2026-07-05,Thane,SKU4013,Soda Water 750ml,Beverages,6,18.25,0.11,2026-07-05
2026-07-05,Thane,SKU4014,Iced Tea 500ml,Beverages,6,45.0,0.07,2026-07-03
2026-07-05,Thane,SKU5001,Herbal Shampoo 340ml,Personal Care,10,178.85,0.25,2026-07-04
2026-07-05,Thane,SKU5002,Anti-dandruff Shampoo 180ml,Personal Care,8,143.28,0.14,2026-07-05
2026-07-05,Thane,SKU5003,Bath Soap 4-pack,Personal Care,1,140.4,0.0,
2026-07-05,Thane,SKU5004,Toothpaste 150g,Personal Care,4,75.24,0.04,2026-07-03
2026-07-05,Thane,SKU5005,Toothbrush Soft,Personal Care,6,26.0,0.04,2026-07-03
2026-07-05,Thane,SKU5006,Face Wash 100ml,Personal Care,9,117.25,0.11,2026-07-05
2026-07-05,Thane,SKU5007,Body Lotion 400ml,Personal Care,13,206.31,0.21,2026-07-05
2026-07-05,Thane,SKU5008,Coconut Hair Oil 500ml,Personal Care,8,145.53,0.07,2026-07-03
2026-07-05,Thane,SKU5009,Hand Wash Refill 750ml,Personal Care,0,81.65,0.0,
2026-07-05,Thane,SKU5010,Deodorant 150ml,Personal Care,3,148.5,0.0,
2026-07-05,Thane,SKU5011,Talcum Powder 300g,Personal Care,2,118.4,0.0,
2026-07-05,Thane,SKU5012,Shaving Foam 200g,Personal Care,2,133.0,0.07,2026-07-05
2026-07-05,Thane,SKU5013,Sanitary Pads 20s,Personal Care,15,142.2,0.71,2026-07-05
2026-07-05,Thane,SKU5014,Lip Balm 4.5g,Personal Care,8,57.0,0.04,2026-07-05
2026-07-05,Thane,SKU5015,Sunscreen SPF50 50ml,Personal Care,16,223.36,0.29,2026-07-05
2026-07-05,Thane,SKU5016,Cotton Buds 100s,Personal Care,2,34.1,0.07,2026-07-03
2026-07-05,Thane,SKU6001,Detergent Powder 4kg,Household,3,414.17,0.0,
2026-07-05,Thane,SKU6002,Liquid Detergent 2L,Household,11,306.99,0.25,2026-07-05
2026-07-05,Thane,SKU6003,Dishwash Bar 3-pack,Household,8,47.4,0.36,2026-07-04
2026-07-05,Thane,SKU6004,Dishwash Gel 750ml,Household,3,110.2,0.04,2026-07-03
2026-07-05,Thane,SKU6005,Floor Cleaner 1L,Household,6,134.25,0.04,2026-07-04
2026-07-05,Thane,SKU6006,Toilet Cleaner 1L,Household,2,117.8,0.0,
2026-07-05,Thane,SKU6007,Glass Cleaner 500ml,Household,19,79.2,0.39,2026-07-05
2026-07-05,Thane,SKU6008,Garbage Bags 30s,Household,4,81.6,0.14,2026-07-03
2026-07-05,Thane,SKU6009,Kitchen Towels 2-roll,Household,11,109.5,0.36,2026-07-05
2026-07-05,Thane,SKU6010,Toilet Rolls 6-pack,Household,14,169.4,0.36,2026-07-05
2026-07-05,Thane,SKU6011,Aluminium Foil 9m,Household,4,73.26,0.07,2026-07-02
2026-07-05,Thane,SKU6012,Scrub Pads 3-pack,Household,2,33.0,0.0,
2026-07-05,Thane,SKU6013,Mosquito Repellent Refill,Household,3,60.35,0.07,2026-07-03
2026-07-05,Thane,SKU6014,Air Freshener 240ml,Household,2,133.33,0.04,2026-07-05
2026-07-05,Thane,SKU6015,Phenyl 1L,Household,4,63.0,0.07,2026-07-01
2026-07-05,Thane,SKU6016,LED Bulb 9W,Household,6,71.5,0.14,2026-07-04
2026-07-12,Andheri,SKU1001,Basmati Rice 5kg,Grocery,7,558.14,0.39,2026-07-12
2026-07-12,Andheri,SKU1002,Sona Masoori Rice 10kg,Grocery,18,703.12,0.36,2026-07-12
2026-07-12,Andheri,SKU1003,Whole Wheat Atta 10kg,Grocery,5,435.21,0.07,2026-07-10
2026-07-12,Andheri,SKU1004,Toor Dal 1kg,Grocery,24,147.03,0.54,2026-07-11
2026-07-12,Andheri,SKU1005,Moong Dal 1kg,Grocery,13,129.63,0.71,2026-07-12
2026-07-12,Andheri,SKU1006,Chana Dal 1kg,Grocery,11,93.74,0.43,2026-07-12
2026-07-12,Andheri,SKU1007,Sugar 1kg,Grocery,12,45.12,0.32,2026-07-10
2026-07-12,Andheri,SKU1008,Iodised Salt 1kg,Grocery,9,22.96,0.21,2026-07-09
2026-07-12,Andheri,SKU1009,Sunflower Oil 1L,Grocery,3,144.69,0.11,2026-07-06
2026-07-12,Andheri,SKU1010,Mustard Oil 1L,Grocery,10,170.1,0.32,2026-07-10
2026-07-12,Andheri,SKU1011,Poha 500g,Grocery,136,36.0,3.89,2026-07-12
2026-07-12,Andheri,SKU1012,Rava 1kg,Grocery,117,50.22,0.68,2026-07-11
2026-07-12,Andheri,SKU1013,Turmeric Powder 200g,Grocery,15,41.76,0.46,2026-07-11
2026-07-12,Andheri,SKU1014,Red Chilli Powder 200g,Grocery,6,52.56,0.14,2026-07-12
2026-07-12,Andheri,SKU1015,Garam Masala 100g,Grocery,5,57.8,0.14,2026-07-12
2026-07-12,Andheri,SKU1016,Groundnuts 500g,Grocery,8,78.85,0.14,2026-07-10
2026-07-12,Andheri,SKU1017,Kabuli Chana 1kg,Grocery,9,118.15,0.21,2026-07-12
2026-07-12,Andheri,SKU1018,Rajma 1kg,Grocery,8,140.25,0.11,2026-07-11
2026-07-12,Andheri,SKU1019,Jaggery 1kg,Grocery,39,66.36,1.82,2026-07-12
2026-07-12,Andheri,SKU1020,Vermicelli 400g,Grocery,7,32.76,0.14,2026-07-09
2026-07-12,Andheri,SKU2001,Instant Noodles 4-pack,FMCG,5,47.04,0.04,2026-07-06
2026-07-12,Andheri,SKU2002,Tomato Ketchup 1kg,FMCG,5,109.81,0.0,
2026-07-12,Andheri,SKU2003,Corn Flakes 875g,FMCG,26,286.18,0.61,2026-07-12
2026-07-12,Andheri,SKU2004,Oats 1kg,FMCG,6,161.19,0.07,2026-07-12
2026-07-12,Andheri,SKU2005,Peanut Butter 340g,FMCG,28,137.83,0.89,2026-07-12
2026-07-12,Andheri,SKU2006,Mixed Fruit Jam 500g,FMCG,8,116.22,0.21,2026-07-07
2026-07-12,Andheri,SKU2007,Glucose Biscuits 800g,FMCG,17,77.4,0.46,2026-07-12
2026-07-12,Andheri,SKU2008,Cream Biscuits 300g,FMCG,2,49.8,0.0,
2026-07-12,Andheri,SKU2009,Potato Chips 150g,FMCG,5,38.0,0.14,2026-07-10
2026-07-12,Andheri,SKU2010,Namkeen Mix 400g,FMCG,7,74.25,0.11,2026-07-08
2026-07-12,Andheri,SKU2011,Dark Chocolate 100g,FMCG,11,84.0,0.39,2026-07-12
2026-07-12,Andheri,SKU2012,Instant Coffee 100g,FMCG,188,239.2,9.25,2026-07-12
2026-07-12,Andheri,SKU2013,Tea Leaves 500g,FMCG,9,217.3,0.29,2026-07-12
2026-07-12,Andheri,SKU2014,Pasta Penne 500g,FMCG,2,85.1,0.0,
2026-07-12,Andheri,SKU2015,Soya Chunks 200g,FMCG,27,33.88,0.89,2026-07-12
2026-07-12,Andheri,SKU2016,Honey 500g,FMCG,9,189.24,0.21,2026-07-11
2026-07-12,Andheri,SKU2017,Pickle Mango 400g,FMCG,3,91.59,0.07,2026-07-12
2026-07-12,Andheri,SKU2018,Baking Soda 100g,FMCG,3,17.5,0.11,2026-07-10
2026-07-12,Andheri,SKU2019,Custard Powder 100g,FMCG,27,34.56,0.75,2026-07-12
2026-07-12,Andheri,SKU2020,Muesli 500g,FMCG,8,256.62,0.25,2026-07-12
2026-07-12,Andheri,SKU3001,Sandwich Bread 400g,Bakery,1,35.1,0.0,
2026-07-12,Andheri,SKU3002,Brown Bread 400g,Bakery,5,41.8,0.0,
2026-07-12,Andheri,SKU3003,Multigrain Bread 400g,Bakery,7,48.1,0.14,2026-07-03
2026-07-12,Andheri,SKU3004,Pav 6-pack,Bakery,6,22.5,0.14,2026-07-09
2026-07-12,Andheri,SKU3005,Butter Croissant,Bakery,48,34.1,2.07,2026-07-12
2026-07-12,Andheri,SKU3006,Chocolate Muffin,Bakery,3,36.0,0.25,2026-07-07
2026-07-12,Andheri,SKU3007,Plum Cake 300g,Bakery,183,118.8,6.89,2026-07-12
2026-07-12,Andheri,SKU3008,Garlic Bread,Bakery,8,60.8,0.14,2026-07-09
2026-07-12,Andheri,SKU3009,Rusk 300g,Bakery,0,51.1,0.14,2026-07-12
2026-07-12,Andheri,SKU3010,Fruit Bun,Bakery,4,16.75,0.07,2026-07-10
2026-07-12,Andheri,SKU3011,Cheese Danish,Bakery,111,51.85,3.25,2026-07-12
2026-07-12,Andheri,SKU3012,Burger Buns 4-pack,Bakery,6,36.0,0.25,2026-07-12
2026-07-12,Andheri,SKU3013,Whole Wheat Cookies 250g,Bakery,4,71.5,0.0,
2026-07-12,Andheri,SKU3014,Banana Walnut Loaf,Bakery,30,138.6,0.96,2026-07-11
2026-07-12,Andheri,SKU3015,Cinnamon Roll,Bakery,11,44.25,0.14,2026-07-11
2026-07-12,Andheri,SKU3016,Pizza Base 2-pack,Bakery,17,42.0,1.11,2026-07-12
2026-07-12,Andheri,SKU4001,Mineral Water 1L,Beverages,2,15.0,0.11,2026-07-09
2026-07-12,Andheri,SKU4002,Orange Juice 1L,Beverages,11,98.75,0.25,2026-07-12
2026-07-12,Andheri,SKU4003,Mango Drink 1.2L,Beverages,12,70.2,0.21,2026-07-12
2026-07-12,Andheri,SKU4004,Cola 2L,Beverages,2,77.9,0.14,2026-07-10
2026-07-12,Andheri,SKU4005,Lemon Soda 750ml,Beverages,31,30.8,0.54,2026-07-12
2026-07-12,Andheri,SKU4006,Coconut Water 200ml,Beverages,6,36.0,0.07,2026-07-09
2026-07-12,Andheri,SKU4007,Energy Drink 250ml,Beverages,0,85.1,0.32,2026-07-12
2026-07-12,Andheri,SKU4008,Cold Coffee 200ml,Beverages,0,38.0,3.18,2026-07-12
2026-07-12,Andheri,SKU4009,Buttermilk 500ml,Beverages,8,24.3,0.46,2026-07-12
2026-07-12,Andheri,SKU4010,Flavoured Milk 200ml,Beverages,9,28.7,0.36,2026-07-12
2026-07-12,Andheri,SKU4011,Green Tea 25 bags,Beverages,0,113.6,1.39,2026-07-12
2026-07-12,Andheri,SKU4012,Apple Juice 1L,Beverages,7,106.65,0.21,2026-07-09
2026-07-12,Andheri,SKU4013,Soda Water 750ml,Beverages,24,18.25,0.5,2026-07-12
2026-07-12,Andheri,SKU4014,Iced Tea 500ml,Beverages,3,45.0,0.11,2026-07-04
2026-07-12,Andheri,SKU5001,Herbal Shampoo 340ml,Personal Care,22,178.85,0.32,2026-07-12
2026-07-12,Andheri,SKU5002,Anti-dandruff Shampoo 180ml,Personal Care,11,143.28,0.25,2026-07-05
2026-07-12,Andheri,SKU5003,Bath Soap 4-pack,Personal Care,4,140.4,0.21,2026-07-09
2026-07-12,Andheri,SKU5004,Toothpaste 150g,Personal Care,9,75.24,0.36,2026-07-12
2026-07-12,Andheri,SKU5005,Toothbrush Soft,Personal Care,14,26.0,0.39,2026-07-11
2026-07-12,Andheri,SKU5006,Face Wash 100ml,Personal Care,14,117.25,0.36,2026-07-10
2026-07-12,Andheri,SKU5007,Body Lotion 400ml,Personal Care,13,206.31,0.43,2026-07-12
2026-07-12,Andheri,SKU5008,Coconut Hair Oil 500ml,Personal Care,7,145.53,0.36,2026-07-12
2026-07-12,Andheri,SKU5009,Hand Wash Refill 750ml,Personal Care,4,81.65,0.07,2026-07-12
2026-07-12,Andheri,SKU5010,Deodorant 150ml,Personal Care,3,148.5,0.04,2026-07-01
2026-07-12,Andheri,SKU5011,Talcum Powder 300g,Personal Care,8,118.4,0.14,2026-07-06
2026-07-12,Andheri,SKU5012,Shaving Foam 200g,Personal Care,17,133.0,0.46,2026-07-10
2026-07-12,Andheri,SKU5013,Sanitary Pads 20s,Personal Care,22,142.2,0.71,2026-07-12
2026-07-12,Andheri,SKU5014,Lip Balm 4.5g,Personal Care,4,57.0,0.14,2026-07-05
2026-07-12,Andheri,SKU5015,Sunscreen SPF50 50ml,Personal Care,20,223.36,0.61,2026-07-12
2026-07-12,Andheri,SKU5016,Cotton Buds 100s,Personal Care,3,34.1,0.0,
2026-07-12,Andheri,SKU6001,Detergent Powder 4kg,Household,0,414.17,0.29,2026-07-12
2026-07-12,Andheri,SKU6002,Liquid Detergent 2L,Household,17,306.99,0.71,2026-07-12
2026-07-12,Andheri,SKU6003,Dishwash Bar 3-pack,Household,14,47.4,0.46,2026-07-11
2026-07-12,Andheri,SKU6004,Dishwash Gel 750ml,Household,4,110.2,0.14,2026-07-10
2026-07-12,Andheri,SKU6005,Floor Cleaner 1L,Household,2,134.25,0.14,2026-07-12
2026-07-12,Andheri,SKU6006,Toilet Cleaner 1L,Household,26,117.8,0.32,2026-07-08
2026-07-12,Andheri,SKU6007,Glass Cleaner 500ml,Household,31,79.2,1.04,2026-07-12
2026-07-12,Andheri,SKU6008,Garbage Bags 30s,Household,8,81.6,0.29,2026-07-12
2026-07-12,Andheri,SKU6009,Kitchen Towels 2-roll,Household,88,109.5,0.68,2026-07-12
2026-07-12,Andheri,SKU6010,Toilet Rolls 6-pack,Household,26,169.4,1.11,2026-07-12
2026-07-12,Andheri,SKU6011,Aluminium Foil 9m,Household,7,73.26,0.21,2026-07-11
2026-07-12,Andheri,SKU6012,Scrub Pads 3-pack,Household,3,33.0,0.0,
2026-07-12,Andheri,SKU6013,Mosquito Repellent Refill,Household,5,60.35,0.04,2026-07-12
2026-07-12,Andheri,SKU6014,Air Freshener 240ml,Household,6,133.33,0.11,2026-07-04
2026-07-12,Andheri,SKU6015,Phenyl 1L,Household,4,63.0,0.04,2026-07-05
2026-07-12,Andheri,SKU6016,LED Bulb 9W,Household,21,71.5,1.14,2026-07-12
2026-07-12,Mumbai Central,SKU1001,Basmati Rice 5kg,Grocery,8,558.14,0.14,2026-07-12
2026-07-12,Mumbai Central,SKU1002,Sona Masoori Rice 10kg,Grocery,15,703.12,0.46,2026-07-12
2026-07-12,Mumbai Central,SKU1003,Whole Wheat Atta 10kg,Grocery,9,435.21,0.36,2026-07-05
2026-07-12,Mumbai Central,SKU1004,Toor Dal 1kg,Grocery,22,147.03,0.82,2026-07-12
2026-07-12,Mumbai Central,SKU1005,Moong Dal 1kg,Grocery,17,129.63,0.43,2026-07-12
2026-07-12,Mumbai Central,SKU1006,Chana Dal 1kg,Grocery,7,93.74,0.36,2026-07-10
2026-07-12,Mumbai Central,SKU1007,Sugar 1kg,Grocery,3,45.12,0.04,2026-07-05
2026-07-12,Mumbai Central,SKU1008,Iodised Salt 1kg,Grocery,16,22.96,0.5,2026-07-12
2026-07-12,Mumbai Central,SKU1009,Sunflower Oil 1L,Grocery,5,144.69,0.18,2026-07-11
2026-07-12,Mumbai Central,SKU1010,Mustard Oil 1L,Grocery,7,170.1,0.04,2026-07-08
2026-07-12,Mumbai Central,SKU1011,Poha 500g,Grocery,242,36.0,4.79,2026-07-12
2026-07-12,Mumbai Central,SKU1012,Rava 1kg,Grocery,6,50.22,0.39,2026-07-11
2026-07-12,Mumbai Central,SKU1013,Turmeric Powder 200g,Grocery,17,41.76,0.93,2026-07-12
2026-07-12,Mumbai Central,SKU1014,Red Chilli Powder 200g,Grocery,2,52.56,0.21,2026-07-11
2026-07-12,Mumbai Central,SKU1015,Garam Masala 100g,Grocery,5,57.8,0.18,2026-07-10
2026-07-12,Mumbai Central,SKU1016,Groundnuts 500g,Grocery,3,78.85,0.11,2026-07-04
2026-07-12,Mumbai Central,SKU1017,Kabuli Chana 1kg,Grocery,13,118.15,0.25,2026-07-11
2026-07-12,Mumbai Central,SKU1018,Rajma 1kg,Grocery,15,140.25,0.46,2026-07-08
2026-07-12,Mumbai Central,SKU1019,Jaggery 1kg,Grocery,68,66.36,1.54,2026-07-11
2026-07-12,Mumbai Central,SKU1020,Vermicelli 400g,Grocery,6,32.76,0.11,2026-07-11
2026-07-12,Mumbai Central,SKU2001,Instant Noodles 4-pack,FMCG,8,47.04,0.11,2026-07-08
2026-07-12,Mumbai Central,SKU2002,Tomato Ketchup 1kg,FMCG,1,109.81,0.0,
2026-07-12,Mumbai Central,SKU2003,Corn Flakes 875g,FMCG,9,286.18,0.39,2026-07-10
2026-07-12,Mumbai Central,SKU2004,Oats 1kg,FMCG,8,161.19,0.25,2026-07-10
2026-07-12,Mumbai Central,SKU2005,Peanut Butter 340g,FMCG,14,137.83,1.07,2026-07-12
2026-07-12,Mumbai Central,SKU2006,Mixed Fruit Jam 500g,FMCG,13,116.22,0.46,2026-07-11
2026-07-12,Mumbai Central,SKU2007,Glucose Biscuits 800g,FMCG,6,77.4,0.36,2026-07-07
2026-07-12,Mumbai Central,SKU2008,Cream Biscuits 300g,FMCG,4,49.8,0.0,
2026-07-12,Mumbai Central,SKU2009,Potato Chips 150g,FMCG,5,38.0,0.21,2026-07-11
2026-07-12,Mumbai Central,SKU2010,Namkeen Mix 400g,FMCG,3,74.25,0.11,2026-07-10
2026-07-12,Mumbai Central,SKU2011,Dark Chocolate 100g,FMCG,17,84.0,0.46,2026-07-11
2026-07-12,Mumbai Central,SKU2012,Instant Coffee 100g,FMCG,266,239.2,10.21,2026-07-12
2026-07-12,Mumbai Central,SKU2013,Tea Leaves 500g,FMCG,8,217.3,0.14,2026-07-10
2026-07-12,Mumbai Central,SKU2014,Pasta Penne 500g,FMCG,0,85.1,0.0,
2026-07-12,Mumbai Central,SKU2015,Soya Chunks 200g,FMCG,28,33.88,1.0,2026-07-11
2026-07-12,Mumbai Central,SKU2016,Honey 500g,FMCG,11,189.24,0.43,2026-07-12
2026-07-12,Mumbai Central,SKU2017,Pickle Mango 400g,FMCG,22,91.59,0.57,2026-07-12
2026-07-12,Mumbai Central,SKU2018,Baking Soda 100g,FMCG,15,17.5,0.29,2026-07-09
2026-07-12,Mumbai Central,SKU2019,Custard Powder 100g,FMCG,7,34.56,0.36,2026-07-11
2026-07-12,Mumbai Central,SKU2020,Muesli 500g,FMCG,3,256.62,0.11,2026-07-08
2026-07-12,Mumbai Central,SKU3001,Sandwich Bread 400g,Bakery,12,35.1,0.46,2026-07-09
2026-07-12,Mumbai Central,SKU3002,Brown Bread 400g,Bakery,4,41.8,0.0,
2026-07-12,Mumbai Central,SKU3003,Multigrain Bread 400g,Bakery,4,48.1,0.0,
2026-07-12,Mumbai Central,SKU3004,Pav 6-pack,Bakery,11,22.5,0.39,2026-07-08
2026-07-12,Mumbai Central,SKU3005,Butter Croissant,Bakery,47,34.1,2.86,2026-07-12
2026-07-12,Mumbai Central,SKU3006,Chocolate Muffin,Bakery,3,36.0,0.11,2026-07-06
2026-07-12,Mumbai Central,SKU3007,Plum Cake 300g,Bakery,178,118.8,7.64,2026-07-12
2026-07-12,Mumbai Central,SKU3008,Garlic Bread,Bakery,6,60.8,0.18,2026-07-05
2026-07-12,Mumbai Central,SKU3009,Rusk 300g,Bakery,2,51.1,0.11,2026-07-11
2026-07-12,Mumbai Central,SKU3010,Fruit Bun,Bakery,7,16.75,0.32,2026-07-12
2026-07-12,Mumbai Central,SKU3011,Cheese Danish,Bakery,161,51.85,4.29,2026-07-12
2026-07-12,Mumbai Central,SKU3012,Burger Buns 4-pack,Bakery,10,36.0,0.32,2026-07-11
2026-07-12,Mumbai Central,SKU3013,Whole Wheat Cookies 250g,Bakery,2,71.5,0.04,2026-07-07
2026-07-12,Mumbai Central,SKU3014,Banana Walnut Loaf,Bakery,8,138.6,0.43,2026-07-12
2026-07-12,Mumbai Central,SKU3015,Cinnamon Roll,Bakery,3,44.25,0.07,2026-07-09
2026-07-12,Mumbai Central,SKU3016,Pizza Base 2-pack,Bakery,9,42.0,0.21,2026-07-09
2026-07-12,Mumbai Central,SKU4001,Mineral Water 1L,Beverages,16,15.0,0.18,2026-07-08
2026-07-12,Mumbai Central,SKU4002,Orange Juice 1L,Beverages,9,98.75,0.29,2026-07-11
2026-07-12,Mumbai Central,SKU4003,Mango Drink 1.2L,Beverages,11,70.2,0.36,2026-07-11
2026-07-12,Mumbai Central,SKU4004,Cola 2L,Beverages,2,77.9,0.04,2026-07-04
2026-07-12,Mumbai Central,SKU4005,Lemon Soda 750ml,Beverages,9,30.8,0.5,2026-07-12
2026-07-12,Mumbai Central,SKU4006,Coconut Water 200ml,Beverages,6,36.0,0.25,2026-07-12
2026-07-12,Mumbai Central,SKU4007,Energy Drink 250ml,Beverages,3,85.1,0.11,2026-07-03
2026-07-12,Mumbai Central,SKU4008,Cold Coffee 200ml,Beverages,13,38.0,0.75,2026-07-12
2026-07-12,Mumbai Central,SKU4009,Buttermilk 500ml,Beverages,9,24.3,0.43,2026-07-12
2026-07-12,Mumbai Central,SKU4010,Flavoured Milk 200ml,Beverages,10,28.7,0.25,2026-07-12
2026-07-12,Mumbai Central,SKU4011,Green Tea 25 bags,Beverages,21,113.6,1.86,2026-07-12
2026-07-12,Mumbai Central,SKU4012,Apple Juice 1L,Beverages,12,106.65,0.36,2026-07-12
2026-07-12,Mumbai Central,SKU4013,Soda Water 750ml,Beverages,13,18.25,0.29,2026-07-11
2026-07-12,Mumbai Central,SKU4014,Iced Tea 500ml,Beverages,6,45.0,0.36,2026-07-11
2026-07-12,Mumbai Central,SKU5001,Herbal Shampoo 340ml,Personal Care,6,178.85,0.68,2026-07-12
2026-07-12,Mumbai Central,SKU5002,Anti-dandruff Shampoo 180ml,Personal Care,12,143.28,0.25,2026-07-12
2026-07-12,Mumbai Central,SKU5003,Bath Soap 4-pack,Personal Care,10,140.4,0.25,2026-07-12
2026-07-12,Mumbai Central,SKU5004,Toothpaste 150g,Personal Care,6,75.24,0.21,2026-07-11
2026-07-12,Mumbai Central,SKU5005,Toothbrush Soft,Personal Care,16,26.0,0.64,2026-07-12
2026-07-12,Mumbai Central,SKU5006,Face Wash 100ml,Personal Care,16,117.25,0.93,2026-07-12
2026-07-12,Mumbai Central,SKU5007,Body Lotion 400ml,Personal Care,3,206.31,0.11,2026-07-11
2026-07-12,Mumbai Central,SKU5008,Coconut Hair Oil 500ml,Personal Care,6,145.53,0.11,2026-07-08
2026-07-12,Mumbai Central,SKU5009,Hand Wash Refill 750ml,Personal Care,3,81.65,0.18,2026-07-10
2026-07-12,Mumbai Central,SKU5010,Deodorant 150ml,Personal Care,5,148.5,0.04,2026-07-10
2026-07-12,Mumbai Central,SKU5011,Talcum Powder 300g,Personal Care,4,118.4,0.18,2026-07-11
2026-07-12,Mumbai Central,SKU5012,Shaving Foam 200g,Personal Care,6,133.0,0.21,2026-07-12
2026-07-12,Mumbai Central,SKU5013,Sanitary Pads 20s,Personal Care,36,142.2,1.32,2026-07-12
2026-07-12,Mumbai Central,SKU5014,Lip Balm 4.5g,Personal Care,3,57.0,0.0,
2026-07-12,Mumbai Central,SKU5015,Sunscreen SPF50 50ml,Personal Care,31,223.36,1.25,2026-07-12
2026-07-12,Mumbai Central,SKU5016,Cotton Buds 100s,Personal Care,13,34.1,0.43,2026-07-12
2026-07-12,Mumbai Central,SKU6001,Detergent Powder 4kg,Household,6,414.17,0.36,2026-07-08
2026-07-12,Mumbai Central,SKU6002,Liquid Detergent 2L,Household,24,306.99,0.29,2026-07-11
2026-07-12,Mumbai Central,SKU6003,Dishwash Bar 3-pack,Household,12,47.4,0.54,2026-07-09
2026-07-12,Mumbai Central,SKU6004,Dishwash Gel 750ml,Household,15,110.2,0.39,2026-07-11
2026-07-12,Mumbai Central,SKU6005,Floor Cleaner 1L,Household,7,134.25,0.36,2026-07-12
2026-07-12,Mumbai Central,SKU6006,Toilet Cleaner 1L,Household,6,117.8,0.07,2026-07-10
2026-07-12,Mumbai Central,SKU6007,Glass Cleaner 500ml,Household,37,79.2,0.82,2026-07-12
2026-07-12,Mumbai Central,SKU6008,Garbage Bags 30s,Household,8,81.6,0.21,2026-07-12
2026-07-12,Mumbai Central,SKU6009,Kitchen Towels 2-roll,Household,24,109.5,1.25,2026-07-10
2026-07-12,Mumbai Central,SKU6010,Toilet Rolls 6-pack,Household,20,169.4,0.82,2026-07-11
2026-07-12,Mumbai Central,SKU6011,Aluminium Foil 9m,Household,9,73.26,0.39,2026-07-10
2026-07-12,Mumbai Central,SKU6012,Scrub Pads 3-pack,Household,5,33.0,0.0,
2026-07-12,Mumbai Central,SKU6013,Mosquito Repellent Refill,Household,5,60.35,0.07,2026-07-12
2026-07-12,Mumbai Central,SKU6014,Air Freshener 240ml,Household,7,133.33,0.14,2026-07-03
2026-07-12,Mumbai Central,SKU6015,Phenyl 1L,Household,6,63.0,0.18,2026-07-08
2026-07-12,Mumbai Central,SKU6016,LED Bulb 9W,Household,43,71.5,0.96,2026-07-12
2026-07-12,Navi Mumbai,SKU1001,Basmati Rice 5kg,Grocery,8,558.14,0.21,2026-07-09
2026-07-12,Navi Mumbai,SKU1002,Sona Masoori Rice 10kg,Grocery,5,703.12,0.32,2026-07-12
2026-07-12,Navi Mumbai,SKU1003,Whole Wheat Atta 10kg,Grocery,2,435.21,0.18,2026-07-07
2026-07-12,Navi Mumbai,SKU1004,Toor Dal 1kg,Grocery,8,147.03,0.32,2026-07-11
2026-07-12,Navi Mumbai,SKU1005,Moong Dal 1kg,Grocery,0,129.63,0.46,2026-07-10
2026-07-12,Navi Mumbai,SKU1006,Chana Dal 1kg,Grocery,5,93.74,0.21,2026-07-10
2026-07-12,Navi Mumbai,SKU1007,Sugar 1kg,Grocery,0,45.12,0.0,
2026-07-12,Navi Mumbai,SKU1008,Iodised Salt 1kg,Grocery,13,22.96,0.29,2026-07-11
2026-07-12,Navi Mumbai,SKU1009,Sunflower Oil 1L,Grocery,3,144.69,0.11,2026-07-08
2026-07-12,Navi Mumbai,SKU1010,Mustard Oil 1L,Grocery,2,170.1,0.07,2026-07-11
2026-07-12,Navi Mumbai,SKU1011,Poha 500g,Grocery,35,36.0,2.89,2026-07-12
2026-07-12,Navi Mumbai,SKU1012,Rava 1kg,Grocery,7,50.22,0.25,2026-07-06
2026-07-12,Navi Mumbai,SKU1013,Turmeric Powder 200g,Grocery,18,41.76,0.32,2026-07-09
2026-07-12,Navi Mumbai,SKU1014,Red Chilli Powder 200g,Grocery,5,52.56,0.0,
2026-07-12,Navi Mumbai,SKU1015,Garam Masala 100g,Grocery,5,57.8,0.14,2026-07-11
2026-07-12,Navi Mumbai,SKU1016,Groundnuts 500g,Grocery,8,78.85,0.11,2026-07-04
2026-07-12,Navi Mumbai,SKU1017,Kabuli Chana 1kg,Grocery,5,118.15,0.18,2026-07-10
2026-07-12,Navi Mumbai,SKU1018,Rajma 1kg,Grocery,10,140.25,0.25,2026-07-11
2026-07-12,Navi Mumbai,SKU1019,Jaggery 1kg,Grocery,134,66.36,1.54,2026-07-12
2026-07-12,Navi Mumbai,SKU1020,Vermicelli 400g,Grocery,3,32.76,0.0,
2026-07-12,Navi Mumbai,SKU2001,Instant Noodles 4-pack,FMCG,6,47.04,0.25,2026-07-09
2026-07-12,Navi Mumbai,SKU2002,Tomato Ketchup 1kg,FMCG,5,109.81,0.0,
2026-07-12,Navi Mumbai,SKU2003,Corn Flakes 875g,FMCG,23,286.18,0.61,2026-07-11
2026-07-12,Navi Mumbai,SKU2004,Oats 1kg,FMCG,4,161.19,0.04,2026-07-11
2026-07-12,Navi Mumbai,SKU2005,Peanut Butter 340g,FMCG,18,137.83,1.0,2026-07-12
2026-07-12,Navi Mumbai,SKU2006,Mixed Fruit Jam 500g,FMCG,8,116.22,0.11,2026-07-11
2026-07-12,Navi Mumbai,SKU2007,Glucose Biscuits 800g,FMCG,6,77.4,0.07,2026-07-01
2026-07-12,Navi Mumbai,SKU2008,Cream Biscuits 300g,FMCG,2,49.8,0.0,
2026-07-12,Navi Mumbai,SKU2009,Potato Chips 150g,FMCG,4,38.0,0.07,2026-07-08
2026-07-12,Navi Mumbai,SKU2010,Namkeen Mix 400g,FMCG,6,74.25,0.04,2026-07-04
2026-07-12,Navi Mumbai,SKU2011,Dark Chocolate 100g,FMCG,8,84.0,0.14,2026-07-11
2026-07-12,Navi Mumbai,SKU2012,Instant Coffee 100g,FMCG,116,239.2,5.64,2026-07-12
2026-07-12,Navi Mumbai,SKU2013,Tea Leaves 500g,FMCG,1,217.3,0.0,
2026-07-12,Navi Mumbai,SKU2014,Pasta Penne 500g,FMCG,3,85.1,0.0,
2026-07-12,Navi Mumbai,SKU2015,Soya Chunks 200g,FMCG,22,33.88,0.86,2026-07-12
2026-07-12,Navi Mumbai,SKU2016,Honey 500g,FMCG,7,189.24,0.14,2026-07-12
2026-07-12,Navi Mumbai,SKU2017,Pickle Mango 400g,FMCG,2,91.59,0.14,2026-07-12
2026-07-12,Navi Mumbai,SKU2018,Baking Soda 100g,FMCG,5,17.5,0.21,2026-07-09
2026-07-12,Navi Mumbai,SKU2019,Custard Powder 100g,FMCG,18,34.56,0.21,2026-07-12
2026-07-12,Navi Mumbai,SKU2020,Muesli 500g,FMCG,29,256.62,0.25,2026-07-12
2026-07-12,Navi Mumbai,SKU3001,Sandwich Bread 400g,Bakery,2,35.1,0.0,
2026-07-12,Navi Mumbai,SKU3002,Brown Bread 400g,Bakery,5,41.8,0.0,
2026-07-12,Navi Mumbai,SKU3003,Multigrain Bread 400g,Bakery,1,48.1,0.0,
2026-07-12,Navi Mumbai,SKU3004,Pav 6-pack,Bakery,5,22.5,0.21,2026-07-07
2026-07-12,Navi Mumbai,SKU3005,Butter Croissant,Bakery,0,34.1,1.93,2026-07-12
2026-07-12,Navi Mumbai,SKU3006,Chocolate Muffin,Bakery,7,36.0,0.07,2026-07-05
2026-07-12,Navi Mumbai,SKU3007,Plum Cake 300g,Bakery,265,118.8,5.11,2026-07-12
2026-07-12,Navi Mumbai,SKU3008,Garlic Bread,Bakery,5,60.8,0.21,2026-07-07
2026-07-12,Navi Mumbai,SKU3009,Rusk 300g,Bakery,4,51.1,0.0,
2026-07-12,Navi Mumbai,SKU3010,Fruit Bun,Bakery,10,16.75,0.36,2026-07-12
2026-07-12,Navi Mumbai,SKU3011,Cheese Danish,Bakery,53,51.85,2.79,2026-07-12
2026-07-12,Navi Mumbai,SKU3012,Burger Buns 4-pack,Bakery,6,36.0,0.07,2026-07-11
2026-07-12,Navi Mumbai,SKU3013,Whole Wheat Cookies 250g,Bakery,11,71.5,0.36,2026-07-12
2026-07-12,Navi Mumbai,SKU3014,Banana Walnut Loaf,Bakery,10,138.6,0.82,2026-07-07
2026-07-12,Navi Mumbai,SKU3015,Cinnamon Roll,Bakery,3,44.25,0.07,2026-07-06
2026-07-12,Navi Mumbai,SKU3016,Pizza Base 2-pack,Bakery,9,42.0,0.14,2026-07-08
2026-07-12,Navi Mumbai,SKU4001,Mineral Water 1L,Beverages,5,15.0,0.0,
2026-07-12,Navi Mumbai,SKU4002,Orange Juice 1L,Beverages,8,98.75,0.18,2026-07-10
2026-07-12,Navi Mumbai,SKU4003,Mango Drink 1.2L,Beverages,0,70.2,0.39,2026-07-10
2026-07-12,Navi Mumbai,SKU4004,Cola 2L,Beverages,4,77.9,0.04,2026-07-09
2026-07-12,Navi Mumbai,SKU4005,Lemon Soda 750ml,Beverages,7,30.8,0.36,2026-07-12
2026-07-12,Navi Mumbai,SKU4006,Coconut Water 200ml,Beverages,4,36.0,0.07,2026-07-03
2026-07-12,Navi Mumbai,SKU4007,Energy Drink 250ml,Beverages,6,85.1,0.07,2026-07-06
2026-07-12,Navi Mumbai,SKU4008,Cold Coffee 200ml,Beverages,14,38.0,0.89,2026-07-12
2026-07-12,Navi Mumbai,SKU4009,Buttermilk 500ml,Beverages,13,24.3,0.25,2026-07-08
2026-07-12,Navi Mumbai,SKU4010,Flavoured Milk 200ml,Beverages,7,28.7,0.07,2026-07-10
2026-07-12,Navi Mumbai,SKU4011,Green Tea 25 bags,Beverages,10,113.6,0.46,2026-07-10
2026-07-12,Navi Mumbai,SKU4012,Apple Juice 1L,Beverages,11,106.65,0.43,2026-07-12
2026-07-12,Navi Mumbai,SKU4013,Soda Water 750ml,Beverages,10,18.25,0.21,2026-07-10
2026-07-12,Navi Mumbai,SKU4014,Iced Tea 500ml,Beverages,15,45.0,0.36,2026-07-08
2026-07-12,Navi Mumbai,SKU5001,Herbal Shampoo 340ml,Personal Care,12,178.85,0.18,2026-07-12
2026-07-12,Navi Mumbai,SKU5002,Anti-dandruff Shampoo 180ml,Personal Care,6,143.28,0.18,2026-07-11
2026-07-12,Navi Mumbai,SKU5003,Bath Soap 4-pack,Personal Care,13,140.4,0.32,2026-07-09
2026-07-12,Navi Mumbai,SKU5004,Toothpaste 150g,Personal Care,12,75.24,0.14,2026-07-11
2026-07-12,Navi Mumbai,SKU5005,Toothbrush Soft,Personal Care,12,26.0,0.29,2026-07-12
2026-07-12,Navi Mumbai,SKU5006,Face Wash 100ml,Personal Care,0,117.25,0.32,2026-07-11
2026-07-12,Navi Mumbai,SKU5007,Body Lotion 400ml,Personal Care,7,206.31,0.25,2026-07-11
2026-07-12,Navi Mumbai,SKU5008,Coconut Hair Oil 500ml,Personal Care,0,145.53,0.04,2026-07-08
2026-07-12,Navi Mumbai,SKU5009,Hand Wash Refill 750ml,Personal Care,7,81.65,0.07,2026-07-06
2026-07-12,Navi Mumbai,SKU5010,Deodorant 150ml,Personal Care,1,148.5,0.11,2026-07-06
2026-07-12,Navi Mumbai,SKU5011,Talcum Powder 300g,Personal Care,4,118.4,0.07,2026-07-02
2026-07-12,Navi Mumbai,SKU5012,Shaving Foam 200g,Personal Care,8,133.0,0.25,2026-07-12
2026-07-12,Navi Mumbai,SKU5013,Sanitary Pads 20s,Personal Care,47,142.2,1.64,2026-07-12
2026-07-12,Navi Mumbai,SKU5014,Lip Balm 4.5g,Personal Care,5,57.0,0.11,2026-07-05
2026-07-12,Navi Mumbai,SKU5015,Sunscreen SPF50 50ml,Personal Care,22,223.36,0.79,2026-07-12
2026-07-12,Navi Mumbai,SKU5016,Cotton Buds 100s,Personal Care,7,34.1,0.07,2026-07-12
2026-07-12,Navi Mumbai,SKU6001,Detergent Powder 4kg,Household,0,414.17,0.25,2026-07-08
2026-07-12,Navi Mumbai,SKU6002,Liquid Detergent 2L,Household,5,306.99,0.79,2026-07-12
2026-07-12,Navi Mumbai,SKU6003,Dishwash Bar 3-pack,Household,10,47.4,0.57,2026-07-12
2026-07-12,Navi Mumbai,SKU6004,Dishwash Gel 750ml,Household,11,110.2,0.11,2026-07-12
2026-07-12,Navi Mumbai,SKU6005,Floor Cleaner 1L,Household,4,134.25,0.04,2026-07-06
2026-07-12,Navi Mumbai,SKU6006,Toilet Cleaner 1L,Household,10,117.8,0.11,2026-07-12
2026-07-12,Navi Mumbai,SKU6007,Glass Cleaner 500ml,Household,7,79.2,0.68,2026-07-12
2026-07-12,Navi Mumbai,SKU6008,Garbage Bags 30s,Household,10,81.6,0.25,2026-07-11
2026-07-12,Navi Mumbai,SKU6009,Kitchen Towels 2-roll,Household,16,109.5,0.5,2026-07-09
2026-07-12,Navi Mumbai,SKU6010,Toilet Rolls 6-pack,Household,7,169.4,0.32,2026-07-12
2026-07-12,Navi Mumbai,SKU6011,Aluminium Foil 9m,Household,8,73.26,0.07,2026-07-10
2026-07-12,Navi Mumbai,SKU6012,Scrub Pads 3-pack,Household,1,33.0,0.0,
2026-07-12,Navi Mumbai,SKU6013,Mosquito Repellent Refill,Household,0,60.35,0.0,
2026-07-12,Navi Mumbai,SKU6014,Air Freshener 240ml,Household,15,133.33,0.21,2026-07-12
2026-07-12,Navi Mumbai,SKU6015,Phenyl 1L,Household,6,63.0,0.04,2026-07-04
2026-07-12,Navi Mumbai,SKU6016,LED Bulb 9W,Household,38,71.5,1.5,2026-07-12
2026-07-12,Powai,SKU1001,Basmati Rice 5kg,Grocery,9,558.14,0.29,2026-07-07
2026-07-12,Powai,SKU1002,Sona Masoori Rice 10kg,Grocery,10,703.12,0.54,2026-07-12
2026-07-12,Powai,SKU1003,Whole Wheat Atta 10kg,Grocery,5,435.21,0.0,
2026-07-12,Powai,SKU1004,Toor Dal 1kg,Grocery,13,147.03,0.21,2026-07-12
2026-07-12,Powai,SKU1005,Moong Dal 1kg,Grocery,4,129.63,0.11,2026-07-10
2026-07-12,Powai,SKU1006,Chana Dal 1kg,Grocery,7,93.74,0.11,2026-07-07
2026-07-12,Powai,SKU1007,Sugar 1kg,Grocery,13,45.12,0.21,2026-07-12
2026-07-12,Powai,SKU1008,Iodised Salt 1kg,Grocery,18,22.96,0.5,2026-07-07
2026-07-12,Powai,SKU1009,Sunflower Oil 1L,Grocery,4,144.69,0.0,
2026-07-12,Powai,SKU1010,Mustard Oil 1L,Grocery,10,170.1,0.11,2026-07-12
2026-07-12,Powai,SKU1011,Poha 500g,Grocery,76,36.0,2.93,2026-07-12
2026-07-12,Powai,SKU1012,Rava 1kg,Grocery,9,50.22,0.25,2026-07-04
2026-07-12,Powai,SKU1013,Turmeric Powder 200g,Grocery,20,41.76,0.39,2026-07-12
2026-07-12,Powai,SKU1014,Red Chilli Powder 200g,Grocery,5,52.56,0.04,2026-07-07
2026-07-12,Powai,SKU1015,Garam Masala 100g,Grocery,0,57.8,0.0,
2026-07-12,Powai,SKU1016,Groundnuts 500g,Grocery,11,78.85,0.32,2026-07-08
2026-07-12,Powai,SKU1017,Kabuli Chana 1kg,Grocery,10,118.15,0.18,2026-07-10
2026-07-12,Powai,SKU1018,Rajma 1kg,Grocery,86,140.25,2.18,2026-07-12
2026-07-12,Powai,SKU1019,Jaggery 1kg,Grocery,178,66.36,2.5,2026-07-12
2026-07-12,Powai,SKU1020,Vermicelli 400g,Grocery,11,32.76,0.29,2026-07-11
2026-07-12,Powai,SKU2001,Instant Noodles 4-pack,FMCG,4,47.04,0.0,
2026-07-12,Powai,SKU2002,Tomato Ketchup 1kg,FMCG,4,109.81,0.0,
2026-07-12,Powai,SKU2003,Corn Flakes 875g,FMCG,6,286.18,0.32,2026-07-11
2026-07-12,Powai,SKU2004,Oats 1kg,FMCG,9,161.19,0.14,2026-07-07
2026-07-12,Powai,SKU2005,Peanut Butter 340g,FMCG,9,137.83,1.21,2026-07-12
2026-07-12,Powai,SKU2006,Mixed Fruit Jam 500g,FMCG,5,116.22,0.21,2026-07-12
2026-07-12,Powai,SKU2007,Glucose Biscuits 800g,FMCG,10,77.4,0.18,2026-07-09
2026-07-12,Powai,SKU2008,Cream Biscuits 300g,FMCG,0,49.8,0.0,
2026-07-12,Powai,SKU2009,Potato Chips 150g,FMCG,8,38.0,0.25,2026-07-08
2026-07-12,Powai,SKU2010,Namkeen Mix 400g,FMCG,22,74.25,0.25,2026-07-12
2026-07-12,Powai,SKU2011,Dark Chocolate 100g,FMCG,20,84.0,0.5,2026-07-12
2026-07-12,Powai,SKU2012,Instant Coffee 100g,FMCG,193,239.2,7.43,2026-07-12
2026-07-12,Powai,SKU2013,Tea Leaves 500g,FMCG,11,217.3,0.18,2026-07-12
2026-07-12,Powai,SKU2014,Pasta Penne 500g,FMCG,3,85.1,0.0,
2026-07-12,Powai,SKU2015,Soya Chunks 200g,FMCG,21,33.88,1.07,2026-07-12
2026-07-12,Powai,SKU2016,Honey 500g,FMCG,5,189.24,0.11,2026-07-11
2026-07-12,Powai,SKU2017,Pickle Mango 400g,FMCG,14,91.59,0.21,2026-07-12
2026-07-12,Powai,SKU2018,Baking Soda 100g,FMCG,7,17.5,0.14,2026-07-11
2026-07-12,Powai,SKU2019,Custard Powder 100g,FMCG,7,34.56,0.21,2026-07-12
2026-07-12,Powai,SKU2020,Muesli 500g,FMCG,17,256.62,0.39,2026-07-12
2026-07-12,Powai,SKU3001,Sandwich Bread 400g,Bakery,9,35.1,0.36,2026-07-11
2026-07-12,Powai,SKU3002,Brown Bread 400g,Bakery,3,41.8,0.0,
2026-07-12,Powai,SKU3003,Multigrain Bread 400g,Bakery,5,48.1,0.0,
2026-07-12,Powai,SKU3004,Pav 6-pack,Bakery,10,22.5,0.21,2026-07-11
2026-07-12,Powai,SKU3005,Butter Croissant,Bakery,0,34.1,2.39,2026-07-12
2026-07-12,Powai,SKU3006,Chocolate Muffin,Bakery,5,36.0,0.36,2026-07-12
2026-07-12,Powai,SKU3007,Plum Cake 300g,Bakery,109,118.8,6.21,2026-07-12
2026-07-12,Powai,SKU3008,Garlic Bread,Bakery,0,60.8,0.14,2026-07-12
2026-07-12,Powai,SKU3009,Rusk 300g,Bakery,7,51.1,0.07,2026-07-12
2026-07-12,Powai,SKU3010,Fruit Bun,Bakery,9,16.75,0.14,2026-07-09
2026-07-12,Powai,SKU3011,Cheese Danish,Bakery,56,51.85,2.82,2026-07-12
2026-07-12,Powai,SKU3012,Burger Buns 4-pack,Bakery,3,36.0,0.11,2026-07-02
2026-07-12,Powai,SKU3013,Whole Wheat Cookies 250g,Bakery,3,71.5,0.04,2026-07-05
2026-07-12,Powai,SKU3014,Banana Walnut Loaf,Bakery,6,138.6,0.32,2026-07-12
2026-07-12,Powai,SKU3015,Cinnamon Roll,Bakery,6,44.25,0.29,2026-07-06
2026-07-12,Powai,SKU3016,Pizza Base 2-pack,Bakery,18,42.0,0.57,2026-07-12
2026-07-12,Powai,SKU4001,Mineral Water 1L,Beverages,6,15.0,0.18,2026-07-07
2026-07-12,Powai,SKU4002,Orange Juice 1L,Beverages,10,98.75,0.39,2026-07-11
2026-07-12,Powai,SKU4003,Mango Drink 1.2L,Beverages,10,70.2,0.29,2026-07-12
2026-07-12,Powai,SKU4004,Cola 2L,Beverages,4,77.9,0.07,2026-07-04
2026-07-12,Powai,SKU4005,Lemon Soda 750ml,Beverages,16,30.8,0.5,2026-07-11
2026-07-12,Powai,SKU4006,Coconut Water 200ml,Beverages,8,36.0,0.11,2026-07-05
2026-07-12,Powai,SKU4007,Energy Drink 250ml,Beverages,9,85.1,0.21,2026-07-07
2026-07-12,Powai,SKU4008,Cold Coffee 200ml,Beverages,0,38.0,0.46,2026-07-10
2026-07-12,Powai,SKU4009,Buttermilk 500ml,Beverages,7,24.3,0.36,2026-07-09
2026-07-12,Powai,SKU4010,Flavoured Milk 200ml,Beverages,2,28.7,0.07,2026-07-04
2026-07-12,Powai,SKU4011,Green Tea 25 bags,Beverages,20,113.6,0.46,2026-07-11
2026-07-12,Powai,SKU4012,Apple Juice 1L,Beverages,7,106.65,0.07,2026-07-02
2026-07-12,Powai,SKU4013,Soda Water 750ml,Beverages,9,18.25,0.32,2026-07-11
2026-07-12,Powai,SKU4014,Iced Tea 500ml,Beverages,16,45.0,0.29,2026-07-06
2026-07-12,Powai,SKU5001,Herbal Shampoo 340ml,Personal Care,19,178.85,0.46,2026-07-12
2026-07-12,Powai,SKU5002,Anti-dandruff Shampoo 180ml,Personal Care,9,143.28,0.29,2026-07-12
2026-07-12,Powai,SKU5003,Bath Soap 4-pack,Personal Care,7,140.4,0.14,2026-07-10
2026-07-12,Powai,SKU5004,Toothpaste 150g,Personal Care,4,75.24,0.18,2026-07-03
2026-07-12,Powai,SKU5005,Toothbrush Soft,Personal Care,10,26.0,0.18,2026-07-09
2026-07-12,Powai,SKU5006,Face Wash 100ml,Personal Care,4,117.25,0.29,2026-07-11
2026-07-12,Powai,SKU5007,Body Lotion 400ml,Personal Care,4,206.31,0.11,2026-07-05
2026-07-12,Powai,SKU5008,Coconut Hair Oil 500ml,Personal Care,15,145.53,0.25,2026-07-11
2026-07-12,Powai,SKU5009,Hand Wash Refill 750ml,Personal Care,10,81.65,0.43,2026-07-12
2026-07-12,Powai,SKU5010,Deodorant 150ml,Personal Care,6,148.5,0.04,2026-07-07
2026-07-12,Powai,SKU5011,Talcum Powder 300g,Personal Care,8,118.4,0.21,2026-07-10
2026-07-12,Powai,SKU5012,Shaving Foam 200g,Personal Care,3,133.0,0.14,2026-07-12
2026-07-12,Powai,SKU5013,Sanitary Pads 20s,Personal Care,15,142.2,1.25,2026-07-12
2026-07-12,Powai,SKU5014,Lip Balm 4.5g,Personal Care,12,57.0,0.32,2026-07-12
2026-07-12,Powai,SKU5015,Sunscreen SPF50 50ml,Personal Care,40,223.36,1.0,2026-07-11
2026-07-12,Powai,SKU5016,Cotton Buds 100s,Personal Care,5,34.1,0.14,2026-07-03
2026-07-12,Powai,SKU6001,Detergent Powder 4kg,Household,8,414.17,0.21,2026-07-08
2026-07-12,Powai,SKU6002,Liquid Detergent 2L,Household,21,306.99,0.43,2026-07-11
2026-07-12,Powai,SKU6003,Dishwash Bar 3-pack,Household,12,47.4,0.5,2026-07-12
2026-07-12,Powai,SKU6004,Dishwash Gel 750ml,Household,19,110.2,0.25,2026-07-12
2026-07-12,Powai,SKU6005,Floor Cleaner 1L,Household,10,134.25,0.11,2026-07-04
2026-07-12,Powai,SKU6006,Toilet Cleaner 1L,Household,13,117.8,0.39,2026-07-12
2026-07-12,Powai,SKU6007,Glass Cleaner 500ml,Household,24,79.2,0.61,2026-07-12
2026-07-12,Powai,SKU6008,Garbage Bags 30s,Household,12,81.6,0.32,2026-07-09
2026-07-12,Powai,SKU6009,Kitchen Towels 2-roll,Household,17,109.5,0.61,2026-07-09
2026-07-12,Powai,SKU6010,Toilet Rolls 6-pack,Household,7,169.4,0.54,2026-07-12
2026-07-12,Powai,SKU6011,Aluminium Foil 9m,Household,2,73.26,0.0,
2026-07-12,Powai,SKU6012,Scrub Pads 3-pack,Household,3,33.0,0.0,
2026-07-12,Powai,SKU6013,Mosquito Repellent Refill,Household,9,60.35,0.07,2026-07-02
2026-07-12,Powai,SKU6014,Air Freshener 240ml,Household,8,133.33,0.14,2026-07-12
2026-07-12,Powai,SKU6015,Phenyl 1L,Household,1,63.0,0.0,
2026-07-12,Powai,SKU6016,LED Bulb 9W,Household,19,71.5,0.82,2026-07-12
2026-07-12,Thane,SKU1001,Basmati Rice 5kg,Grocery,3,558.14,0.14,2026-07-07
2026-07-12,Thane,SKU1002,Sona Masoori Rice 10kg,Grocery,8,703.12,0.21,2026-07-09
2026-07-12,Thane,SKU1003,Whole Wheat Atta 10kg,Grocery,10,435.21,0.14,2026-07-11
2026-07-12,Thane,SKU1004,Toor Dal 1kg,Grocery,16,147.03,0.57,2026-07-10
2026-07-12,Thane,SKU1005,Moong Dal 1kg,Grocery,13,129.63,0.54,2026-07-11
2026-07-12,Thane,SKU1006,Chana Dal 1kg,Grocery,7,93.74,0.32,2026-07-11
2026-07-12,Thane,SKU1007,Sugar 1kg,Grocery,3,45.12,0.18,2026-07-10
2026-07-12,Thane,SKU1008,Iodised Salt 1kg,Grocery,9,22.96,0.36,2026-07-07
2026-07-12,Thane,SKU1009,Sunflower Oil 1L,Grocery,10,144.69,0.25,2026-07-12
2026-07-12,Thane,SKU1010,Mustard Oil 1L,Grocery,6,170.1,0.07,2026-07-10
2026-07-12,Thane,SKU1011,Poha 500g,Grocery,19,36.0,2.14,2026-07-12
2026-07-12,Thane,SKU1012,Rava 1kg,Grocery,4,50.22,0.21,2026-07-09
2026-07-12,Thane,SKU1013,Turmeric Powder 200g,Grocery,13,41.76,0.57,2026-07-11
2026-07-12,Thane,SKU1014,Red Chilli Powder 200g,Grocery,6,52.56,0.21,2026-07-11
2026-07-12,Thane,SKU1015,Garam Masala 100g,Grocery,3,57.8,0.07,2026-07-03
2026-07-12,Thane,SKU1016,Groundnuts 500g,Grocery,2,78.85,0.0,
2026-07-12,Thane,SKU1017,Kabuli Chana 1kg,Grocery,9,118.15,0.29,2026-07-12
2026-07-12,Thane,SKU1018,Rajma 1kg,Grocery,7,140.25,0.07,2026-07-07
2026-07-12,Thane,SKU1019,Jaggery 1kg,Grocery,74,66.36,1.89,2026-07-12
2026-07-12,Thane,SKU1020,Vermicelli 400g,Grocery,4,32.76,0.11,2026-07-12
2026-07-12,Thane,SKU2001,Instant Noodles 4-pack,FMCG,5,47.04,0.04,2026-07-05
2026-07-12,Thane,SKU2002,Tomato Ketchup 1kg,FMCG,3,109.81,0.0,
2026-07-12,Thane,SKU2003,Corn Flakes 875g,FMCG,9,286.18,0.25,2026-07-11
2026-07-12,Thane,SKU2004,Oats 1kg,FMCG,7,161.19,0.11,2026-07-09
2026-07-12,Thane,SKU2005,Peanut Butter 340g,FMCG,26,137.83,1.0,2026-07-12
2026-07-12,Thane,SKU2006,Mixed Fruit Jam 500g,FMCG,28,116.22,2.64,2026-07-11
2026-07-12,Thane,SKU2007,Glucose Biscuits 800g,FMCG,7,77.4,0.11,2026-07-11
2026-07-12,Thane,SKU2008,Cream Biscuits 300g,FMCG,1,49.8,0.0,
2026-07-12,Thane,SKU2009,Potato Chips 150g,FMCG,6,38.0,0.11,2026-07-09
2026-07-12,Thane,SKU2010,Namkeen Mix 400g,FMCG,4,74.25,0.18,2026-07-10
2026-07-12,Thane,SKU2011,Dark Chocolate 100g,FMCG,12,84.0,0.39,2026-07-09
2026-07-12,Thane,SKU2012,Instant Coffee 100g,FMCG,279,239.2,6.89,2026-07-12
2026-07-12,Thane,SKU2013,Tea Leaves 500g,FMCG,10,217.3,0.11,2026-07-11
2026-07-12,Thane,SKU2014,Pasta Penne 500g,FMCG,0,85.1,0.0,
2026-07-12,Thane,SKU2015,Soya Chunks 200g,FMCG,14,33.88,0.57,2026-07-11
2026-07-12,Thane,SKU2016,Honey 500g,FMCG,14,189.24,0.25,2026-07-12
2026-07-12,Thane,SKU2017,Pickle Mango 400g,FMCG,13,91.59,0.21,2026-07-09
2026-07-12,Thane,SKU2018,Baking Soda 100g,FMCG,22,17.5,0.5,2026-07-12
2026-07-12,Thane,SKU2019,Custard Powder 100g,FMCG,15,34.56,0.36,2026-07-12
2026-07-12,Thane,SKU2020,Muesli 500g,FMCG,14,256.62,0.36,2026-07-12
2026-07-12,Thane,SKU3001,Sandwich Bread 400g,Bakery,2,35.1,0.18,2026-07-09
2026-07-12,Thane,SKU3002,Brown Bread 400g,Bakery,5,41.8,0.0,
2026-07-12,Thane,SKU3003,Multigrain Bread 400g,Bakery,5,48.1,0.0,
2026-07-12,Thane,SKU3004,Pav 6-pack,Bakery,7,22.5,0.07,2026-07-05
2026-07-12,Thane,SKU3005,Butter Croissant,Bakery,20,34.1,2.46,2026-07-12
2026-07-12,Thane,SKU3006,Chocolate Muffin,Bakery,3,36.0,0.0,
2026-07-12,Thane,SKU3007,Plum Cake 300g,Bakery,75,118.8,5.86,2026-07-12
2026-07-12,Thane,SKU3008,Garlic Bread,Bakery,4,60.8,0.04,2026-07-08
2026-07-12,Thane,SKU3009,Rusk 300g,Bakery,0,51.1,0.0,
2026-07-12,Thane,SKU3010,Fruit Bun,Bakery,2,16.75,0.04,2026-07-04
2026-07-12,Thane,SKU3011,Cheese Danish,Bakery,28,51.85,2.46,2026-07-12
2026-07-12,Thane,SKU3012,Burger Buns 4-pack,Bakery,9,36.0,0.18,2026-07-09
2026-07-12,Thane,SKU3013,Whole Wheat Cookies 250g,Bakery,0,71.5,0.11,2026-07-04
2026-07-12,Thane,SKU3014,Banana Walnut Loaf,Bakery,25,138.6,0.96,2026-07-10
2026-07-12,Thane,SKU3015,Cinnamon Roll,Bakery,2,44.25,0.18,2026-07-12
2026-07-12,Thane,SKU3016,Pizza Base 2-pack,Bakery,24,42.0,0.32,2026-07-11
2026-07-12,Thane,SKU4001,Mineral Water 1L,Beverages,7,15.0,0.04,2026-07-08
2026-07-12,Thane,SKU4002,Orange Juice 1L,Beverages,17,98.75,0.36,2026-07-11
2026-07-12,Thane,SKU4003,Mango Drink 1.2L,Beverages,7,70.2,0.11,2026-07-12
2026-07-12,Thane,SKU4004,Cola 2L,Beverages,9,77.9,0.32,2026-07-12
2026-07-12,Thane,SKU4005,Lemon Soda 750ml,Beverages,10,30.8,0.25,2026-07-09
2026-07-12,Thane,SKU4006,Coconut Water 200ml,Beverages,5,36.0,0.07,2026-07-10
2026-07-12,Thane,SKU4007,Energy Drink 250ml,Beverages,4,85.1,0.11,2026-07-11
2026-07-12,Thane,SKU4008,Cold Coffee 200ml,Beverages,6,38.0,0.32,2026-07-09
2026-07-12,Thane,SKU4009,Buttermilk 500ml,Beverages,8,24.3,0.21,2026-07-10
2026-07-12,Thane,SKU4010,Flavoured Milk 200ml,Beverages,11,28.7,0.29,2026-07-11
2026-07-12,Thane,SKU4011,Green Tea 25 bags,Beverages,9,113.6,0.57,2026-07-10
2026-07-12,Thane,SKU4012,Apple Juice 1L,Beverages,6,106.65,0.11,2026-07-06
2026-07-12,Thane,SKU4013,Soda Water 750ml,Beverages,7,18.25,0.14,2026-07-09
2026-07-12,Thane,SKU4014,Iced Tea 500ml,Beverages,7,45.0,0.25,2026-07-09
2026-07-12,Thane,SKU5001,Herbal Shampoo 340ml,Personal Care,9,178.85,0.5,2026-07-09
2026-07-12,Thane,SKU5002,Anti-dandruff Shampoo 180ml,Personal Care,8,143.28,0.14,2026-07-05
2026-07-12,Thane,SKU5003,Bath Soap 4-pack,Personal Care,3,140.4,0.18,2026-07-10
2026-07-12,Thane,SKU5004,Toothpaste 150g,Personal Care,10,75.24,0.11,2026-07-09
2026-07-12,Thane,SKU5005,Toothbrush Soft,Personal Care,3,26.0,0.14,2026-07-10
2026-07-12,Thane,SKU5006,Face Wash 100ml,Personal Care,6,117.25,0.25,2026-07-11
2026-07-12,Thane,SKU5007,Body Lotion 400ml,Personal Care,23,206.31,0.25,2026-07-09
2026-07-12,Thane,SKU5008,Coconut Hair Oil 500ml,Personal Care,7,145.53,0.14,2026-07-11
2026-07-12,Thane,SKU5009,Hand Wash Refill 750ml,Personal Care,2,81.65,0.0,
2026-07-12,Thane,SKU5010,Deodorant 150ml,Personal Care,10,148.5,0.14,2026-07-09
2026-07-12,Thane,SKU5011,Talcum Powder 300g,Personal Care,1,118.4,0.04,2026-07-07
2026-07-12,Thane,SKU5012,Shaving Foam 200g,Personal Care,13,133.0,0.21,2026-07-10
2026-07-12,Thane,SKU5013,Sanitary Pads 20s,Personal Care,30,142.2,1.5,2026-07-12
2026-07-12,Thane,SKU5014,Lip Balm 4.5g,Personal Care,3,57.0,0.04,2026-07-05
2026-07-12,Thane,SKU5015,Sunscreen SPF50 50ml,Personal Care,25,223.36,0.61,2026-07-12
2026-07-12,Thane,SKU5016,Cotton Buds 100s,Personal Care,8,34.1,0.07,2026-07-03
2026-07-12,Thane,SKU6001,Detergent Powder 4kg,Household,2,414.17,0.11,2026-07-09
2026-07-12,Thane,SKU6002,Liquid Detergent 2L,Household,6,306.99,0.54,2026-07-11
2026-07-12,Thane,SKU6003,Dishwash Bar 3-pack,Household,11,47.4,0.79,2026-07-11
2026-07-12,Thane,SKU6004,Dishwash Gel 750ml,Household,3,110.2,0.11,2026-07-08
2026-07-12,Thane,SKU6005,Floor Cleaner 1L,Household,7,134.25,0.18,2026-07-12
2026-07-12,Thane,SKU6006,Toilet Cleaner 1L,Household,2,117.8,0.07,2026-07-12
2026-07-12,Thane,SKU6007,Glass Cleaner 500ml,Household,24,79.2,0.68,2026-07-11
2026-07-12,Thane,SKU6008,Garbage Bags 30s,Household,16,81.6,0.32,2026-07-11
2026-07-12,Thane,SKU6009,Kitchen Towels 2-roll,Household,24,109.5,0.82,2026-07-10
2026-07-12,Thane,SKU6010,Toilet Rolls 6-pack,Household,15,169.4,0.64,2026-07-12
2026-07-12,Thane,SKU6011,Aluminium Foil 9m,Household,5,73.26,0.07,2026-07-02
2026-07-12,Thane,SKU6012,Scrub Pads 3-pack,Household,2,33.0,0.0,
2026-07-12,Thane,SKU6013,Mosquito Repellent Refill,Household,8,60.35,0.21,2026-07-09
2026-07-12,Thane,SKU6014,Air Freshener 240ml,Household,5,133.33,0.29,2026-07-11
2026-07-12,Thane,SKU6015,Phenyl 1L,Household,7,63.0,0.18,2026-07-12
2026-07-12,Thane,SKU6016,LED Bulb 9W,Household,15,71.5,0.46,2026-07-11
2026-07-19,Andheri,SKU1001,Basmati Rice 5kg,Grocery,18,558.14,0.54,2026-07-19
2026-07-19,Andheri,SKU1002,Sona Masoori Rice 10kg,Grocery,17,703.12,0.75,2026-07-19
2026-07-19,Andheri,SKU1003,Whole Wheat Atta 10kg,Grocery,4,435.21,0.07,2026-07-10
2026-07-19,Andheri,SKU1004,Toor Dal 1kg,Grocery,40,147.03,1.29,2026-07-19
2026-07-19,Andheri,SKU1005,Moong Dal 1kg,Grocery,17,129.63,0.75,2026-07-13
2026-07-19,Andheri,SKU1006,Chana Dal 1kg,Grocery,14,93.74,0.46,2026-07-17
2026-07-19,Andheri,SKU1007,Sugar 1kg,Grocery,9,45.12,0.36,2026-07-19
2026-07-19,Andheri,SKU1008,Iodised Salt 1kg,Grocery,16,22.96,0.43,2026-07-17
2026-07-19,Andheri,SKU1009,Sunflower Oil 1L,Grocery,4,144.69,0.18,2026-07-17
2026-07-19,Andheri,SKU1010,Mustard Oil 1L,Grocery,8,170.1,0.39,2026-07-13
2026-07-19,Andheri,SKU1011,Poha 500g,Grocery,69,36.0,6.21,2026-07-19
2026-07-19,Andheri,SKU1012,Rava 1kg,Grocery,18,50.22,1.18,2026-07-19
2026-07-19,Andheri,SKU1013,Turmeric Powder 200g,Grocery,13,41.76,0.64,2026-07-18
2026-07-19,Andheri,SKU1014,Red Chilli Powder 200g,Grocery,12,52.56,0.21,2026-07-17
2026-07-19,Andheri,SKU1015,Garam Masala 100g,Grocery,10,57.8,0.5,2026-07-19
2026-07-19,Andheri,SKU1016,Groundnuts 500g,Grocery,8,78.85,0.14,2026-07-10
2026-07-19,Andheri,SKU1017,Kabuli Chana 1kg,Grocery,7,118.15,0.46,2026-07-17
2026-07-19,Andheri,SKU1018,Rajma 1kg,Grocery,8,140.25,0.61,2026-07-19
2026-07-19,Andheri,SKU1019,Jaggery 1kg,Grocery,145,66.36,3.39,2026-07-19
2026-07-19,Andheri,SKU1020,Vermicelli 400g,Grocery,3,32.76,0.21,2026-07-15
2026-07-19,Andheri,SKU2001,Instant Noodles 4-pack,FMCG,3,47.04,0.14,2026-07-19
2026-07-19,Andheri,SKU2002,Tomato Ketchup 1kg,FMCG,5,109.81,0.0,
2026-07-19,Andheri,SKU2003,Corn Flakes 875g,FMCG,13,286.18,0.68,2026-07-19
2026-07-19,Andheri,SKU2004,Oats 1kg,FMCG,44,161.19,0.39,2026-07-19
2026-07-19,Andheri,SKU2005,Peanut Butter 340g,FMCG,30,137.83,1.43,2026-07-19
2026-07-19,Andheri,SKU2006,Mixed Fruit Jam 500g,FMCG,6,116.22,0.32,2026-07-15
2026-07-19,Andheri,SKU2007,Glucose Biscuits 800g,FMCG,27,77.4,0.75,2026-07-16
2026-07-19,Andheri,SKU2008,Cream Biscuits 300g,FMCG,0,49.8,0.0,
2026-07-19,Andheri,SKU2009,Potato Chips 150g,FMCG,6,38.0,0.29,2026-07-19
2026-07-19,Andheri,SKU2010,Namkeen Mix 400g,FMCG,8,74.25,0.14,2026-07-16
2026-07-19,Andheri,SKU2011,Dark Chocolate 100g,FMCG,13,84.0,0.5,2026-07-18
2026-07-19,Andheri,SKU2012,Instant Coffee 100g,FMCG,318,239.2,15.64,2026-07-19
2026-07-19,Andheri,SKU2013,Tea Leaves 500g,FMCG,15,217.3,0.29,2026-07-12
2026-07-19,Andheri,SKU2014,Pasta Penne 500g,FMCG,5,85.1,0.0,
2026-07-19,Andheri,SKU2015,Soya Chunks 200g,FMCG,24,33.88,1.46,2026-07-19
2026-07-19,Andheri,SKU2016,Honey 500g,FMCG,10,189.24,0.32,2026-07-19
2026-07-19,Andheri,SKU2017,Pickle Mango 400g,FMCG,5,91.59,0.21,2026-07-18
2026-07-19,Andheri,SKU2018,Baking Soda 100g,FMCG,8,17.5,0.18,2026-07-18
2026-07-19,Andheri,SKU2019,Custard Powder 100g,FMCG,15,34.56,1.25,2026-07-19
2026-07-19,Andheri,SKU2020,Muesli 500g,FMCG,6,256.62,0.39,2026-07-19
2026-07-19,Andheri,SKU3001,Sandwich Bread 400g,Bakery,15,35.1,0.32,2026-07-16
2026-07-19,Andheri,SKU3002,Brown Bread 400g,Bakery,0,41.8,0.0,
2026-07-19,Andheri,SKU3003,Multigrain Bread 400g,Bakery,3,48.1,0.14,2026-07-03
2026-07-19,Andheri,SKU3004,Pav 6-pack,Bakery,14,22.5,0.32,2026-07-16
2026-07-19,Andheri,SKU3005,Butter Croissant,Bakery,49,34.1,4.14,2026-07-19
2026-07-19,Andheri,SKU3006,Chocolate Muffin,Bakery,25,36.0,0.82,2026-07-19
2026-07-19,Andheri,SKU3007,Plum Cake 300g,Bakery,198,118.8,11.68,2026-07-19
2026-07-19,Andheri,SKU3008,Garlic Bread,Bakery,7,60.8,0.21,2026-07-14
2026-07-19,Andheri,SKU3009,Rusk 300g,Bakery,5,51.1,0.36,2026-07-19
2026-07-19,Andheri,SKU3010,Fruit Bun,Bakery,7,16.75,0.29,2026-07-19
2026-07-19,Andheri,SKU3011,Cheese Danish,Bakery,103,51.85,4.61,2026-07-19
2026-07-19,Andheri,SKU3012,Burger Buns 4-pack,Bakery,5,36.0,0.32,2026-07-18
2026-07-19,Andheri,SKU3013,Whole Wheat Cookies 250g,Bakery,0,71.5,0.0,
2026-07-19,Andheri,SKU3014,Banana Walnut Loaf,Bakery,66,138.6,1.25,2026-07-17
2026-07-19,Andheri,SKU3015,Cinnamon Roll,Bakery,17,44.25,0.25,2026-07-18
2026-07-19,Andheri,SKU3016,Pizza Base 2-pack,Bakery,26,42.0,1.32,2026-07-17
2026-07-19,Andheri,SKU4001,Mineral Water 1L,Beverages,4,15.0,0.14,2026-07-14
2026-07-19,Andheri,SKU4002,Orange Juice 1L,Beverages,0,98.75,0.36,2026-07-19
2026-07-19,Andheri,SKU4003,Mango Drink 1.2L,Beverages,11,70.2,0.32,2026-07-19
2026-07-19,Andheri,SKU4004,Cola 2L,Beverages,8,77.9,0.25,2026-07-17
2026-07-19,Andheri,SKU4005,Lemon Soda 750ml,Beverages,24,30.8,0.79,2026-07-19
2026-07-19,Andheri,SKU4006,Coconut Water 200ml,Beverages,7,36.0,0.07,2026-07-09
2026-07-19,Andheri,SKU4007,Energy Drink 250ml,Beverages,8,85.1,0.36,2026-07-16
2026-07-19,Andheri,SKU4008,Cold Coffee 200ml,Beverages,40,38.0,3.61,2026-07-19
2026-07-19,Andheri,SKU4009,Buttermilk 500ml,Beverages,84,24.3,0.89,2026-07-19
2026-07-19,Andheri,SKU4010,Flavoured Milk 200ml,Beverages,12,28.7,0.43,2026-07-13
2026-07-19,Andheri,SKU4011,Green Tea 25 bags,Beverages,69,113.6,2.21,2026-07-19
2026-07-19,Andheri,SKU4012,Apple Juice 1L,Beverages,7,106.65,0.39,2026-07-16
2026-07-19,Andheri,SKU4013,Soda Water 750ml,Beverages,17,18.25,0.68,2026-07-19
2026-07-19,Andheri,SKU4014,Iced Tea 500ml,Beverages,4,45.0,0.18,2026-07-19
2026-07-19,Andheri,SKU5001,Herbal Shampoo 340ml,Personal Care,16,178.85,0.68,2026-07-19
2026-07-19,Andheri,SKU5002,Anti-dandruff Shampoo 180ml,Personal Care,8,143.28,0.32,2026-07-17
2026-07-19,Andheri,SKU5003,Bath Soap 4-pack,Personal Care,6,140.4,0.36,2026-07-19
2026-07-19,Andheri,SKU5004,Toothpaste 150g,Personal Care,19,75.24,0.5,2026-07-19
2026-07-19,Andheri,SKU5005,Toothbrush Soft,Personal Care,18,26.0,0.5,2026-07-19
2026-07-19,Andheri,SKU5006,Face Wash 100ml,Personal Care,9,117.25,0.68,2026-07-19
2026-07-19,Andheri,SKU5007,Body Lotion 400ml,Personal Care,36,206.31,0.61,2026-07-18
2026-07-19,Andheri,SKU5008,Coconut Hair Oil 500ml,Personal Care,8,145.53,0.5,2026-07-19
2026-07-19,Andheri,SKU5009,Hand Wash Refill 750ml,Personal Care,24,81.65,0.39,2026-07-19
2026-07-19,Andheri,SKU5010,Deodorant 150ml,Personal Care,4,148.5,0.04,2026-07-01
2026-07-19,Andheri,SKU5011,Talcum Powder 300g,Personal Care,12,118.4,0.39,2026-07-18
2026-07-19,Andheri,SKU5012,Shaving Foam 200g,Personal Care,18,133.0,0.61,2026-07-19
2026-07-19,Andheri,SKU5013,Sanitary Pads 20s,Personal Care,126,142.2,1.39,2026-07-19
2026-07-19,Andheri,SKU5014,Lip Balm 4.5g,Personal Care,6,57.0,0.25,2026-07-18
2026-07-19,Andheri,SKU5015,Sunscreen SPF50 50ml,Personal Care,54,223.36,1.64,2026-07-19
2026-07-19,Andheri,SKU5016,Cotton Buds 100s,Personal Care,2,34.1,0.14,2026-07-19
2026-07-19,Andheri,SKU6001,Detergent Powder 4kg,Household,26,414.17,0.43,2026-07-19
2026-07-19,Andheri,SKU6002,Liquid Detergent 2L,Household,16,306.99,1.0,2026-07-19
2026-07-19,Andheri,SKU6003,Dishwash Bar 3-pack,Household,103,47.4,0.82,2026-07-19
2026-07-19,Andheri,SKU6004,Dishwash Gel 750ml,Household,10,110.2,0.21,2026-07-19
2026-07-19,Andheri,SKU6005,Floor Cleaner 1L,Household,14,134.25,0.36,2026-07-19
2026-07-19,Andheri,SKU6006,Toilet Cleaner 1L,Household,14,117.8,0.36,2026-07-14
2026-07-19,Andheri,SKU6007,Glass Cleaner 500ml,Household,74,79.2,1.54,2026-07-18
2026-07-19,Andheri,SKU6008,Garbage Bags 30s,Household,7,81.6,0.29,2026-07-12
2026-07-19,Andheri,SKU6009,Kitchen Towels 2-roll,Household,64,109.5,1.5,2026-07-19
2026-07-19,Andheri,SKU6010,Toilet Rolls 6-pack,Household,31,169.4,1.5,2026-07-19
2026-07-19,Andheri,SKU6011,Aluminium Foil 9m,Household,8,73.26,0.25,2026-07-18
2026-07-19,Andheri,SKU6012,Scrub Pads 3-pack,Household,5,33.0,0.0,
2026-07-19,Andheri,SKU6013,Mosquito Repellent Refill,Household,4,60.35,0.21,2026-07-15
2026-07-19,Andheri,SKU6014,Air Freshener 240ml,Household,17,133.33,0.36,2026-07-18
2026-07-19,Andheri,SKU6015,Phenyl 1L,Household,5,63.0,0.07,2026-07-16
2026-07-19,Andheri,SKU6016,LED Bulb 9W,Household,93,71.5,2.36,2026-07-19
2026-07-19,Mumbai Central,SKU1001,Basmati Rice 5kg,Grocery,7,558.14,0.25,2026-07-18
2026-07-19,Mumbai Central,SKU1002,Sona Masoori Rice 10kg,Grocery,40,703.12,0.82,2026-07-19
2026-07-19,Mumbai Central,SKU1003,Whole Wheat Atta 10kg,Grocery,16,435.21,0.43,2026-07-15
2026-07-19,Mumbai Central,SKU1004,Toor Dal 1kg,Grocery,21,147.03,1.11,2026-07-18
2026-07-19,Mumbai Central,SKU1005,Moong Dal 1kg,Grocery,31,129.63,0.86,2026-07-18
2026-07-19,Mumbai Central,SKU1006,Chana Dal 1kg,Grocery,9,93.74,0.61,2026-07-18
2026-07-19,Mumbai Central,SKU1007,Sugar 1kg,Grocery,8,45.12,0.21,2026-07-18
2026-07-19,Mumbai Central,SKU1008,Iodised Salt 1kg,Grocery,8,22.96,0.64,2026-07-19
2026-07-19,Mumbai Central,SKU1009,Sunflower Oil 1L,Grocery,4,144.69,0.18,2026-07-11
2026-07-19,Mumbai Central,SKU1010,Mustard Oil 1L,Grocery,3,170.1,0.04,2026-07-08
2026-07-19,Mumbai Central,SKU1011,Poha 500g,Grocery,59,36.0,7.79,2026-07-19
2026-07-19,Mumbai Central,SKU1012,Rava 1kg,Grocery,27,50.22,0.71,2026-07-19
2026-07-19,Mumbai Central,SKU1013,Turmeric Powder 200g,Grocery,35,41.76,1.21,2026-07-18
2026-07-19,Mumbai Central,SKU1014,Red Chilli Powder 200g,Grocery,12,52.56,0.36,2026-07-17
2026-07-19,Mumbai Central,SKU1015,Garam Masala 100g,Grocery,9,57.8,0.29,2026-07-18
2026-07-19,Mumbai Central,SKU1016,Groundnuts 500g,Grocery,13,78.85,0.18,2026-07-17
2026-07-19,Mumbai Central,SKU1017,Kabuli Chana 1kg,Grocery,15,118.15,0.61,2026-07-19
2026-07-19,Mumbai Central,SKU1018,Rajma 1kg,Grocery,8,140.25,0.46,2026-07-08
2026-07-19,Mumbai Central,SKU1019,Jaggery 1kg,Grocery,59,66.36,3.21,2026-07-19
2026-07-19,Mumbai Central,SKU1020,Vermicelli 400g,Grocery,13,32.76,0.32,2026-07-16
2026-07-19,Mumbai Central,SKU2001,Instant Noodles 4-pack,FMCG,6,47.04,0.18,2026-07-17
2026-07-19,Mumbai Central,SKU2002,Tomato Ketchup 1kg,FMCG,3,109.81,0.0,
2026-07-19,Mumbai Central,SKU2003,Corn Flakes 875g,FMCG,13,286.18,1.11,2026-07-19
2026-07-19,Mumbai Central,SKU2004,Oats 1kg,FMCG,14,161.19,0.32,2026-07-19
2026-07-19,Mumbai Central,SKU2005,Peanut Butter 340g,FMCG,262,137.83,1.86,2026-07-19
2026-07-19,Mumbai Central,SKU2006,Mixed Fruit Jam 500g,FMCG,35,116.22,0.61,2026-07-16
2026-07-19,Mumbai Central,SKU2007,Glucose Biscuits 800g,FMCG,25,77.4,0.54,2026-07-18
2026-07-19,Mumbai Central,SKU2008,Cream Biscuits 300g,FMCG,0,49.8,0.0,
2026-07-19,Mumbai Central,SKU2009,Potato Chips 150g,FMCG,11,38.0,0.25,2026-07-16
2026-07-19,Mumbai Central,SKU2010,Namkeen Mix 400g,FMCG,5,74.25,0.25,2026-07-18
2026-07-19,Mumbai Central,SKU2011,Dark Chocolate 100g,FMCG,24,84.0,0.5,2026-07-14
2026-07-19,Mumbai Central,SKU2012,Instant Coffee 100g,FMCG,597,239.2,16.71,2026-07-19
2026-07-19,Mumbai Central,SKU2013,Tea Leaves 500g,FMCG,13,217.3,0.39,2026-07-18
2026-07-19,Mumbai Central,SKU2014,Pasta Penne 500g,FMCG,2,85.1,0.0,
2026-07-19,Mumbai Central,SKU2015,Soya Chunks 200g,FMCG,34,33.88,1.64,2026-07-19
2026-07-19,Mumbai Central,SKU2016,Honey 500g,FMCG,13,189.24,0.64,2026-07-19
2026-07-19,Mumbai Central,SKU2017,Pickle Mango 400g,FMCG,25,91.59,0.68,2026-07-16
2026-07-19,Mumbai Central,SKU2018,Baking Soda 100g,FMCG,28,17.5,0.68,2026-07-19
2026-07-19,Mumbai Central,SKU2019,Custard Powder 100g,FMCG,32,34.56,1.25,2026-07-19
2026-07-19,Mumbai Central,SKU2020,Muesli 500g,FMCG,8,256.62,0.18,2026-07-19
2026-07-19,Mumbai Central,SKU3001,Sandwich Bread 400g,Bakery,17,35.1,0.61,2026-07-13
2026-07-19,Mumbai Central,SKU3002,Brown Bread 400g,Bakery,3,41.8,0.0,
2026-07-19,Mumbai Central,SKU3003,Multigrain Bread 400g,Bakery,3,48.1,0.0,
2026-07-19,Mumbai Central,SKU3004,Pav 6-pack,Bakery,14,22.5,0.39,2026-07-08
2026-07-19,Mumbai Central,SKU3005,Butter Croissant,Bakery,113,34.1,4.71,2026-07-19
2026-07-19,Mumbai Central,SKU3006,Chocolate Muffin,Bakery,7,36.0,0.29,2026-07-18
2026-07-19,Mumbai Central,SKU3007,Plum Cake 300g,Bakery,162,118.8,12.25,2026-07-19
2026-07-19,Mumbai Central,SKU3008,Garlic Bread,Bakery,7,60.8,0.32,2026-07-18
2026-07-19,Mumbai Central,SKU3009,Rusk 300g,Bakery,22,51.1,0.68,2026-07-19
2026-07-19,Mumbai Central,SKU3010,Fruit Bun,Bakery,16,16.75,0.71,2026-07-18
2026-07-19,Mumbai Central,SKU3011,Cheese Danish,Bakery,327,51.85,6.61,2026-07-19
2026-07-19,Mumbai Central,SKU3012,Burger Buns 4-pack,Bakery,83,36.0,2.46,2026-07-19
2026-07-19,Mumbai Central,SKU3013,Whole Wheat Cookies 250g,Bakery,21,71.5,0.25,2026-07-19
2026-07-19,Mumbai Central,SKU3014,Banana Walnut Loaf,Bakery,58,138.6,1.14,2026-07-19
2026-07-19,Mumbai Central,SKU3015,Cinnamon Roll,Bakery,11,44.25,0.14,2026-07-18
2026-07-19,Mumbai Central,SKU3016,Pizza Base 2-pack,Bakery,24,42.0,0.64,2026-07-19
2026-07-19,Mumbai Central,SKU4001,Mineral Water 1L,Beverages,9,15.0,0.25,2026-07-15
2026-07-19,Mumbai Central,SKU4002,Orange Juice 1L,Beverages,37,98.75,0.75,2026-07-19
2026-07-19,Mumbai Central,SKU4003,Mango Drink 1.2L,Beverages,22,70.2,0.61,2026-07-16
2026-07-19,Mumbai Central,SKU4004,Cola 2L,Beverages,26,77.9,0.29,2026-07-19
2026-07-19,Mumbai Central,SKU4005,Lemon Soda 750ml,Beverages,27,30.8,0.86,2026-07-18
2026-07-19,Mumbai Central,SKU4006,Coconut Water 200ml,Beverages,5,36.0,0.25,2026-07-12
2026-07-19,Mumbai Central,SKU4007,Energy Drink 250ml,Beverages,5,85.1,0.14,2026-07-16
2026-07-19,Mumbai Central,SKU4008,Cold Coffee 200ml,Beverages,27,38.0,1.14,2026-07-18
2026-07-19,Mumbai Central,SKU4009,Buttermilk 500ml,Beverages,14,24.3,0.71,2026-07-17
2026-07-19,Mumbai Central,SKU4010,Flavoured Milk 200ml,Beverages,23,28.7,0.43,2026-07-18
2026-07-19,Mumbai Central,SKU4011,Green Tea 25 bags,Beverages,54,113.6,2.54,2026-07-19
2026-07-19,Mumbai Central,SKU4012,Apple Juice 1L,Beverages,23,106.65,0.54,2026-07-19
2026-07-19,Mumbai Central,SKU4013,Soda Water 750ml,Beverages,7,18.25,0.32,2026-07-19
2026-07-19,Mumbai Central,SKU4014,Iced Tea 500ml,Beverages,11,45.0,0.43,2026-07-13
2026-07-19,Mumbai Central,SKU5001,Herbal Shampoo 340ml,Personal Care,28,178.85,1.04,2026-07-19
2026-07-19,Mumbai Central,SKU5002,Anti-dandruff Shampoo 180ml,Personal Care,12,143.28,0.43,2026-07-18
2026-07-19,Mumbai Central,SKU5003,Bath Soap 4-pack,Personal Care,8,140.4,0.29,2026-07-15
2026-07-19,Mumbai Central,SKU5004,Toothpaste 150g,Personal Care,15,75.24,0.39,2026-07-17
2026-07-19,Mumbai Central,SKU5005,Toothbrush Soft,Personal Care,17,26.0,1.04,2026-07-19
2026-07-19,Mumbai Central,SKU5006,Face Wash 100ml,Personal Care,22,117.25,1.11,2026-07-18
2026-07-19,Mumbai Central,SKU5007,Body Lotion 400ml,Personal Care,9,206.31,0.25,2026-07-17
2026-07-19,Mumbai Central,SKU5008,Coconut Hair Oil 500ml,Personal Care,5,145.53,0.11,2026-07-08
2026-07-19,Mumbai Central,SKU5009,Hand Wash Refill 750ml,Personal Care,9,81.65,0.46,2026-07-17
2026-07-19,Mumbai Central,SKU5010,Deodorant 150ml,Personal Care,8,148.5,0.11,2026-07-16
2026-07-19,Mumbai Central,SKU5011,Talcum Powder 300g,Personal Care,9,118.4,0.18,2026-07-11
2026-07-19,Mumbai Central,SKU5012,Shaving Foam 200g,Personal Care,24,133.0,0.29,2026-07-19
2026-07-19,Mumbai Central,SKU5013,Sanitary Pads 20s,Personal Care,64,142.2,2.46,2026-07-19
2026-07-19,Mumbai Central,SKU5014,Lip Balm 4.5g,Personal Care,4,57.0,0.04,2026-07-17
2026-07-19,Mumbai Central,SKU5015,Sunscreen SPF50 50ml,Personal Care,91,223.36,1.61,2026-07-18
2026-07-19,Mumbai Central,SKU5016,Cotton Buds 100s,Personal Care,19,34.1,0.46,2026-07-19
2026-07-19,Mumbai Central,SKU6001,Detergent Powder 4kg,Household,29,414.17,0.61,2026-07-19
2026-07-19,Mumbai Central,SKU6002,Liquid Detergent 2L,Household,10,306.99,0.64,2026-07-19
2026-07-19,Mumbai Central,SKU6003,Dishwash Bar 3-pack,Household,20,47.4,1.11,2026-07-19
2026-07-19,Mumbai Central,SKU6004,Dishwash Gel 750ml,Household,7,110.2,0.61,2026-07-17
2026-07-19,Mumbai Central,SKU6005,Floor Cleaner 1L,Household,30,134.25,0.82,2026-07-19
2026-07-19,Mumbai Central,SKU6006,Toilet Cleaner 1L,Household,27,117.8,0.46,2026-07-19
2026-07-19,Mumbai Central,SKU6007,Glass Cleaner 500ml,Household,30,79.2,1.82,2026-07-19
2026-07-19,Mumbai Central,SKU6008,Garbage Bags 30s,Household,20,81.6,0.54,2026-07-19
2026-07-19,Mumbai Central,SKU6009,Kitchen Towels 2-roll,Household,72,109.5,1.96,2026-07-19
2026-07-19,Mumbai Central,SKU6010,Toilet Rolls 6-pack,Household,48,169.4,1.75,2026-07-19
2026-07-19,Mumbai Central,SKU6011,Aluminium Foil 9m,Household,25,73.26,0.5,2026-07-17
2026-07-19,Mumbai Central,SKU6012,Scrub Pads 3-pack,Household,0,33.0,0.0,
2026-07-19,Mumbai Central,SKU6013,Mosquito Repellent Refill,Household,2,60.35,0.11,2026-07-15
2026-07-19,Mumbai Central,SKU6014,Air Freshener 240ml,Household,6,133.33,0.32,2026-07-19
2026-07-19,Mumbai Central,SKU6015,Phenyl 1L,Household,11,63.0,0.29,2026-07-16
2026-07-19,Mumbai Central,SKU6016,LED Bulb 9W,Household,25,71.5,1.79,2026-07-19
2026-07-19,Navi Mumbai,SKU1001,Basmati Rice 5kg,Grocery,7,558.14,0.32,2026-07-18
2026-07-19,Navi Mumbai,SKU1002,Sona Masoori Rice 10kg,Grocery,12,703.12,0.5,2026-07-18
2026-07-19,Navi Mumbai,SKU1003,Whole Wheat Atta 10kg,Grocery,16,435.21,0.25,2026-07-18
2026-07-19,Navi Mumbai,SKU1004,Toor Dal 1kg,Grocery,14,147.03,0.54,2026-07-19
2026-07-19,Navi Mumbai,SKU1005,Moong Dal 1kg,Grocery,17,129.63,0.68,2026-07-16
2026-07-19,Navi Mumbai,SKU1006,Chana Dal 1kg,Grocery,14,93.74,0.43,2026-07-18
2026-07-19,Navi Mumbai,SKU1007,Sugar 1kg,Grocery,0,45.12,0.0,
2026-07-19,Navi Mumbai,SKU1008,Iodised Salt 1kg,Grocery,11,22.96,0.43,2026-07-19
2026-07-19,Navi Mumbai,SKU1009,Sunflower Oil 1L,Grocery,8,144.69,0.18,2026-07-18
2026-07-19,Navi Mumbai,SKU1010,Mustard Oil 1L,Grocery,9,170.1,0.11,2026-07-17
2026-07-19,Navi Mumbai,SKU1011,Poha 500g,Grocery,80,36.0,4.5,2026-07-19
2026-07-19,Navi Mumbai,SKU1012,Rava 1kg,Grocery,9,50.22,0.39,2026-07-18
2026-07-19,Navi Mumbai,SKU1013,Turmeric Powder 200g,Grocery,17,41.76,0.5,2026-07-18
2026-07-19,Navi Mumbai,SKU1014,Red Chilli Powder 200g,Grocery,5,52.56,0.0,
2026-07-19,Navi Mumbai,SKU1015,Garam Masala 100g,Grocery,11,57.8,0.21,2026-07-18
2026-07-19,Navi Mumbai,SKU1016,Groundnuts 500g,Grocery,8,78.85,0.25,2026-07-19
2026-07-19,Navi Mumbai,SKU1017,Kabuli Chana 1kg,Grocery,8,118.15,0.32,2026-07-19
2026-07-19,Navi Mumbai,SKU1018,Rajma 1kg,Grocery,9,140.25,0.25,2026-07-11
2026-07-19,Navi Mumbai,SKU1019,Jaggery 1kg,Grocery,51,66.36,1.93,2026-07-19
2026-07-19,Navi Mumbai,SKU1020,Vermicelli 400g,Grocery,1,32.76,0.04,2026-07-15
2026-07-19,Navi Mumbai,SKU2001,Instant Noodles 4-pack,FMCG,8,47.04,0.25,2026-07-09
2026-07-19,Navi Mumbai,SKU2002,Tomato Ketchup 1kg,FMCG,1,109.81,0.0,
2026-07-19,Navi Mumbai,SKU2003,Corn Flakes 875g,FMCG,10,286.18,0.68,2026-07-17
2026-07-19,Navi Mumbai,SKU2004,Oats 1kg,FMCG,8,161.19,0.14,2026-07-18
2026-07-19,Navi Mumbai,SKU2005,Peanut Butter 340g,FMCG,41,137.83,1.46,2026-07-19
2026-07-19,Navi Mumbai,SKU2006,Mixed Fruit Jam 500g,FMCG,7,116.22,0.14,2026-07-13
2026-07-19,Navi Mumbai,SKU2007,Glucose Biscuits 800g,FMCG,5,77.4,0.14,2026-07-19
2026-07-19,Navi Mumbai,SKU2008,Cream Biscuits 300g,FMCG,0,49.8,0.0,
2026-07-19,Navi Mumbai,SKU2009,Potato Chips 150g,FMCG,10,38.0,0.29,2026-07-19
2026-07-19,Navi Mumbai,SKU2010,Namkeen Mix 400g,FMCG,2,74.25,0.04,2026-07-04
2026-07-19,Navi Mumbai,SKU2011,Dark Chocolate 100g,FMCG,3,84.0,0.21,2026-07-15
2026-07-19,Navi Mumbai,SKU2012,Instant Coffee 100g,FMCG,135,239.2,9.86,2026-07-19
2026-07-19,Navi Mumbai,SKU2013,Tea Leaves 500g,FMCG,13,217.3,0.18,2026-07-18
2026-07-19,Navi Mumbai,SKU2014,Pasta Penne 500g,FMCG,3,85.1,0.0,
2026-07-19,Navi Mumbai,SKU2015,Soya Chunks 200g,FMCG,40,33.88,1.39,2026-07-19
2026-07-19,Navi Mumbai,SKU2016,Honey 500g,FMCG,9,189.24,0.46,2026-07-18
2026-07-19,Navi Mumbai,SKU2017,Pickle Mango 400g,FMCG,14,91.59,0.32,2026-07-18
2026-07-19,Navi Mumbai,SKU2018,Baking Soda 100g,FMCG,6,17.5,0.29,2026-07-18
2026-07-19,Navi Mumbai,SKU2019,Custard Powder 100g,FMCG,7,34.56,0.39,2026-07-19
2026-07-19,Navi Mumbai,SKU2020,Muesli 500g,FMCG,10,256.62,0.36,2026-07-16
2026-07-19,Navi Mumbai,SKU3001,Sandwich Bread 400g,Bakery,3,35.1,0.11,2026-07-18
2026-07-19,Navi Mumbai,SKU3002,Brown Bread 400g,Bakery,3,41.8,0.0,
2026-07-19,Navi Mumbai,SKU3003,Multigrain Bread 400g,Bakery,2,48.1,0.0,
2026-07-19,Navi Mumbai,SKU3004,Pav 6-pack,Bakery,17,22.5,0.5,2026-07-18
2026-07-19,Navi Mumbai,SKU3005,Butter Croissant,Bakery,57,34.1,3.0,2026-07-19
2026-07-19,Navi Mumbai,SKU3006,Chocolate Muffin,Bakery,8,36.0,0.21,2026-07-17
2026-07-19,Navi Mumbai,SKU3007,Plum Cake 300g,Bakery,240,118.8,8.11,2026-07-19
2026-07-19,Navi Mumbai,SKU3008,Garlic Bread,Bakery,17,60.8,0.36,2026-07-16
2026-07-19,Navi Mumbai,SKU3009,Rusk 300g,Bakery,8,51.1,0.11,2026-07-18
2026-07-19,Navi Mumbai,SKU3010,Fruit Bun,Bakery,9,16.75,0.46,2026-07-18
2026-07-19,Navi Mumbai,SKU3011,Cheese Danish,Bakery,113,51.85,4.25,2026-07-19
2026-07-19,Navi Mumbai,SKU3012,Burger Buns 4-pack,Bakery,13,36.0,0.18,2026-07-13
2026-07-19,Navi Mumbai,SKU3013,Whole Wheat Cookies 250g,Bakery,0,71.5,0.36,2026-07-12
2026-07-19,Navi Mumbai,SKU3014,Banana Walnut Loaf,Bakery,22,138.6,1.14,2026-07-19
2026-07-19,Navi Mumbai,SKU3015,Cinnamon Roll,Bakery,9,44.25,0.21,2026-07-18
2026-07-19,Navi Mumbai,SKU3016,Pizza Base 2-pack,Bakery,9,42.0,0.21,2026-07-18
2026-07-19,Navi Mumbai,SKU4001,Mineral Water 1L,Beverages,0,15.0,0.0,
2026-07-19,Navi Mumbai,SKU4002,Orange Juice 1L,Beverages,7,98.75,0.25,2026-07-17
2026-07-19,Navi Mumbai,SKU4003,Mango Drink 1.2L,Beverages,7,70.2,0.54,2026-07-18
2026-07-19,Navi Mumbai,SKU4004,Cola 2L,Beverages,4,77.9,0.07,2026-07-17
2026-07-19,Navi Mumbai,SKU4005,Lemon Soda 750ml,Beverages,13,30.8,0.39,2026-07-19
2026-07-19,Navi Mumbai,SKU4006,Coconut Water 200ml,Beverages,6,36.0,0.07,2026-07-03
2026-07-19,Navi Mumbai,SKU4007,Energy Drink 250ml,Beverages,4,85.1,0.07,2026-07-06
2026-07-19,Navi Mumbai,SKU4008,Cold Coffee 200ml,Beverages,42,38.0,1.07,2026-07-17
2026-07-19,Navi Mumbai,SKU4009,Buttermilk 500ml,Beverages,8,24.3,0.39,2026-07-18
2026-07-19,Navi Mumbai,SKU4010,Flavoured Milk 200ml,Beverages,27,28.7,0.39,2026-07-19
2026-07-19,Navi Mumbai,SKU4011,Green Tea 25 bags,Beverages,31,113.6,0.79,2026-07-18
2026-07-19,Navi Mumbai,SKU4012,Apple Juice 1L,Beverages,19,106.65,0.46,2026-07-14
2026-07-19,Navi Mumbai,SKU4013,Soda Water 750ml,Beverages,9,18.25,0.39,2026-07-16
2026-07-19,Navi Mumbai,SKU4014,Iced Tea 500ml,Beverages,5,45.0,0.46,2026-07-14
2026-07-19,Navi Mumbai,SKU5001,Herbal Shampoo 340ml,Personal Care,28,178.85,0.68,2026-07-19
2026-07-19,Navi Mumbai,SKU5002,Anti-dandruff Shampoo 180ml,Personal Care,13,143.28,0.32,2026-07-17
2026-07-19,Navi Mumbai,SKU5003,Bath Soap 4-pack,Personal Care,20,140.4,0.32,2026-07-09
2026-07-19,Navi Mumbai,SKU5004,Toothpaste 150g,Personal Care,9,75.24,0.21,2026-07-18
2026-07-19,Navi Mumbai,SKU5005,Toothbrush Soft,Personal Care,6,26.0,0.29,2026-07-12
2026-07-19,Navi Mumbai,SKU5006,Face Wash 100ml,Personal Care,17,117.25,0.36,2026-07-18
2026-07-19,Navi Mumbai,SKU5007,Body Lotion 400ml,Personal Care,31,206.31,0.39,2026-07-18
2026-07-19,Navi Mumbai,SKU5008,Coconut Hair Oil 500ml,Personal Care,6,145.53,0.14,2026-07-18
2026-07-19,Navi Mumbai,SKU5009,Hand Wash Refill 750ml,Personal Care,3,81.65,0.07,2026-07-06
2026-07-19,Navi Mumbai,SKU5010,Deodorant 150ml,Personal Care,2,148.5,0.11,2026-07-06
2026-07-19,Navi Mumbai,SKU5011,Talcum Powder 300g,Personal Care,5,118.4,0.14,2026-07-19
2026-07-19,Navi Mumbai,SKU5012,Shaving Foam 200g,Personal Care,18,133.0,0.43,2026-07-16
2026-07-19,Navi Mumbai,SKU5013,Sanitary Pads 20s,Personal Care,36,142.2,2.36,2026-07-19
2026-07-19,Navi Mumbai,SKU5014,Lip Balm 4.5g,Personal Care,4,57.0,0.11,2026-07-05
2026-07-19,Navi Mumbai,SKU5015,Sunscreen SPF50 50ml,Personal Care,73,223.36,1.29,2026-07-19
2026-07-19,Navi Mumbai,SKU5016,Cotton Buds 100s,Personal Care,3,34.1,0.14,2026-07-17
2026-07-19,Navi Mumbai,SKU6001,Detergent Powder 4kg,Household,12,414.17,0.39,2026-07-18
2026-07-19,Navi Mumbai,SKU6002,Liquid Detergent 2L,Household,9,306.99,1.21,2026-07-19
2026-07-19,Navi Mumbai,SKU6003,Dishwash Bar 3-pack,Household,22,47.4,0.68,2026-07-17
2026-07-19,Navi Mumbai,SKU6004,Dishwash Gel 750ml,Household,6,110.2,0.21,2026-07-18
2026-07-19,Navi Mumbai,SKU6005,Floor Cleaner 1L,Household,6,134.25,0.14,2026-07-16
2026-07-19,Navi Mumbai,SKU6006,Toilet Cleaner 1L,Household,12,117.8,0.32,2026-07-19
2026-07-19,Navi Mumbai,SKU6007,Glass Cleaner 500ml,Household,31,79.2,1.14,2026-07-18
2026-07-19,Navi Mumbai,SKU6008,Garbage Bags 30s,Household,6,81.6,0.25,2026-07-11
2026-07-19,Navi Mumbai,SKU6009,Kitchen Towels 2-roll,Household,24,109.5,0.79,2026-07-19
2026-07-19,Navi Mumbai,SKU6010,Toilet Rolls 6-pack,Household,23,169.4,0.57,2026-07-18
2026-07-19,Navi Mumbai,SKU6011,Aluminium Foil 9m,Household,18,73.26,0.43,2026-07-19
2026-07-19,Navi Mumbai,SKU6012,Scrub Pads 3-pack,Household,6,33.0,0.04,2026-07-15
2026-07-19,Navi Mumbai,SKU6013,Mosquito Repellent Refill,Household,5,60.35,0.04,2026-07-19
2026-07-19,Navi Mumbai,SKU6014,Air Freshener 240ml,Household,10,133.33,0.32,2026-07-19
2026-07-19,Navi Mumbai,SKU6015,Phenyl 1L,Household,4,63.0,0.04,2026-07-04
2026-07-19,Navi Mumbai,SKU6016,LED Bulb 9W,Household,31,71.5,1.82,2026-07-19
2026-07-19,Powai,SKU1001,Basmati Rice 5kg,Grocery,18,558.14,0.29,2026-07-07
2026-07-19,Powai,SKU1002,Sona Masoori Rice 10kg,Grocery,12,703.12,0.93,2026-07-19
2026-07-19,Powai,SKU1003,Whole Wheat Atta 10kg,Grocery,3,435.21,0.0,
2026-07-19,Powai,SKU1004,Toor Dal 1kg,Grocery,20,147.03,0.46,2026-07-17
2026-07-19,Powai,SKU1005,Moong Dal 1kg,Grocery,15,129.63,0.36,2026-07-19
2026-07-19,Powai,SKU1006,Chana Dal 1kg,Grocery,10,93.74,0.14,2026-07-16
2026-07-19,Powai,SKU1007,Sugar 1kg,Grocery,10,45.12,0.32,2026-07-14
2026-07-19,Powai,SKU1008,Iodised Salt 1kg,Grocery,23,22.96,0.79,2026-07-19
2026-07-19,Powai,SKU1009,Sunflower Oil 1L,Grocery,5,144.69,0.07,2026-07-17
2026-07-19,Powai,SKU1010,Mustard Oil 1L,Grocery,4,170.1,0.11,2026-07-12
2026-07-19,Powai,SKU1011,Poha 500g,Grocery,49,36.0,4.18,2026-07-19
2026-07-19,Powai,SKU1012,Rava 1kg,Grocery,35,50.22,0.46,2026-07-14
2026-07-19,Powai,SKU1013,Turmeric Powder 200g,Grocery,24,41.76,0.79,2026-07-19
2026-07-19,Powai,SKU1014,Red Chilli Powder 200g,Grocery,7,52.56,0.14,2026-07-19
2026-07-19,Powai,SKU1015,Garam Masala 100g,Grocery,5,57.8,0.0,
2026-07-19,Powai,SKU1016,Groundnuts 500g,Grocery,14,78.85,0.43,2026-07-16
2026-07-19,Powai,SKU1017,Kabuli Chana 1kg,Grocery,13,118.15,0.32,2026-07-18
2026-07-19,Powai,SKU1018,Rajma 1kg,Grocery,226,140.25,2.21,2026-07-16
2026-07-19,Powai,SKU1019,Jaggery 1kg,Grocery,44,66.36,3.46,2026-07-19
2026-07-19,Powai,SKU1020,Vermicelli 400g,Grocery,5,32.76,0.36,2026-07-17
2026-07-19,Powai,SKU2001,Instant Noodles 4-pack,FMCG,3,47.04,0.0,
2026-07-19,Powai,SKU2002,Tomato Ketchup 1kg,FMCG,2,109.81,0.0,
2026-07-19,Powai,SKU2003,Corn Flakes 875g,FMCG,7,286.18,0.46,2026-07-15
2026-07-19,Powai,SKU2004,Oats 1kg,FMCG,5,161.19,0.21,2026-07-13
2026-07-19,Powai,SKU2005,Peanut Butter 340g,FMCG,19,137.83,1.54,2026-07-19
2026-07-19,Powai,SKU2006,Mixed Fruit Jam 500g,FMCG,24,116.22,0.39,2026-07-19
2026-07-19,Powai,SKU2007,Glucose Biscuits 800g,FMCG,11,77.4,0.29,2026-07-13
2026-07-19,Powai,SKU2008,Cream Biscuits 300g,FMCG,2,49.8,0.0,
2026-07-19,Powai,SKU2009,Potato Chips 150g,FMCG,17,38.0,0.36,2026-07-14
2026-07-19,Powai,SKU2010,Namkeen Mix 400g,FMCG,6,74.25,0.25,2026-07-12
2026-07-19,Powai,SKU2011,Dark Chocolate 100g,FMCG,11,84.0,0.57,2026-07-18
2026-07-19,Powai,SKU2012,Instant Coffee 100g,FMCG,613,239.2,11.18,2026-07-19
2026-07-19,Powai,SKU2013,Tea Leaves 500g,FMCG,3,217.3,0.18,2026-07-12
2026-07-19,Powai,SKU2014,Pasta Penne 500g,FMCG,5,85.1,0.0,
2026-07-19,Powai,SKU2015,Soya Chunks 200g,FMCG,29,33.88,1.64,2026-07-19
2026-07-19,Powai,SKU2016,Honey 500g,FMCG,12,189.24,0.32,2026-07-15
2026-07-19,Powai,SKU2017,Pickle Mango 400g,FMCG,13,91.59,0.29,2026-07-16
2026-07-19,Powai,SKU2018,Baking Soda 100g,FMCG,19,17.5,0.57,2026-07-19
2026-07-19,Powai,SKU2019,Custard Powder 100g,FMCG,18,34.56,0.43,2026-07-19
2026-07-19,Powai,SKU2020,Muesli 500g,FMCG,21,256.62,0.57,2026-07-19
2026-07-19,Powai,SKU3001,Sandwich Bread 400g,Bakery,10,35.1,0.36,2026-07-11
2026-07-19,Powai,SKU3002,Brown Bread 400g,Bakery,2,41.8,0.0,
2026-07-19,Powai,SKU3003,Multigrain Bread 400g,Bakery,0,48.1,0.0,
2026-07-19,Powai,SKU3004,Pav 6-pack,Bakery,10,22.5,0.32,2026-07-19
2026-07-19,Powai,SKU3005,Butter Croissant,Bakery,129,34.1,2.96,2026-07-19
2026-07-19,Powai,SKU3006,Chocolate Muffin,Bakery,7,36.0,0.43,2026-07-18
2026-07-19,Powai,SKU3007,Plum Cake 300g,Bakery,346,118.8,8.96,2026-07-19
2026-07-19,Powai,SKU3008,Garlic Bread,Bakery,7,60.8,0.21,2026-07-18
2026-07-19,Powai,SKU3009,Rusk 300g,Bakery,20,51.1,0.32,2026-07-19
2026-07-19,Powai,SKU3010,Fruit Bun,Bakery,0,16.75,0.32,2026-07-16
2026-07-19,Powai,SKU3011,Cheese Danish,Bakery,70,51.85,4.36,2026-07-19
2026-07-19,Powai,SKU3012,Burger Buns 4-pack,Bakery,11,36.0,0.32,2026-07-19
2026-07-19,Powai,SKU3013,Whole Wheat Cookies 250g,Bakery,7,71.5,0.11,2026-07-15
2026-07-19,Powai,SKU3014,Banana Walnut Loaf,Bakery,35,138.6,0.79,2026-07-19
2026-07-19,Powai,SKU3015,Cinnamon Roll,Bakery,7,44.25,0.29,2026-07-06
2026-07-19,Powai,SKU3016,Pizza Base 2-pack,Bakery,39,42.0,0.68,2026-07-14
2026-07-19,Powai,SKU4001,Mineral Water 1L,Beverages,10,15.0,0.18,2026-07-07
2026-07-19,Powai,SKU4002,Orange Juice 1L,Beverages,16,98.75,0.43,2026-07-14
2026-07-19,Powai,SKU4003,Mango Drink 1.2L,Beverages,12,70.2,0.46,2026-07-19
2026-07-19,Powai,SKU4004,Cola 2L,Beverages,6,77.9,0.07,2026-07-04
2026-07-19,Powai,SKU4005,Lemon Soda 750ml,Beverages,62,30.8,0.89,2026-07-17
2026-07-19,Powai,SKU4006,Coconut Water 200ml,Beverages,7,36.0,0.21,2026-07-15
2026-07-19,Powai,SKU4007,Energy Drink 250ml,Beverages,8,85.1,0.21,2026-07-07
2026-07-19,Powai,SKU4008,Cold Coffee 200ml,Beverages,12,38.0,0.89,2026-07-18
2026-07-19,Powai,SKU4009,Buttermilk 500ml,Beverages,14,24.3,0.43,2026-07-19
2026-07-19,Powai,SKU4010,Flavoured Milk 200ml,Beverages,3,28.7,0.11,2026-07-19
2026-07-19,Powai,SKU4011,Green Tea 25 bags,Beverages,9,113.6,1.0,2026-07-19
2026-07-19,Powai,SKU4012,Apple Juice 1L,Beverages,9,106.65,0.11,2026-07-18
2026-07-19,Powai,SKU4013,Soda Water 750ml,Beverages,14,18.25,0.36,2026-07-15
2026-07-19,Powai,SKU4014,Iced Tea 500ml,Beverages,17,45.0,0.29,2026-07-06
2026-07-19,Powai,SKU5001,Herbal Shampoo 340ml,Personal Care,17,178.85,0.86,2026-07-18
2026-07-19,Powai,SKU5002,Anti-dandruff Shampoo 180ml,Personal Care,12,143.28,0.39,2026-07-16
2026-07-19,Powai,SKU5003,Bath Soap 4-pack,Personal Care,14,140.4,0.21,2026-07-18
2026-07-19,Powai,SKU5004,Toothpaste 150g,Personal Care,11,75.24,0.18,2026-07-03
2026-07-19,Powai,SKU5005,Toothbrush Soft,Personal Care,18,26.0,0.43,2026-07-19
2026-07-19,Powai,SKU5006,Face Wash 100ml,Personal Care,9,117.25,0.29,2026-07-11
2026-07-19,Powai,SKU5007,Body Lotion 400ml,Personal Care,11,206.31,0.14,2026-07-15
2026-07-19,Powai,SKU5008,Coconut Hair Oil 500ml,Personal Care,29,145.53,0.36,2026-07-19
2026-07-19,Powai,SKU5009,Hand Wash Refill 750ml,Personal Care,12,81.65,0.64,2026-07-19
2026-07-19,Powai,SKU5010,Deodorant 150ml,Personal Care,9,148.5,0.25,2026-07-19
2026-07-19,Powai,SKU5011,Talcum Powder 300g,Personal Care,12,118.4,0.36,2026-07-18
2026-07-19,Powai,SKU5012,Shaving Foam 200g,Personal Care,14,133.0,0.25,2026-07-19
2026-07-19,Powai,SKU5013,Sanitary Pads 20s,Personal Care,116,142.2,1.75,2026-07-19
2026-07-19,Powai,SKU5014,Lip Balm 4.5g,Personal Care,12,57.0,0.5,2026-07-17
2026-07-19,Powai,SKU5015,Sunscreen SPF50 50ml,Personal Care,24,223.36,1.36,2026-07-19
2026-07-19,Powai,SKU5016,Cotton Buds 100s,Personal Care,5,34.1,0.14,2026-07-03
2026-07-19,Powai,SKU6001,Detergent Powder 4kg,Household,13,414.17,0.32,2026-07-19
2026-07-19,Powai,SKU6002,Liquid Detergent 2L,Household,17,306.99,0.68,2026-07-18
2026-07-19,Powai,SKU6003,Dishwash Bar 3-pack,Household,26,47.4,0.93,2026-07-19
2026-07-19,Powai,SKU6004,Dishwash Gel 750ml,Household,0,110.2,0.39,2026-07-17
2026-07-19,Powai,SKU6005,Floor Cleaner 1L,Household,10,134.25,0.25,2026-07-19
2026-07-19,Powai,SKU6006,Toilet Cleaner 1L,Household,45,117.8,0.64,2026-07-18
2026-07-19,Powai,SKU6007,Glass Cleaner 500ml,Household,12,79.2,0.89,2026-07-19
2026-07-19,Powai,SKU6008,Garbage Bags 30s,Household,17,81.6,0.43,2026-07-18
2026-07-19,Powai,SKU6009,Kitchen Towels 2-roll,Household,55,109.5,1.21,2026-07-18
2026-07-19,Powai,SKU6010,Toilet Rolls 6-pack,Household,15,169.4,0.71,2026-07-19
2026-07-19,Powai,SKU6011,Aluminium Foil 9m,Household,1,73.26,0.0,
2026-07-19,Powai,SKU6012,Scrub Pads 3-pack,Household,3,33.0,0.0,
2026-07-19,Powai,SKU6013,Mosquito Repellent Refill,Household,7,60.35,0.07,2026-07-02
2026-07-19,Powai,SKU6014,Air Freshener 240ml,Household,16,133.33,0.36,2026-07-16
2026-07-19,Powai,SKU6015,Phenyl 1L,Household,16,63.0,0.25,2026-07-19
2026-07-19,Powai,SKU6016,LED Bulb 9W,Household,14,71.5,1.54,2026-07-19
2026-07-19,Thane,SKU1001,Basmati Rice 5kg,Grocery,8,558.14,0.14,2026-07-07
2026-07-19,Thane,SKU1002,Sona Masoori Rice 10kg,Grocery,0,703.12,0.43,2026-07-19
2026-07-19,Thane,SKU1003,Whole Wheat Atta 10kg,Grocery,6,435.21,0.14,2026-07-11
2026-07-19,Thane,SKU1004,Toor Dal 1kg,Grocery,21,147.03,0.82,2026-07-19
2026-07-19,Thane,SKU1005,Moong Dal 1kg,Grocery,38,129.63,0.71,2026-07-18
2026-07-19,Thane,SKU1006,Chana Dal 1kg,Grocery,8,93.74,0.43,2026-07-18
2026-07-19,Thane,SKU1007,Sugar 1kg,Grocery,17,45.12,0.39,2026-07-19
2026-07-19,Thane,SKU1008,Iodised Salt 1kg,Grocery,9,22.96,0.86,2026-07-19
2026-07-19,Thane,SKU1009,Sunflower Oil 1L,Grocery,7,144.69,0.32,2026-07-13
2026-07-19,Thane,SKU1010,Mustard Oil 1L,Grocery,11,170.1,0.14,2026-07-18
2026-07-19,Thane,SKU1011,Poha 500g,Grocery,93,36.0,3.75,2026-07-19
2026-07-19,Thane,SKU1012,Rava 1kg,Grocery,9,50.22,0.43,2026-07-19
2026-07-19,Thane,SKU1013,Turmeric Powder 200g,Grocery,11,41.76,0.86,2026-07-19
2026-07-19,Thane,SKU1014,Red Chilli Powder 200g,Grocery,0,52.56,0.39,2026-07-19
2026-07-19,Thane,SKU1015,Garam Masala 100g,Grocery,12,57.8,0.21,2026-07-19
2026-07-19,Thane,SKU1016,Groundnuts 500g,Grocery,2,78.85,0.11,2026-07-16
2026-07-19,Thane,SKU1017,Kabuli Chana 1kg,Grocery,21,118.15,0.46,2026-07-19
2026-07-19,Thane,SKU1018,Rajma 1kg,Grocery,5,140.25,0.07,2026-07-07
2026-07-19,Thane,SKU1019,Jaggery 1kg,Grocery,26,66.36,3.0,2026-07-19
2026-07-19,Thane,SKU1020,Vermicelli 400g,Grocery,5,32.76,0.18,2026-07-19
2026-07-19,Thane,SKU2001,Instant Noodles 4-pack,FMCG,3,47.04,0.04,2026-07-05
2026-07-19,Thane,SKU2002,Tomato Ketchup 1kg,FMCG,0,109.81,0.0,
2026-07-19,Thane,SKU2003,Corn Flakes 875g,FMCG,12,286.18,0.25,2026-07-11
2026-07-19,Thane,SKU2004,Oats 1kg,FMCG,8,161.19,0.11,2026-07-09
2026-07-19,Thane,SKU2005,Peanut Butter 340g,FMCG,42,137.83,1.79,2026-07-18
2026-07-19,Thane,SKU2006,Mixed Fruit Jam 500g,FMCG,38,116.22,2.71,2026-07-16
2026-07-19,Thane,SKU2007,Glucose Biscuits 800g,FMCG,0,77.4,0.11,2026-07-11
2026-07-19,Thane,SKU2008,Cream Biscuits 300g,FMCG,2,49.8,0.0,
2026-07-19,Thane,SKU2009,Potato Chips 150g,FMCG,7,38.0,0.25,2026-07-15
2026-07-19,Thane,SKU2010,Namkeen Mix 400g,FMCG,8,74.25,0.18,2026-07-10
2026-07-19,Thane,SKU2011,Dark Chocolate 100g,FMCG,15,84.0,0.61,2026-07-19
2026-07-19,Thane,SKU2012,Instant Coffee 100g,FMCG,385,239.2,13.36,2026-07-19
2026-07-19,Thane,SKU2013,Tea Leaves 500g,FMCG,10,217.3,0.18,2026-07-16
2026-07-19,Thane,SKU2014,Pasta Penne 500g,FMCG,0,85.1,0.0,
2026-07-19,Thane,SKU2015,Soya Chunks 200g,FMCG,24,33.88,1.0,2026-07-19
2026-07-19,Thane,SKU2016,Honey 500g,FMCG,11,189.24,0.39,2026-07-19
2026-07-19,Thane,SKU2017,Pickle Mango 400g,FMCG,7,91.59,0.36,2026-07-19
2026-07-19,Thane,SKU2018,Baking Soda 100g,FMCG,40,17.5,0.89,2026-07-17
2026-07-19,Thane,SKU2019,Custard Powder 100g,FMCG,32,34.56,0.93,2026-07-19
2026-07-19,Thane,SKU2020,Muesli 500g,FMCG,32,256.62,0.68,2026-07-19
2026-07-19,Thane,SKU3001,Sandwich Bread 400g,Bakery,19,35.1,0.54,2026-07-19
2026-07-19,Thane,SKU3002,Brown Bread 400g,Bakery,0,41.8,0.0,
2026-07-19,Thane,SKU3003,Multigrain Bread 400g,Bakery,0,48.1,0.0,
2026-07-19,Thane,SKU3004,Pav 6-pack,Bakery,10,22.5,0.39,2026-07-18
2026-07-19,Thane,SKU3005,Butter Croissant,Bakery,25,34.1,3.68,2026-07-19
2026-07-19,Thane,SKU3006,Chocolate Muffin,Bakery,4,36.0,0.0,
2026-07-19,Thane,SKU3007,Plum Cake 300g,Bakery,135,118.8,9.36,2026-07-19
2026-07-19,Thane,SKU3008,Garlic Bread,Bakery,7,60.8,0.21,2026-07-19
2026-07-19,Thane,SKU3009,Rusk 300g,Bakery,2,51.1,0.0,
2026-07-19,Thane,SKU3010,Fruit Bun,Bakery,3,16.75,0.07,2026-07-18
2026-07-19,Thane,SKU3011,Cheese Danish,Bakery,47,51.85,4.82,2026-07-19
2026-07-19,Thane,SKU3012,Burger Buns 4-pack,Bakery,7,36.0,0.18,2026-07-09
2026-07-19,Thane,SKU3013,Whole Wheat Cookies 250g,Bakery,12,71.5,0.18,2026-07-19
2026-07-19,Thane,SKU3014,Banana Walnut Loaf,Bakery,59,138.6,1.21,2026-07-19
2026-07-19,Thane,SKU3015,Cinnamon Roll,Bakery,4,44.25,0.29,2026-07-18
2026-07-19,Thane,SKU3016,Pizza Base 2-pack,Bakery,11,42.0,0.46,2026-07-19
2026-07-19,Thane,SKU4001,Mineral Water 1L,Beverages,11,15.0,0.5,2026-07-19
2026-07-19,Thane,SKU4002,Orange Juice 1L,Beverages,25,98.75,0.54,2026-07-16
2026-07-19,Thane,SKU4003,Mango Drink 1.2L,Beverages,2,70.2,0.14,2026-07-15
2026-07-19,Thane,SKU4004,Cola 2L,Beverages,10,77.9,0.39,2026-07-15
2026-07-19,Thane,SKU4005,Lemon Soda 750ml,Beverages,11,30.8,0.39,2026-07-18
2026-07-19,Thane,SKU4006,Coconut Water 200ml,Beverages,6,36.0,0.11,2026-07-18
2026-07-19,Thane,SKU4007,Energy Drink 250ml,Beverages,4,85.1,0.18,2026-07-15
2026-07-19,Thane,SKU4008,Cold Coffee 200ml,Beverages,13,38.0,0.64,2026-07-19
2026-07-19,Thane,SKU4009,Buttermilk 500ml,Beverages,11,24.3,0.36,2026-07-18
2026-07-19,Thane,SKU4010,Flavoured Milk 200ml,Beverages,8,28.7,0.39,2026-07-15
2026-07-19,Thane,SKU4011,Green Tea 25 bags,Beverages,138,113.6,1.14,2026-07-19
2026-07-19,Thane,SKU4012,Apple Juice 1L,Beverages,3,106.65,0.18,2026-07-17
2026-07-19,Thane,SKU4013,Soda Water 750ml,Beverages,18,18.25,0.54,2026-07-19
2026-07-19,Thane,SKU4014,Iced Tea 500ml,Beverages,14,45.0,0.29,2026-07-19
2026-07-19,Thane,SKU5001,Herbal Shampoo 340ml,Personal Care,17,178.85,0.79,2026-07-19
2026-07-19,Thane,SKU5002,Anti-dandruff Shampoo 180ml,Personal Care,8,143.28,0.25,2026-07-18
2026-07-19,Thane,SKU5003,Bath Soap 4-pack,Personal Care,11,140.4,0.21,2026-07-16
2026-07-19,Thane,SKU5004,Toothpaste 150g,Personal Care,11,75.24,0.21,2026-07-15
2026-07-19,Thane,SKU5005,Toothbrush Soft,Personal Care,10,26.0,0.32,2026-07-16
2026-07-19,Thane,SKU5006,Face Wash 100ml,Personal Care,16,117.25,0.54,2026-07-19
2026-07-19,Thane,SKU5007,Body Lotion 400ml,Personal Care,13,206.31,0.36,2026-07-18
2026-07-19,Thane,SKU5008,Coconut Hair Oil 500ml,Personal Care,0,145.53,0.29,2026-07-19
2026-07-19,Thane,SKU5009,Hand Wash Refill 750ml,Personal Care,6,81.65,0.07,2026-07-17
2026-07-19,Thane,SKU5010,Deodorant 150ml,Personal Care,14,148.5,0.21,2026-07-18
2026-07-19,Thane,SKU5011,Talcum Powder 300g,Personal Care,10,118.4,0.14,2026-07-19
2026-07-19,Thane,SKU5012,Shaving Foam 200g,Personal Care,7,133.0,0.29,2026-07-14
2026-07-19,Thane,SKU5013,Sanitary Pads 20s,Personal Care,114,142.2,2.04,2026-07-19
2026-07-19,Thane,SKU5014,Lip Balm 4.5g,Personal Care,9,57.0,0.14,2026-07-19
2026-07-19,Thane,SKU5015,Sunscreen SPF50 50ml,Personal Care,19,223.36,0.93,2026-07-19
2026-07-19,Thane,SKU5016,Cotton Buds 100s,Personal Care,5,34.1,0.14,2026-07-17
2026-07-19,Thane,SKU6001,Detergent Powder 4kg,Household,9,414.17,0.18,2026-07-15
2026-07-19,Thane,SKU6002,Liquid Detergent 2L,Household,35,306.99,0.86,2026-07-19
2026-07-19,Thane,SKU6003,Dishwash Bar 3-pack,Household,13,47.4,1.25,2026-07-16
2026-07-19,Thane,SKU6004,Dishwash Gel 750ml,Household,27,110.2,0.32,2026-07-18
2026-07-19,Thane,SKU6005,Floor Cleaner 1L,Household,5,134.25,0.29,2026-07-19
2026-07-19,Thane,SKU6006,Toilet Cleaner 1L,Household,11,117.8,0.29,2026-07-18
2026-07-19,Thane,SKU6007,Glass Cleaner 500ml,Household,30,79.2,1.61,2026-07-18
2026-07-19,Thane,SKU6008,Garbage Bags 30s,Household,13,81.6,0.43,2026-07-18
2026-07-19,Thane,SKU6009,Kitchen Towels 2-roll,Household,36,109.5,1.32,2026-07-18
2026-07-19,Thane,SKU6010,Toilet Rolls 6-pack,Household,19,169.4,0.86,2026-07-19
2026-07-19,Thane,SKU6011,Aluminium Foil 9m,Household,9,73.26,0.11,2026-07-14
2026-07-19,Thane,SKU6012,Scrub Pads 3-pack,Household,4,33.0,0.0,
2026-07-19,Thane,SKU6013,Mosquito Repellent Refill,Household,16,60.35,0.46,2026-07-19
2026-07-19,Thane,SKU6014,Air Freshener 240ml,Household,16,133.33,0.57,2026-07-16
2026-07-19,Thane,SKU6015,Phenyl 1L,Household,10,63.0,0.21,2026-07-15
2026-07-19,Thane,SKU6016,LED Bulb 9W,Household,42,71.5,1.29,2026-07-19
2026-07-26,Andheri,SKU1001,Basmati Rice 5kg,Grocery,9,558.14,0.61,2026-07-21
2026-07-26,Andheri,SKU1002,Sona Masoori Rice 10kg,Grocery,39,703.12,0.86,2026-07-25
2026-07-26,Andheri,SKU1003,Whole Wheat Atta 10kg,Grocery,7,435.21,0.11,2026-07-25
2026-07-26,Andheri,SKU1004,Toor Dal 1kg,Grocery,54,147.03,1.82,2026-07-26
2026-07-26,Andheri,SKU1005,Moong Dal 1kg,Grocery,19,129.63,1.0,2026-07-22
2026-07-26,Andheri,SKU1006,Chana Dal 1kg,Grocery,10,93.74,0.5,2026-07-20
2026-07-26,Andheri,SKU1007,Sugar 1kg,Grocery,14,45.12,0.46,2026-07-22
2026-07-26,Andheri,SKU1008,Iodised Salt 1kg,Grocery,21,22.96,0.64,2026-07-25
2026-07-26,Andheri,SKU1009,Sunflower Oil 1L,Grocery,9,144.69,0.32,2026-07-21
2026-07-26,Andheri,SKU1010,Mustard Oil 1L,Grocery,8,170.1,0.39,2026-07-13
2026-07-26,Andheri,SKU1011,Poha 500g,Grocery,87,36.0,8.64,2026-07-26
2026-07-26,Andheri,SKU1012,Rava 1kg,Grocery,36,50.22,1.29,2026-07-23
2026-07-26,Andheri,SKU1013,Turmeric Powder 200g,Grocery,18,41.76,0.79,2026-07-26
2026-07-26,Andheri,SKU1014,Red Chilli Powder 200g,Grocery,4,52.56,0.21,2026-07-17
2026-07-26,Andheri,SKU1015,Garam Masala 100g,Grocery,54,57.8,0.57,2026-07-23
2026-07-26,Andheri,SKU1016,Groundnuts 500g,Grocery,4,78.85,0.18,2026-07-26
2026-07-26,Andheri,SKU1017,Kabuli Chana 1kg,Grocery,7,118.15,0.68,2026-07-24
2026-07-26,Andheri,SKU1018,Rajma 1kg,Grocery,15,140.25,0.61,2026-07-19
2026-07-26,Andheri,SKU1019,Jaggery 1kg,Grocery,88,66.36,4.96,2026-07-26
2026-07-26,Andheri,SKU1020,Vermicelli 400g,Grocery,7,32.76,0.29,2026-07-25
2026-07-26,Andheri,SKU2001,Instant Noodles 4-pack,FMCG,5,47.04,0.14,2026-07-19
2026-07-26,Andheri,SKU2002,Tomato Ketchup 1kg,FMCG,3,109.81,0.0,
2026-07-26,Andheri,SKU2003,Corn Flakes 875g,FMCG,38,286.18,1.14,2026-07-26
2026-07-26,Andheri,SKU2004,Oats 1kg,FMCG,25,161.19,0.71,2026-07-25
2026-07-26,Andheri,SKU2005,Peanut Butter 340g,FMCG,33,137.83,2.0,2026-07-26
2026-07-26,Andheri,SKU2006,Mixed Fruit Jam 500g,FMCG,5,116.22,0.32,2026-07-15
2026-07-26,Andheri,SKU2007,Glucose Biscuits 800g,FMCG,31,77.4,0.79,2026-07-20
2026-07-26,Andheri,SKU2008,Cream Biscuits 300g,FMCG,5,49.8,0.0,
2026-07-26,Andheri,SKU2009,Potato Chips 150g,FMCG,17,38.0,0.46,2026-07-26
2026-07-26,Andheri,SKU2010,Namkeen Mix 400g,FMCG,8,74.25,0.21,2026-07-22
2026-07-26,Andheri,SKU2011,Dark Chocolate 100g,FMCG,39,84.0,0.71,2026-07-24
2026-07-26,Andheri,SKU2012,Instant Coffee 100g,FMCG,238,239.2,20.04,2026-07-26
2026-07-26,Andheri,SKU2013,Tea Leaves 500g,FMCG,16,217.3,0.29,2026-07-12
2026-07-26,Andheri,SKU2014,Pasta Penne 500g,FMCG,1,85.1,0.0,
2026-07-26,Andheri,SKU2015,Soya Chunks 200g,FMCG,25,33.88,2.21,2026-07-26
2026-07-26,Andheri,SKU2016,Honey 500g,FMCG,14,189.24,0.57,2026-07-24
2026-07-26,Andheri,SKU2017,Pickle Mango 400g,FMCG,21,91.59,0.5,2026-07-26
2026-07-26,Andheri,SKU2018,Baking Soda 100g,FMCG,9,17.5,0.21,2026-07-26
2026-07-26,Andheri,SKU2019,Custard Powder 100g,FMCG,23,34.56,1.32,2026-07-23
2026-07-26,Andheri,SKU2020,Muesli 500g,FMCG,18,256.62,0.61,2026-07-25
2026-07-26,Andheri,SKU3001,Sandwich Bread 400g,Bakery,14,35.1,0.39,2026-07-26
2026-07-26,Andheri,SKU3002,Brown Bread 400g,Bakery,3,41.8,0.0,
2026-07-26,Andheri,SKU3003,Multigrain Bread 400g,Bakery,8,48.1,0.14,2026-07-03
2026-07-26,Andheri,SKU3004,Pav 6-pack,Bakery,28,22.5,0.46,2026-07-26
2026-07-26,Andheri,SKU3005,Butter Croissant,Bakery,91,34.1,5.64,2026-07-26
2026-07-26,Andheri,SKU3006,Chocolate Muffin,Bakery,25,36.0,1.07,2026-07-26
2026-07-26,Andheri,SKU3007,Plum Cake 300g,Bakery,493,118.8,15.11,2026-07-26
2026-07-26,Andheri,SKU3008,Garlic Bread,Bakery,20,60.8,0.54,2026-07-26
2026-07-26,Andheri,SKU3009,Rusk 300g,Bakery,21,51.1,0.5,2026-07-24
2026-07-26,Andheri,SKU3010,Fruit Bun,Bakery,27,16.75,0.64,2026-07-23
2026-07-26,Andheri,SKU3011,Cheese Danish,Bakery,142,51.85,7.18,2026-07-26
2026-07-26,Andheri,SKU3012,Burger Buns 4-pack,Bakery,11,36.0,0.32,2026-07-18
2026-07-26,Andheri,SKU3013,Whole Wheat Cookies 250g,Bakery,6,71.5,0.18,2026-07-26
2026-07-26,Andheri,SKU3014,Banana Walnut Loaf,Bakery,50,138.6,1.89,2026-07-23
2026-07-26,Andheri,SKU3015,Cinnamon Roll,Bakery,27,44.25,0.46,2026-07-22
2026-07-26,Andheri,SKU3016,Pizza Base 2-pack,Bakery,40,42.0,2.07,2026-07-25
2026-07-26,Andheri,SKU4001,Mineral Water 1L,Beverages,8,15.0,0.18,2026-07-26
2026-07-26,Andheri,SKU4002,Orange Juice 1L,Beverages,13,98.75,0.64,2026-07-26
2026-07-26,Andheri,SKU4003,Mango Drink 1.2L,Beverages,18,70.2,0.39,2026-07-23
2026-07-26,Andheri,SKU4004,Cola 2L,Beverages,23,77.9,0.36,2026-07-21
2026-07-26,Andheri,SKU4005,Lemon Soda 750ml,Beverages,23,30.8,0.96,2026-07-26
2026-07-26,Andheri,SKU4006,Coconut Water 200ml,Beverages,6,36.0,0.18,2026-07-26
2026-07-26,Andheri,SKU4007,Energy Drink 250ml,Beverages,12,85.1,0.43,2026-07-22
2026-07-26,Andheri,SKU4008,Cold Coffee 200ml,Beverages,118,38.0,3.89,2026-07-25
2026-07-26,Andheri,SKU4009,Buttermilk 500ml,Beverages,14,24.3,1.07,2026-07-22
2026-07-26,Andheri,SKU4010,Flavoured Milk 200ml,Beverages,9,28.7,0.5,2026-07-26
2026-07-26,Andheri,SKU4011,Green Tea 25 bags,Beverages,33,113.6,2.86,2026-07-26
2026-07-26,Andheri,SKU4012,Apple Juice 1L,Beverages,11,106.65,0.39,2026-07-16
2026-07-26,Andheri,SKU4013,Soda Water 750ml,Beverages,34,18.25,0.79,2026-07-26
2026-07-26,Andheri,SKU4014,Iced Tea 500ml,Beverages,9,45.0,0.21,2026-07-24
2026-07-26,Andheri,SKU5001,Herbal Shampoo 340ml,Personal Care,26,178.85,0.96,2026-07-26
2026-07-26,Andheri,SKU5002,Anti-dandruff Shampoo 180ml,Personal Care,11,143.28,0.43,2026-07-24
2026-07-26,Andheri,SKU5003,Bath Soap 4-pack,Personal Care,17,140.4,0.46,2026-07-21
2026-07-26,Andheri,SKU5004,Toothpaste 150g,Personal Care,14,75.24,0.61,2026-07-21
2026-07-26,Andheri,SKU5005,Toothbrush Soft,Personal Care,16,26.0,0.68,2026-07-25
2026-07-26,Andheri,SKU5006,Face Wash 100ml,Personal Care,7,117.25,0.93,2026-07-24
2026-07-26,Andheri,SKU5007,Body Lotion 400ml,Personal Care,14,206.31,0.61,2026-07-18
2026-07-26,Andheri,SKU5008,Coconut Hair Oil 500ml,Personal Care,24,145.53,0.54,2026-07-25
2026-07-26,Andheri,SKU5009,Hand Wash Refill 750ml,Personal Care,11,81.65,0.5,2026-07-23
2026-07-26,Andheri,SKU5010,Deodorant 150ml,Personal Care,4,148.5,0.04,2026-07-01
2026-07-26,Andheri,SKU5011,Talcum Powder 300g,Personal Care,26,118.4,0.64,2026-07-25
2026-07-26,Andheri,SKU5012,Shaving Foam 200g,Personal Care,22,133.0,0.68,2026-07-21
2026-07-26,Andheri,SKU5013,Sanitary Pads 20s,Personal Care,54,142.2,1.89,2026-07-25
2026-07-26,Andheri,SKU5014,Lip Balm 4.5g,Personal Care,5,57.0,0.39,2026-07-24
2026-07-26,Andheri,SKU5015,Sunscreen SPF50 50ml,Personal Care,150,223.36,1.93,2026-07-25
2026-07-26,Andheri,SKU5016,Cotton Buds 100s,Personal Care,17,34.1,0.25,2026-07-20
2026-07-26,Andheri,SKU6001,Detergent Powder 4kg,Household,10,414.17,0.5,2026-07-20
2026-07-26,Andheri,SKU6002,Liquid Detergent 2L,Household,23,306.99,1.21,2026-07-25
2026-07-26,Andheri,SKU6003,Dishwash Bar 3-pack,Household,29,47.4,1.29,2026-07-26
2026-07-26,Andheri,SKU6004,Dishwash Gel 750ml,Household,15,110.2,0.39,2026-07-26
2026-07-26,Andheri,SKU6005,Floor Cleaner 1L,Household,27,134.25,0.46,2026-07-25
2026-07-26,Andheri,SKU6006,Toilet Cleaner 1L,Household,18,117.8,0.5,2026-07-22
2026-07-26,Andheri,SKU6007,Glass Cleaner 500ml,Household,67,79.2,2.21,2026-07-25
2026-07-26,Andheri,SKU6008,Garbage Bags 30s,Household,17,81.6,0.43,2026-07-26
2026-07-26,Andheri,SKU6009,Kitchen Towels 2-roll,Household,40,109.5,2.04,2026-07-26
2026-07-26,Andheri,SKU6010,Toilet Rolls 6-pack,Household,102,169.4,2.04,2026-07-25
2026-07-26,Andheri,SKU6011,Aluminium Foil 9m,Household,19,73.26,0.46,2026-07-25
2026-07-26,Andheri,SKU6012,Scrub Pads 3-pack,Household,4,33.0,0.0,
2026-07-26,Andheri,SKU6013,Mosquito Repellent Refill,Household,6,60.35,0.25,2026-07-23
2026-07-26,Andheri,SKU6014,Air Freshener 240ml,Household,13,133.33,0.36,2026-07-18
2026-07-26,Andheri,SKU6015,Phenyl 1L,Household,6,63.0,0.25,2026-07-25
2026-07-26,Andheri,SKU6016,LED Bulb 9W,Household,149,71.5,3.25,2026-07-26
2026-07-26,Mumbai Central,SKU1001,Basmati Rice 5kg,Grocery,7,558.14,0.36,2026-07-26
2026-07-26,Mumbai Central,SKU1002,Sona Masoori Rice 10kg,Grocery,13,703.12,1.0,2026-07-22
2026-07-26,Mumbai Central,SKU1003,Whole Wheat Atta 10kg,Grocery,10,435.21,0.57,2026-07-24
2026-07-26,Mumbai Central,SKU1004,Toor Dal 1kg,Grocery,71,147.03,1.39,2026-07-26
2026-07-26,Mumbai Central,SKU1005,Moong Dal 1kg,Grocery,61,129.63,1.21,2026-07-26
2026-07-26,Mumbai Central,SKU1006,Chana Dal 1kg,Grocery,13,93.74,0.71,2026-07-23
2026-07-26,Mumbai Central,SKU1007,Sugar 1kg,Grocery,15,45.12,0.29,2026-07-22
2026-07-26,Mumbai Central,SKU1008,Iodised Salt 1kg,Grocery,16,22.96,0.82,2026-07-26
2026-07-26,Mumbai Central,SKU1009,Sunflower Oil 1L,Grocery,22,144.69,0.46,2026-07-26
2026-07-26,Mumbai Central,SKU1010,Mustard Oil 1L,Grocery,19,170.1,0.21,2026-07-26
2026-07-26,Mumbai Central,SKU1011,Poha 500g,Grocery,124,36.0,9.93,2026-07-26
2026-07-26,Mumbai Central,SKU1012,Rava 1kg,Grocery,20,50.22,1.04,2026-07-26
2026-07-26,Mumbai Central,SKU1013,Turmeric Powder 200g,Grocery,14,41.76,1.46,2026-07-26
2026-07-26,Mumbai Central,SKU1014,Red Chilli Powder 200g,Grocery,25,52.56,0.54,2026-07-26
2026-07-26,Mumbai Central,SKU1015,Garam Masala 100g,Grocery,10,57.8,0.39,2026-07-24
2026-07-26,Mumbai Central,SKU1016,Groundnuts 500g,Grocery,3,78.85,0.25,2026-07-26
2026-07-26,Mumbai Central,SKU1017,Kabuli Chana 1kg,Grocery,36,118.15,0.71,2026-07-26
2026-07-26,Mumbai Central,SKU1018,Rajma 1kg,Grocery,12,140.25,0.64,2026-07-25
2026-07-26,Mumbai Central,SKU1019,Jaggery 1kg,Grocery,63,66.36,4.5,2026-07-26
2026-07-26,Mumbai Central,SKU1020,Vermicelli 400g,Grocery,14,32.76,0.39,2026-07-24
2026-07-26,Mumbai Central,SKU2001,Instant Noodles 4-pack,FMCG,7,47.04,0.21,2026-07-22
2026-07-26,Mumbai Central,SKU2002,Tomato Ketchup 1kg,FMCG,2,109.81,0.0,
2026-07-26,Mumbai Central,SKU2003,Corn Flakes 875g,FMCG,51,286.18,1.46,2026-07-26
2026-07-26,Mumbai Central,SKU2004,Oats 1kg,FMCG,10,161.19,0.54,2026-07-26
2026-07-26,Mumbai Central,SKU2005,Peanut Butter 340g,FMCG,76,137.83,2.64,2026-07-26
2026-07-26,Mumbai Central,SKU2006,Mixed Fruit Jam 500g,FMCG,43,116.22,0.75,2026-07-26
2026-07-26,Mumbai Central,SKU2007,Glucose Biscuits 800g,FMCG,23,77.4,0.71,2026-07-26
2026-07-26,Mumbai Central,SKU2008,Cream Biscuits 300g,FMCG,1,49.8,0.0,
2026-07-26,Mumbai Central,SKU2009,Potato Chips 150g,FMCG,16,38.0,0.36,2026-07-22
2026-07-26,Mumbai Central,SKU2010,Namkeen Mix 400g,FMCG,12,74.25,0.39,2026-07-26
2026-07-26,Mumbai Central,SKU2011,Dark Chocolate 100g,FMCG,22,84.0,0.64,2026-07-23
2026-07-26,Mumbai Central,SKU2012,Instant Coffee 100g,FMCG,731,239.2,22.32,2026-07-26
2026-07-26,Mumbai Central,SKU2013,Tea Leaves 500g,FMCG,12,217.3,0.46,2026-07-25
2026-07-26,Mumbai Central,SKU2014,Pasta Penne 500g,FMCG,4,85.1,0.0,
2026-07-26,Mumbai Central,SKU2015,Soya Chunks 200g,FMCG,72,33.88,2.61,2026-07-26
2026-07-26,Mumbai Central,SKU2016,Honey 500g,FMCG,13,189.24,0.86,2026-07-26
2026-07-26,Mumbai Central,SKU2017,Pickle Mango 400g,FMCG,16,91.59,0.82,2026-07-26
2026-07-26,Mumbai Central,SKU2018,Baking Soda 100g,FMCG,18,17.5,0.89,2026-07-22
2026-07-26,Mumbai Central,SKU2019,Custard Powder 100g,FMCG,34,34.56,1.89,2026-07-26
2026-07-26,Mumbai Central,SKU2020,Muesli 500g,FMCG,0,256.62,0.25,2026-07-24
2026-07-26,Mumbai Central,SKU3001,Sandwich Bread 400g,Bakery,7,35.1,0.82,2026-07-24
2026-07-26,Mumbai Central,SKU3002,Brown Bread 400g,Bakery,5,41.8,0.0,
2026-07-26,Mumbai Central,SKU3003,Multigrain Bread 400g,Bakery,1,48.1,0.0,
2026-07-26,Mumbai Central,SKU3004,Pav 6-pack,Bakery,17,22.5,0.54,2026-07-25
2026-07-26,Mumbai Central,SKU3005,Butter Croissant,Bakery,195,34.1,6.46,2026-07-26
2026-07-26,Mumbai Central,SKU3006,Chocolate Muffin,Bakery,12,36.0,0.57,2026-07-26
2026-07-26,Mumbai Central,SKU3007,Plum Cake 300g,Bakery,476,118.8,16.82,2026-07-26
2026-07-26,Mumbai Central,SKU3008,Garlic Bread,Bakery,14,60.8,0.46,2026-07-26
2026-07-26,Mumbai Central,SKU3009,Rusk 300g,Bakery,20,51.1,0.68,2026-07-19
2026-07-26,Mumbai Central,SKU3010,Fruit Bun,Bakery,17,16.75,0.86,2026-07-26
2026-07-26,Mumbai Central,SKU3011,Cheese Danish,Bakery,313,51.85,9.29,2026-07-26
2026-07-26,Mumbai Central,SKU3012,Burger Buns 4-pack,Bakery,98,36.0,2.61,2026-07-25
2026-07-26,Mumbai Central,SKU3013,Whole Wheat Cookies 250g,Bakery,21,71.5,0.54,2026-07-26
2026-07-26,Mumbai Central,SKU3014,Banana Walnut Loaf,Bakery,41,138.6,1.5,2026-07-26
2026-07-26,Mumbai Central,SKU3015,Cinnamon Roll,Bakery,11,44.25,0.21,2026-07-22
2026-07-26,Mumbai Central,SKU3016,Pizza Base 2-pack,Bakery,25,42.0,0.82,2026-07-25
2026-07-26,Mumbai Central,SKU4001,Mineral Water 1L,Beverages,4,15.0,0.32,2026-07-26
2026-07-26,Mumbai Central,SKU4002,Orange Juice 1L,Beverages,18,98.75,0.79,2026-07-20
2026-07-26,Mumbai Central,SKU4003,Mango Drink 1.2L,Beverages,25,70.2,0.71,2026-07-20
2026-07-26,Mumbai Central,SKU4004,Cola 2L,Beverages,7,77.9,0.36,2026-07-25
2026-07-26,Mumbai Central,SKU4005,Lemon Soda 750ml,Beverages,59,30.8,1.25,2026-07-26
2026-07-26,Mumbai Central,SKU4006,Coconut Water 200ml,Beverages,17,36.0,0.29,2026-07-23
2026-07-26,Mumbai Central,SKU4007,Energy Drink 250ml,Beverages,5,85.1,0.25,2026-07-20
2026-07-26,Mumbai Central,SKU4008,Cold Coffee 200ml,Beverages,17,38.0,1.61,2026-07-25
2026-07-26,Mumbai Central,SKU4009,Buttermilk 500ml,Beverages,23,24.3,0.86,2026-07-26
2026-07-26,Mumbai Central,SKU4010,Flavoured Milk 200ml,Beverages,5,28.7,0.64,2026-07-26
2026-07-26,Mumbai Central,SKU4011,Green Tea 25 bags,Beverages,78,113.6,3.79,2026-07-26
2026-07-26,Mumbai Central,SKU4012,Apple Juice 1L,Beverages,0,106.65,0.79,2026-07-26
2026-07-26,Mumbai Central,SKU4013,Soda Water 750ml,Beverages,7,18.25,0.46,2026-07-25
2026-07-26,Mumbai Central,SKU4014,Iced Tea 500ml,Beverages,8,45.0,0.64,2026-07-26
2026-07-26,Mumbai Central,SKU5001,Herbal Shampoo 340ml,Personal Care,37,178.85,1.32,2026-07-25
2026-07-26,Mumbai Central,SKU5002,Anti-dandruff Shampoo 180ml,Personal Care,15,143.28,0.71,2026-07-25
2026-07-26,Mumbai Central,SKU5003,Bath Soap 4-pack,Personal Care,7,140.4,0.36,2026-07-20
2026-07-26,Mumbai Central,SKU5004,Toothpaste 150g,Personal Care,20,75.24,0.39,2026-07-17
2026-07-26,Mumbai Central,SKU5005,Toothbrush Soft,Personal Care,28,26.0,1.18,2026-07-24
2026-07-26,Mumbai Central,SKU5006,Face Wash 100ml,Personal Care,34,117.25,1.25,2026-07-25
2026-07-26,Mumbai Central,SKU5007,Body Lotion 400ml,Personal Care,22,206.31,0.43,2026-07-26
2026-07-26,Mumbai Central,SKU5008,Coconut Hair Oil 500ml,Personal Care,5,145.53,0.11,2026-07-08
2026-07-26,Mumbai Central,SKU5009,Hand Wash Refill 750ml,Personal Care,13,81.65,0.54,2026-07-24
2026-07-26,Mumbai Central,SKU5010,Deodorant 150ml,Personal Care,17,148.5,0.25,2026-07-23
2026-07-26,Mumbai Central,SKU5011,Talcum Powder 300g,Personal Care,7,118.4,0.21,2026-07-20
2026-07-26,Mumbai Central,SKU5012,Shaving Foam 200g,Personal Care,20,133.0,0.36,2026-07-22
2026-07-26,Mumbai Central,SKU5013,Sanitary Pads 20s,Personal Care,61,142.2,3.54,2026-07-26
2026-07-26,Mumbai Central,SKU5014,Lip Balm 4.5g,Personal Care,7,57.0,0.07,2026-07-26
2026-07-26,Mumbai Central,SKU5015,Sunscreen SPF50 50ml,Personal Care,102,223.36,2.43,2026-07-26
2026-07-26,Mumbai Central,SKU5016,Cotton Buds 100s,Personal Care,40,34.1,0.46,2026-07-19
2026-07-26,Mumbai Central,SKU6001,Detergent Powder 4kg,Household,12,414.17,1.0,2026-07-26
2026-07-26,Mumbai Central,SKU6002,Liquid Detergent 2L,Household,67,306.99,1.11,2026-07-25
2026-07-26,Mumbai Central,SKU6003,Dishwash Bar 3-pack,Household,35,47.4,1.39,2026-07-24
2026-07-26,Mumbai Central,SKU6004,Dishwash Gel 750ml,Household,40,110.2,0.89,2026-07-26
2026-07-26,Mumbai Central,SKU6005,Floor Cleaner 1L,Household,27,134.25,1.07,2026-07-26
2026-07-26,Mumbai Central,SKU6006,Toilet Cleaner 1L,Household,20,117.8,0.68,2026-07-26
2026-07-26,Mumbai Central,SKU6007,Glass Cleaner 500ml,Household,157,79.2,2.64,2026-07-26
2026-07-26,Mumbai Central,SKU6008,Garbage Bags 30s,Household,69,81.6,0.86,2026-07-26
2026-07-26,Mumbai Central,SKU6009,Kitchen Towels 2-roll,Household,72,109.5,2.36,2026-07-26
2026-07-26,Mumbai Central,SKU6010,Toilet Rolls 6-pack,Household,32,169.4,2.0,2026-07-26
2026-07-26,Mumbai Central,SKU6011,Aluminium Foil 9m,Household,19,73.26,0.75,2026-07-26
2026-07-26,Mumbai Central,SKU6012,Scrub Pads 3-pack,Household,5,33.0,0.0,
2026-07-26,Mumbai Central,SKU6013,Mosquito Repellent Refill,Household,12,60.35,0.11,2026-07-15
2026-07-26,Mumbai Central,SKU6014,Air Freshener 240ml,Household,13,133.33,0.39,2026-07-25
2026-07-26,Mumbai Central,SKU6015,Phenyl 1L,Household,9,63.0,0.32,2026-07-25
2026-07-26,Mumbai Central,SKU6016,LED Bulb 9W,Household,62,71.5,2.93,2026-07-26
2026-07-26,Navi Mumbai,SKU1001,Basmati Rice 5kg,Grocery,0,558.14,0.32,2026-07-18
2026-07-26,Navi Mumbai,SKU1002,Sona Masoori Rice 10kg,Grocery,28,703.12,0.61,2026-07-26
2026-07-26,Navi Mumbai,SKU1003,Whole Wheat Atta 10kg,Grocery,18,435.21,0.32,2026-07-26
2026-07-26,Navi Mumbai,SKU1004,Toor Dal 1kg,Grocery,19,147.03,0.71,2026-07-25
2026-07-26,Navi Mumbai,SKU1005,Moong Dal 1kg,Grocery,12,129.63,0.89,2026-07-26
2026-07-26,Navi Mumbai,SKU1006,Chana Dal 1kg,Grocery,0,93.74,0.46,2026-07-20
2026-07-26,Navi Mumbai,SKU1007,Sugar 1kg,Grocery,0,45.12,0.07,2026-07-26
2026-07-26,Navi Mumbai,SKU1008,Iodised Salt 1kg,Grocery,24,22.96,0.68,2026-07-26
2026-07-26,Navi Mumbai,SKU1009,Sunflower Oil 1L,Grocery,2,144.69,0.21,2026-07-26
2026-07-26,Navi Mumbai,SKU1010,Mustard Oil 1L,Grocery,5,170.1,0.11,2026-07-17
2026-07-26,Navi Mumbai,SKU1011,Poha 500g,Grocery,191,36.0,6.29,2026-07-26
2026-07-26,Navi Mumbai,SKU1012,Rava 1kg,Grocery,64,50.22,0.61,2026-07-26
2026-07-26,Navi Mumbai,SKU1013,Turmeric Powder 200g,Grocery,20,41.76,0.75,2026-07-25
2026-07-26,Navi Mumbai,SKU1014,Red Chilli Powder 200g,Grocery,0,52.56,0.0,
2026-07-26,Navi Mumbai,SKU1015,Garam Masala 100g,Grocery,0,57.8,0.29,2026-07-26
2026-07-26,Navi Mumbai,SKU1016,Groundnuts 500g,Grocery,9,78.85,0.25,2026-07-19
2026-07-26,Navi Mumbai,SKU1017,Kabuli Chana 1kg,Grocery,11,118.15,0.43,2026-07-25
2026-07-26,Navi Mumbai,SKU1018,Rajma 1kg,Grocery,14,140.25,0.32,2026-07-25
2026-07-26,Navi Mumbai,SKU1019,Jaggery 1kg,Grocery,65,66.36,2.39,2026-07-26
2026-07-26,Navi Mumbai,SKU1020,Vermicelli 400g,Grocery,6,32.76,0.18,2026-07-25
2026-07-26,Navi Mumbai,SKU2001,Instant Noodles 4-pack,FMCG,7,47.04,0.29,2026-07-23
2026-07-26,Navi Mumbai,SKU2002,Tomato Ketchup 1kg,FMCG,5,109.81,0.0,
2026-07-26,Navi Mumbai,SKU2003,Corn Flakes 875g,FMCG,42,286.18,0.79,2026-07-26
2026-07-26,Navi Mumbai,SKU2004,Oats 1kg,FMCG,9,161.19,0.14,2026-07-18
2026-07-26,Navi Mumbai,SKU2005,Peanut Butter 340g,FMCG,34,137.83,1.75,2026-07-26
2026-07-26,Navi Mumbai,SKU2006,Mixed Fruit Jam 500g,FMCG,12,116.22,0.29,2026-07-26
2026-07-26,Navi Mumbai,SKU2007,Glucose Biscuits 800g,FMCG,7,77.4,0.14,2026-07-19
2026-07-26,Navi Mumbai,SKU2008,Cream Biscuits 300g,FMCG,4,49.8,0.0,
2026-07-26,Navi Mumbai,SKU2009,Potato Chips 150g,FMCG,16,38.0,0.32,2026-07-23
2026-07-26,Navi Mumbai,SKU2010,Namkeen Mix 400g,FMCG,2,74.25,0.11,2026-07-26
2026-07-26,Navi Mumbai,SKU2011,Dark Chocolate 100g,FMCG,11,84.0,0.36,2026-07-23
2026-07-26,Navi Mumbai,SKU2012,Instant Coffee 100g,FMCG,191,239.2,13.79,2026-07-26
2026-07-26,Navi Mumbai,SKU2013,Tea Leaves 500g,FMCG,8,217.3,0.18,2026-07-18
2026-07-26,Navi Mumbai,SKU2014,Pasta Penne 500g,FMCG,3,85.1,0.0,
2026-07-26,Navi Mumbai,SKU2015,Soya Chunks 200g,FMCG,55,33.88,1.89,2026-07-26
2026-07-26,Navi Mumbai,SKU2016,Honey 500g,FMCG,24,189.24,0.89,2026-07-25
2026-07-26,Navi Mumbai,SKU2017,Pickle Mango 400g,FMCG,20,91.59,0.54,2026-07-26
2026-07-26,Navi Mumbai,SKU2018,Baking Soda 100g,FMCG,15,17.5,0.5,2026-07-26
2026-07-26,Navi Mumbai,SKU2019,Custard Powder 100g,FMCG,19,34.56,1.11,2026-07-26
2026-07-26,Navi Mumbai,SKU2020,Muesli 500g,FMCG,8,256.62,0.5,2026-07-26
2026-07-26,Navi Mumbai,SKU3001,Sandwich Bread 400g,Bakery,6,35.1,0.11,2026-07-18
2026-07-26,Navi Mumbai,SKU3002,Brown Bread 400g,Bakery,3,41.8,0.0,
2026-07-26,Navi Mumbai,SKU3003,Multigrain Bread 400g,Bakery,4,48.1,0.0,
2026-07-26,Navi Mumbai,SKU3004,Pav 6-pack,Bakery,31,22.5,0.57,2026-07-25
2026-07-26,Navi Mumbai,SKU3005,Butter Croissant,Bakery,96,34.1,3.96,2026-07-26
2026-07-26,Navi Mumbai,SKU3006,Chocolate Muffin,Bakery,14,36.0,0.43,2026-07-26
2026-07-26,Navi Mumbai,SKU3007,Plum Cake 300g,Bakery,397,118.8,10.82,2026-07-26
2026-07-26,Navi Mumbai,SKU3008,Garlic Bread,Bakery,9,60.8,0.36,2026-07-16
2026-07-26,Navi Mumbai,SKU3009,Rusk 300g,Bakery,17,51.1,0.39,2026-07-23
2026-07-26,Navi Mumbai,SKU3010,Fruit Bun,Bakery,22,16.75,0.86,2026-07-25
2026-07-26,Navi Mumbai,SKU3011,Cheese Danish,Bakery,132,51.85,5.39,2026-07-26
2026-07-26,Navi Mumbai,SKU3012,Burger Buns 4-pack,Bakery,11,36.0,0.18,2026-07-13
2026-07-26,Navi Mumbai,SKU3013,Whole Wheat Cookies 250g,Bakery,6,71.5,0.36,2026-07-12
2026-07-26,Navi Mumbai,SKU3014,Banana Walnut Loaf,Bakery,18,138.6,1.54,2026-07-26
2026-07-26,Navi Mumbai,SKU3015,Cinnamon Roll,Bakery,5,44.25,0.25,2026-07-26
2026-07-26,Navi Mumbai,SKU3016,Pizza Base 2-pack,Bakery,8,42.0,0.39,2026-07-22
2026-07-26,Navi Mumbai,SKU4001,Mineral Water 1L,Beverages,5,15.0,0.07,2026-07-26
2026-07-26,Navi Mumbai,SKU4002,Orange Juice 1L,Beverages,0,98.75,0.64,2026-07-24
2026-07-26,Navi Mumbai,SKU4003,Mango Drink 1.2L,Beverages,20,70.2,0.68,2026-07-26
2026-07-26,Navi Mumbai,SKU4004,Cola 2L,Beverages,6,77.9,0.07,2026-07-17
2026-07-26,Navi Mumbai,SKU4005,Lemon Soda 750ml,Beverages,13,30.8,0.46,2026-07-26
2026-07-26,Navi Mumbai,SKU4006,Coconut Water 200ml,Beverages,7,36.0,0.07,2026-07-03
2026-07-26,Navi Mumbai,SKU4007,Energy Drink 250ml,Beverages,3,85.1,0.07,2026-07-06
2026-07-26,Navi Mumbai,SKU4008,Cold Coffee 200ml,Beverages,30,38.0,1.86,2026-07-26
2026-07-26,Navi Mumbai,SKU4009,Buttermilk 500ml,Beverages,13,24.3,0.68,2026-07-26
2026-07-26,Navi Mumbai,SKU4010,Flavoured Milk 200ml,Beverages,9,28.7,0.39,2026-07-19
2026-07-26,Navi Mumbai,SKU4011,Green Tea 25 bags,Beverages,0,113.6,1.07,2026-07-26
2026-07-26,Navi Mumbai,SKU4012,Apple Juice 1L,Beverages,31,106.65,0.5,2026-07-25
2026-07-26,Navi Mumbai,SKU4013,Soda Water 750ml,Beverages,11,18.25,0.5,2026-07-23
2026-07-26,Navi Mumbai,SKU4014,Iced Tea 500ml,Beverages,10,45.0,0.46,2026-07-14
2026-07-26,Navi Mumbai,SKU5001,Herbal Shampoo 340ml,Personal Care,0,178.85,1.0,2026-07-25
2026-07-26,Navi Mumbai,SKU5002,Anti-dandruff Shampoo 180ml,Personal Care,6,143.28,0.32,2026-07-17
2026-07-26,Navi Mumbai,SKU5003,Bath Soap 4-pack,Personal Care,13,140.4,0.54,2026-07-26
2026-07-26,Navi Mumbai,SKU5004,Toothpaste 150g,Personal Care,10,75.24,0.43,2026-07-26
2026-07-26,Navi Mumbai,SKU5005,Toothbrush Soft,Personal Care,8,26.0,0.32,2026-07-24
2026-07-26,Navi Mumbai,SKU5006,Face Wash 100ml,Personal Care,0,117.25,0.79,2026-07-26
2026-07-26,Navi Mumbai,SKU5007,Body Lotion 400ml,Personal Care,9,206.31,0.57,2026-07-24
2026-07-26,Navi Mumbai,SKU5008,Coconut Hair Oil 500ml,Personal Care,11,145.53,0.32,2026-07-25
2026-07-26,Navi Mumbai,SKU5009,Hand Wash Refill 750ml,Personal Care,5,81.65,0.25,2026-07-24
2026-07-26,Navi Mumbai,SKU5010,Deodorant 150ml,Personal Care,6,148.5,0.11,2026-07-06
2026-07-26,Navi Mumbai,SKU5011,Talcum Powder 300g,Personal Care,8,118.4,0.39,2026-07-24
2026-07-26,Navi Mumbai,SKU5012,Shaving Foam 200g,Personal Care,12,133.0,0.5,2026-07-26
2026-07-26,Navi Mumbai,SKU5013,Sanitary Pads 20s,Personal Care,186,142.2,3.0,2026-07-26
2026-07-26,Navi Mumbai,SKU5014,Lip Balm 4.5g,Personal Care,10,57.0,0.11,2026-07-05
2026-07-26,Navi Mumbai,SKU5015,Sunscreen SPF50 50ml,Personal Care,109,223.36,1.82,2026-07-26
2026-07-26,Navi Mumbai,SKU5016,Cotton Buds 100s,Personal Care,7,34.1,0.14,2026-07-17
2026-07-26,Navi Mumbai,SKU6001,Detergent Powder 4kg,Household,0,414.17,0.43,2026-07-26
2026-07-26,Navi Mumbai,SKU6002,Liquid Detergent 2L,Household,79,306.99,1.82,2026-07-26
2026-07-26,Navi Mumbai,SKU6003,Dishwash Bar 3-pack,Household,26,47.4,1.04,2026-07-25
2026-07-26,Navi Mumbai,SKU6004,Dishwash Gel 750ml,Household,7,110.2,0.21,2026-07-18
2026-07-26,Navi Mumbai,SKU6005,Floor Cleaner 1L,Household,10,134.25,0.25,2026-07-24
2026-07-26,Navi Mumbai,SKU6006,Toilet Cleaner 1L,Household,14,117.8,0.43,2026-07-26
2026-07-26,Navi Mumbai,SKU6007,Glass Cleaner 500ml,Household,44,79.2,1.5,2026-07-25
2026-07-26,Navi Mumbai,SKU6008,Garbage Bags 30s,Household,14,81.6,0.32,2026-07-26
2026-07-26,Navi Mumbai,SKU6009,Kitchen Towels 2-roll,Household,16,109.5,0.86,2026-07-26
2026-07-26,Navi Mumbai,SKU6010,Toilet Rolls 6-pack,Household,17,169.4,1.04,2026-07-26
2026-07-26,Navi Mumbai,SKU6011,Aluminium Foil 9m,Household,8,73.26,0.46,2026-07-26
2026-07-26,Navi Mumbai,SKU6012,Scrub Pads 3-pack,Household,1,33.0,0.04,2026-07-15
2026-07-26,Navi Mumbai,SKU6013,Mosquito Repellent Refill,Household,3,60.35,0.04,2026-07-19
2026-07-26,Navi Mumbai,SKU6014,Air Freshener 240ml,Household,14,133.33,0.32,2026-07-19
2026-07-26,Navi Mumbai,SKU6015,Phenyl 1L,Household,8,63.0,0.14,2026-07-23
2026-07-26,Navi Mumbai,SKU6016,LED Bulb 9W,Household,54,71.5,2.04,2026-07-23
2026-07-26,Powai,SKU1001,Basmati Rice 5kg,Grocery,19,558.14,0.43,2026-07-25
2026-07-26,Powai,SKU1002,Sona Masoori Rice 10kg,Grocery,48,703.12,1.25,2026-07-24
2026-07-26,Powai,SKU1003,Whole Wheat Atta 10kg,Grocery,3,435.21,0.07,2026-07-26
2026-07-26,Powai,SKU1004,Toor Dal 1kg,Grocery,18,147.03,0.82,2026-07-26
2026-07-26,Powai,SKU1005,Moong Dal 1kg,Grocery,9,129.63,0.39,2026-07-22
2026-07-26,Powai,SKU1006,Chana Dal 1kg,Grocery,15,93.74,0.36,2026-07-25
2026-07-26,Powai,SKU1007,Sugar 1kg,Grocery,11,45.12,0.36,2026-07-24
2026-07-26,Powai,SKU1008,Iodised Salt 1kg,Grocery,18,22.96,0.89,2026-07-26
2026-07-26,Powai,SKU1009,Sunflower Oil 1L,Grocery,3,144.69,0.11,2026-07-21
2026-07-26,Powai,SKU1010,Mustard Oil 1L,Grocery,14,170.1,0.32,2026-07-26
2026-07-26,Powai,SKU1011,Poha 500g,Grocery,74,36.0,5.82,2026-07-26
2026-07-26,Powai,SKU1012,Rava 1kg,Grocery,17,50.22,0.71,2026-07-26
2026-07-26,Powai,SKU1013,Turmeric Powder 200g,Grocery,20,41.76,1.0,2026-07-25
2026-07-26,Powai,SKU1014,Red Chilli Powder 200g,Grocery,11,52.56,0.29,2026-07-25
2026-07-26,Powai,SKU1015,Garam Masala 100g,Grocery,1,57.8,0.07,2026-07-22
2026-07-26,Powai,SKU1016,Groundnuts 500g,Grocery,15,78.85,0.5,2026-07-21
2026-07-26,Powai,SKU1017,Kabuli Chana 1kg,Grocery,10,118.15,0.36,2026-07-24
2026-07-26,Powai,SKU1018,Rajma 1kg,Grocery,74,140.25,2.21,2026-07-16
2026-07-26,Powai,SKU1019,Jaggery 1kg,Grocery,122,66.36,4.79,2026-07-26
2026-07-26,Powai,SKU1020,Vermicelli 400g,Grocery,5,32.76,0.43,2026-07-22
2026-07-26,Powai,SKU2001,Instant Noodles 4-pack,FMCG,4,47.04,0.0,
2026-07-26,Powai,SKU2002,Tomato Ketchup 1kg,FMCG,5,109.81,0.0,
2026-07-26,Powai,SKU2003,Corn Flakes 875g,FMCG,19,286.18,0.64,2026-07-25
2026-07-26,Powai,SKU2004,Oats 1kg,FMCG,5,161.19,0.21,2026-07-13
2026-07-26,Powai,SKU2005,Peanut Butter 340g,FMCG,57,137.83,2.21,2026-07-25
2026-07-26,Powai,SKU2006,Mixed Fruit Jam 500g,FMCG,11,116.22,0.54,2026-07-22
2026-07-26,Powai,SKU2007,Glucose Biscuits 800g,FMCG,6,77.4,0.43,2026-07-25
2026-07-26,Powai,SKU2008,Cream Biscuits 300g,FMCG,1,49.8,0.0,
2026-07-26,Powai,SKU2009,Potato Chips 150g,FMCG,11,38.0,0.36,2026-07-14
2026-07-26,Powai,SKU2010,Namkeen Mix 400g,FMCG,10,74.25,0.25,2026-07-12
2026-07-26,Powai,SKU2011,Dark Chocolate 100g,FMCG,19,84.0,0.79,2026-07-26
2026-07-26,Powai,SKU2012,Instant Coffee 100g,FMCG,334,239.2,14.82,2026-07-26
2026-07-26,Powai,SKU2013,Tea Leaves 500g,FMCG,10,217.3,0.29,2026-07-26
2026-07-26,Powai,SKU2014,Pasta Penne 500g,FMCG,0,85.1,0.0,
2026-07-26,Powai,SKU2015,Soya Chunks 200g,FMCG,253,33.88,1.79,2026-07-25
2026-07-26,Powai,SKU2016,Honey 500g,FMCG,18,189.24,0.61,2026-07-24
2026-07-26,Powai,SKU2017,Pickle Mango 400g,FMCG,10,91.59,0.39,2026-07-23
2026-07-26,Powai,SKU2018,Baking Soda 100g,FMCG,17,17.5,0.75,2026-07-24
2026-07-26,Powai,SKU2019,Custard Powder 100g,FMCG,45,34.56,0.96,2026-07-26
2026-07-26,Powai,SKU2020,Muesli 500g,FMCG,22,256.62,0.79,2026-07-24
2026-07-26,Powai,SKU3001,Sandwich Bread 400g,Bakery,19,35.1,0.75,2026-07-26
2026-07-26,Powai,SKU3002,Brown Bread 400g,Bakery,1,41.8,0.0,
2026-07-26,Powai,SKU3003,Multigrain Bread 400g,Bakery,5,48.1,0.0,
2026-07-26,Powai,SKU3004,Pav 6-pack,Bakery,12,22.5,0.68,2026-07-26
2026-07-26,Powai,SKU3005,Butter Croissant,Bakery,111,34.1,3.79,2026-07-26
2026-07-26,Powai,SKU3006,Chocolate Muffin,Bakery,27,36.0,0.61,2026-07-25
2026-07-26,Powai,SKU3007,Plum Cake 300g,Bakery,229,118.8,11.75,2026-07-26
2026-07-26,Powai,SKU3008,Garlic Bread,Bakery,13,60.8,0.43,2026-07-25
2026-07-26,Powai,SKU3009,Rusk 300g,Bakery,5,51.1,0.36,2026-07-25
2026-07-26,Powai,SKU3010,Fruit Bun,Bakery,8,16.75,0.36,2026-07-22
2026-07-26,Powai,SKU3011,Cheese Danish,Bakery,219,51.85,6.46,2026-07-26
2026-07-26,Powai,SKU3012,Burger Buns 4-pack,Bakery,10,36.0,0.36,2026-07-21
2026-07-26,Powai,SKU3013,Whole Wheat Cookies 250g,Bakery,5,71.5,0.11,2026-07-15
2026-07-26,Powai,SKU3014,Banana Walnut Loaf,Bakery,35,138.6,1.39,2026-07-25
2026-07-26,Powai,SKU3015,Cinnamon Roll,Bakery,6,44.25,0.36,2026-07-23
2026-07-26,Powai,SKU3016,Pizza Base 2-pack,Bakery,21,42.0,0.68,2026-07-14
2026-07-26,Powai,SKU4001,Mineral Water 1L,Beverages,4,15.0,0.21,2026-07-26
2026-07-26,Powai,SKU4002,Orange Juice 1L,Beverages,22,98.75,0.96,2026-07-23
2026-07-26,Powai,SKU4003,Mango Drink 1.2L,Beverages,17,70.2,0.46,2026-07-19
2026-07-26,Powai,SKU4004,Cola 2L,Beverages,13,77.9,0.36,2026-07-24
2026-07-26,Powai,SKU4005,Lemon Soda 750ml,Beverages,52,30.8,0.96,2026-07-24
2026-07-26,Powai,SKU4006,Coconut Water 200ml,Beverages,19,36.0,0.32,2026-07-20
2026-07-26,Powai,SKU4007,Energy Drink 250ml,Beverages,3,85.1,0.21,2026-07-07
2026-07-26,Powai,SKU4008,Cold Coffee 200ml,Beverages,26,38.0,1.21,2026-07-25
2026-07-26,Powai,SKU4009,Buttermilk 500ml,Beverages,7,24.3,0.43,2026-07-19
2026-07-26,Powai,SKU4010,Flavoured Milk 200ml,Beverages,12,28.7,0.11,2026-07-19
2026-07-26,Powai,SKU4011,Green Tea 25 bags,Beverages,23,113.6,1.18,2026-07-26
2026-07-26,Powai,SKU4012,Apple Juice 1L,Beverages,9,106.65,0.25,2026-07-26
2026-07-26,Powai,SKU4013,Soda Water 750ml,Beverages,26,18.25,0.46,2026-07-26
2026-07-26,Powai,SKU4014,Iced Tea 500ml,Beverages,11,45.0,0.39,2026-07-24
2026-07-26,Powai,SKU5001,Herbal Shampoo 340ml,Personal Care,100,178.85,1.0,2026-07-25
2026-07-26,Powai,SKU5002,Anti-dandruff Shampoo 180ml,Personal Care,20,143.28,0.46,2026-07-25
2026-07-26,Powai,SKU5003,Bath Soap 4-pack,Personal Care,12,140.4,0.25,2026-07-23
2026-07-26,Powai,SKU5004,Toothpaste 150g,Personal Care,6,75.24,0.29,2026-07-25
2026-07-26,Powai,SKU5005,Toothbrush Soft,Personal Care,6,26.0,0.46,2026-07-24
2026-07-26,Powai,SKU5006,Face Wash 100ml,Personal Care,24,117.25,0.46,2026-07-25
2026-07-26,Powai,SKU5007,Body Lotion 400ml,Personal Care,10,206.31,0.25,2026-07-21
2026-07-26,Powai,SKU5008,Coconut Hair Oil 500ml,Personal Care,13,145.53,0.36,2026-07-19
2026-07-26,Powai,SKU5009,Hand Wash Refill 750ml,Personal Care,26,81.65,0.79,2026-07-26
2026-07-26,Powai,SKU5010,Deodorant 150ml,Personal Care,10,148.5,0.25,2026-07-19
2026-07-26,Powai,SKU5011,Talcum Powder 300g,Personal Care,15,118.4,0.43,2026-07-24
2026-07-26,Powai,SKU5012,Shaving Foam 200g,Personal Care,17,133.0,0.39,2026-07-25
2026-07-26,Powai,SKU5013,Sanitary Pads 20s,Personal Care,51,142.2,2.43,2026-07-26
2026-07-26,Powai,SKU5014,Lip Balm 4.5g,Personal Care,0,57.0,0.57,2026-07-23
2026-07-26,Powai,SKU5015,Sunscreen SPF50 50ml,Personal Care,52,223.36,1.64,2026-07-25
2026-07-26,Powai,SKU5016,Cotton Buds 100s,Personal Care,8,34.1,0.14,2026-07-03
2026-07-26,Powai,SKU6001,Detergent Powder 4kg,Household,13,414.17,0.39,2026-07-24
2026-07-26,Powai,SKU6002,Liquid Detergent 2L,Household,35,306.99,1.11,2026-07-26
2026-07-26,Powai,SKU6003,Dishwash Bar 3-pack,Household,48,47.4,1.14,2026-07-26
2026-07-26,Powai,SKU6004,Dishwash Gel 750ml,Household,28,110.2,0.71,2026-07-25
2026-07-26,Powai,SKU6005,Floor Cleaner 1L,Household,30,134.25,0.54,2026-07-22
2026-07-26,Powai,SKU6006,Toilet Cleaner 1L,Household,19,117.8,0.75,2026-07-22
2026-07-26,Powai,SKU6007,Glass Cleaner 500ml,Household,19,79.2,1.25,2026-07-25
2026-07-26,Powai,SKU6008,Garbage Bags 30s,Household,14,81.6,0.46,2026-07-24
2026-07-26,Powai,SKU6009,Kitchen Towels 2-roll,Household,35,109.5,1.61,2026-07-26
2026-07-26,Powai,SKU6010,Toilet Rolls 6-pack,Household,20,169.4,0.93,2026-07-25
2026-07-26,Powai,SKU6011,Aluminium Foil 9m,Household,10,73.26,0.14,2026-07-24
2026-07-26,Powai,SKU6012,Scrub Pads 3-pack,Household,1,33.0,0.0,
2026-07-26,Powai,SKU6013,Mosquito Repellent Refill,Household,10,60.35,0.36,2026-07-26
2026-07-26,Powai,SKU6014,Air Freshener 240ml,Household,9,133.33,0.43,2026-07-26
2026-07-26,Powai,SKU6015,Phenyl 1L,Household,10,63.0,0.36,2026-07-21
2026-07-26,Powai,SKU6016,LED Bulb 9W,Household,0,71.5,2.07,2026-07-26
2026-07-26,Thane,SKU1001,Basmati Rice 5kg,Grocery,5,558.14,0.14,2026-07-07
2026-07-26,Thane,SKU1002,Sona Masoori Rice 10kg,Grocery,21,703.12,0.89,2026-07-26
2026-07-26,Thane,SKU1003,Whole Wheat Atta 10kg,Grocery,7,435.21,0.14,2026-07-11
2026-07-26,Thane,SKU1004,Toor Dal 1kg,Grocery,18,147.03,1.18,2026-07-26
2026-07-26,Thane,SKU1005,Moong Dal 1kg,Grocery,20,129.63,0.86,2026-07-25
2026-07-26,Thane,SKU1006,Chana Dal 1kg,Grocery,29,93.74,0.75,2026-07-26
2026-07-26,Thane,SKU1007,Sugar 1kg,Grocery,21,45.12,0.54,2026-07-22
2026-07-26,Thane,SKU1008,Iodised Salt 1kg,Grocery,12,22.96,1.14,2026-07-23
2026-07-26,Thane,SKU1009,Sunflower Oil 1L,Grocery,6,144.69,0.32,2026-07-13
2026-07-26,Thane,SKU1010,Mustard Oil 1L,Grocery,8,170.1,0.14,2026-07-18
2026-07-26,Thane,SKU1011,Poha 500g,Grocery,109,36.0,5.54,2026-07-26
2026-07-26,Thane,SKU1012,Rava 1kg,Grocery,23,50.22,0.43,2026-07-19
2026-07-26,Thane,SKU1013,Turmeric Powder 200g,Grocery,41,41.76,1.29,2026-07-26
2026-07-26,Thane,SKU1014,Red Chilli Powder 200g,Grocery,8,52.56,0.43,2026-07-26
2026-07-26,Thane,SKU1015,Garam Masala 100g,Grocery,3,57.8,0.25,2026-07-22
2026-07-26,Thane,SKU1016,Groundnuts 500g,Grocery,6,78.85,0.11,2026-07-16
2026-07-26,Thane,SKU1017,Kabuli Chana 1kg,Grocery,13,118.15,0.46,2026-07-19
2026-07-26,Thane,SKU1018,Rajma 1kg,Grocery,6,140.25,0.29,2026-07-26
2026-07-26,Thane,SKU1019,Jaggery 1kg,Grocery,56,66.36,4.07,2026-07-26
2026-07-26,Thane,SKU1020,Vermicelli 400g,Grocery,7,32.76,0.18,2026-07-19
2026-07-26,Thane,SKU2001,Instant Noodles 4-pack,FMCG,7,47.04,0.04,2026-07-05
2026-07-26,Thane,SKU2002,Tomato Ketchup 1kg,FMCG,4,109.81,0.0,
2026-07-26,Thane,SKU2003,Corn Flakes 875g,FMCG,8,286.18,0.39,2026-07-25
2026-07-26,Thane,SKU2004,Oats 1kg,FMCG,8,161.19,0.36,2026-07-25
2026-07-26,Thane,SKU2005,Peanut Butter 340g,FMCG,35,137.83,2.54,2026-07-26
2026-07-26,Thane,SKU2006,Mixed Fruit Jam 500g,FMCG,35,116.22,2.75,2026-07-25
2026-07-26,Thane,SKU2007,Glucose Biscuits 800g,FMCG,13,77.4,0.18,2026-07-23
2026-07-26,Thane,SKU2008,Cream Biscuits 300g,FMCG,4,49.8,0.0,
2026-07-26,Thane,SKU2009,Potato Chips 150g,FMCG,11,38.0,0.32,2026-07-23
2026-07-26,Thane,SKU2010,Namkeen Mix 400g,FMCG,8,74.25,0.32,2026-07-25
2026-07-26,Thane,SKU2011,Dark Chocolate 100g,FMCG,25,84.0,0.64,2026-07-25
2026-07-26,Thane,SKU2012,Instant Coffee 100g,FMCG,1042,239.2,17.61,2026-07-26
2026-07-26,Thane,SKU2013,Tea Leaves 500g,FMCG,8,217.3,0.21,2026-07-26
2026-07-26,Thane,SKU2014,Pasta Penne 500g,FMCG,2,85.1,0.0,
2026-07-26,Thane,SKU2015,Soya Chunks 200g,FMCG,21,33.88,1.46,2026-07-25
2026-07-26,Thane,SKU2016,Honey 500g,FMCG,19,189.24,0.46,2026-07-23
2026-07-26,Thane,SKU2017,Pickle Mango 400g,FMCG,18,91.59,0.5,2026-07-22
2026-07-26,Thane,SKU2018,Baking Soda 100g,FMCG,15,17.5,0.89,2026-07-17
2026-07-26,Thane,SKU2019,Custard Powder 100g,FMCG,31,34.56,1.14,2026-07-25
2026-07-26,Thane,SKU2020,Muesli 500g,FMCG,22,256.62,0.68,2026-07-19
2026-07-26,Thane,SKU3001,Sandwich Bread 400g,Bakery,30,35.1,0.54,2026-07-19
2026-07-26,Thane,SKU3002,Brown Bread 400g,Bakery,2,41.8,0.0,
2026-07-26,Thane,SKU3003,Multigrain Bread 400g,Bakery,3,48.1,0.0,
2026-07-26,Thane,SKU3004,Pav 6-pack,Bakery,22,22.5,0.61,2026-07-26
2026-07-26,Thane,SKU3005,Butter Croissant,Bakery,95,34.1,4.93,2026-07-26
2026-07-26,Thane,SKU3006,Chocolate Muffin,Bakery,6,36.0,0.11,2026-07-20
2026-07-26,Thane,SKU3007,Plum Cake 300g,Bakery,546,118.8,12.0,2026-07-26
2026-07-26,Thane,SKU3008,Garlic Bread,Bakery,13,60.8,0.32,2026-07-26
2026-07-26,Thane,SKU3009,Rusk 300g,Bakery,2,51.1,0.0,
2026-07-26,Thane,SKU3010,Fruit Bun,Bakery,4,16.75,0.07,2026-07-18
2026-07-26,Thane,SKU3011,Cheese Danish,Bakery,367,51.85,6.54,2026-07-26
2026-07-26,Thane,SKU3012,Burger Buns 4-pack,Bakery,8,36.0,0.18,2026-07-09
2026-07-26,Thane,SKU3013,Whole Wheat Cookies 250g,Bakery,15,71.5,0.29,2026-07-26
2026-07-26,Thane,SKU3014,Banana Walnut Loaf,Bakery,9,138.6,1.71,2026-07-25
2026-07-26,Thane,SKU3015,Cinnamon Roll,Bakery,40,44.25,0.86,2026-07-21
2026-07-26,Thane,SKU3016,Pizza Base 2-pack,Bakery,7,42.0,0.46,2026-07-19
2026-07-26,Thane,SKU4001,Mineral Water 1L,Beverages,12,15.0,0.5,2026-07-19
2026-07-26,Thane,SKU4002,Orange Juice 1L,Beverages,10,98.75,0.68,2026-07-22
2026-07-26,Thane,SKU4003,Mango Drink 1.2L,Beverages,0,70.2,0.14,2026-07-15
2026-07-26,Thane,SKU4004,Cola 2L,Beverages,19,77.9,0.39,2026-07-15
2026-07-26,Thane,SKU4005,Lemon Soda 750ml,Beverages,40,30.8,0.54,2026-07-26
2026-07-26,Thane,SKU4006,Coconut Water 200ml,Beverages,2,36.0,0.18,2026-07-26
2026-07-26,Thane,SKU4007,Energy Drink 250ml,Beverages,7,85.1,0.18,2026-07-15
2026-07-26,Thane,SKU4008,Cold Coffee 200ml,Beverages,24,38.0,0.79,2026-07-23
2026-07-26,Thane,SKU4009,Buttermilk 500ml,Beverages,20,24.3,0.46,2026-07-25
2026-07-26,Thane,SKU4010,Flavoured Milk 200ml,Beverages,10,28.7,0.46,2026-07-24
2026-07-26,Thane,SKU4011,Green Tea 25 bags,Beverages,61,113.6,1.75,2026-07-26
2026-07-26,Thane,SKU4012,Apple Juice 1L,Beverages,6,106.65,0.21,2026-07-21
2026-07-26,Thane,SKU4013,Soda Water 750ml,Beverages,36,18.25,0.68,2026-07-26
2026-07-26,Thane,SKU4014,Iced Tea 500ml,Beverages,13,45.0,0.36,2026-07-20
2026-07-26,Thane,SKU5001,Herbal Shampoo 340ml,Personal Care,86,178.85,1.21,2026-07-23
2026-07-26,Thane,SKU5002,Anti-dandruff Shampoo 180ml,Personal Care,7,143.28,0.46,2026-07-26
2026-07-26,Thane,SKU5003,Bath Soap 4-pack,Personal Care,15,140.4,0.29,2026-07-22
2026-07-26,Thane,SKU5004,Toothpaste 150g,Personal Care,8,75.24,0.36,2026-07-26
2026-07-26,Thane,SKU5005,Toothbrush Soft,Personal Care,17,26.0,0.39,2026-07-22
2026-07-26,Thane,SKU5006,Face Wash 100ml,Personal Care,21,117.25,0.57,2026-07-26
2026-07-26,Thane,SKU5007,Body Lotion 400ml,Personal Care,16,206.31,0.57,2026-07-26
2026-07-26,Thane,SKU5008,Coconut Hair Oil 500ml,Personal Care,9,145.53,0.32,2026-07-22
2026-07-26,Thane,SKU5009,Hand Wash Refill 750ml,Personal Care,12,81.65,0.18,2026-07-26
2026-07-26,Thane,SKU5010,Deodorant 150ml,Personal Care,12,148.5,0.39,2026-07-25
2026-07-26,Thane,SKU5011,Talcum Powder 300g,Personal Care,6,118.4,0.18,2026-07-21
2026-07-26,Thane,SKU5012,Shaving Foam 200g,Personal Care,21,133.0,0.75,2026-07-26
2026-07-26,Thane,SKU5013,Sanitary Pads 20s,Personal Care,110,142.2,2.86,2026-07-26
2026-07-26,Thane,SKU5014,Lip Balm 4.5g,Personal Care,7,57.0,0.25,2026-07-23
2026-07-26,Thane,SKU5015,Sunscreen SPF50 50ml,Personal Care,74,223.36,1.5,2026-07-25
2026-07-26,Thane,SKU5016,Cotton Buds 100s,Personal Care,4,34.1,0.14,2026-07-17
2026-07-26,Thane,SKU6001,Detergent Powder 4kg,Household,11,414.17,0.39,2026-07-26
2026-07-26,Thane,SKU6002,Liquid Detergent 2L,Household,34,306.99,1.32,2026-07-24
2026-07-26,Thane,SKU6003,Dishwash Bar 3-pack,Household,20,47.4,1.64,2026-07-25
2026-07-26,Thane,SKU6004,Dishwash Gel 750ml,Household,7,110.2,0.43,2026-07-23
2026-07-26,Thane,SKU6005,Floor Cleaner 1L,Household,12,134.25,0.36,2026-07-24
2026-07-26,Thane,SKU6006,Toilet Cleaner 1L,Household,6,117.8,0.36,2026-07-26
2026-07-26,Thane,SKU6007,Glass Cleaner 500ml,Household,42,79.2,1.89,2026-07-26
2026-07-26,Thane,SKU6008,Garbage Bags 30s,Household,14,81.6,0.57,2026-07-22
2026-07-26,Thane,SKU6009,Kitchen Towels 2-roll,Household,40,109.5,1.57,2026-07-22
2026-07-26,Thane,SKU6010,Toilet Rolls 6-pack,Household,20,169.4,1.64,2026-07-25
2026-07-26,Thane,SKU6011,Aluminium Foil 9m,Household,0,73.26,0.14,2026-07-22
2026-07-26,Thane,SKU6012,Scrub Pads 3-pack,Household,5,33.0,0.0,
2026-07-26,Thane,SKU6013,Mosquito Repellent Refill,Household,15,60.35,0.46,2026-07-19
2026-07-26,Thane,SKU6014,Air Freshener 240ml,Household,20,133.33,0.57,2026-07-16
2026-07-26,Thane,SKU6015,Phenyl 1L,Household,9,63.0,0.25,2026-07-23
2026-07-26,Thane,SKU6016,LED Bulb 9W,Household,64,71.5,1.86,2026-07-26
2026-08-02,Andheri,SKU1001,Basmati Rice 5kg,Grocery,29,558.14,0.61,2026-07-31
2026-08-02,Andheri,SKU1002,Sona Masoori Rice 10kg,Grocery,10,703.12,0.96,2026-08-02
2026-08-02,Andheri,SKU1003,Whole Wheat Atta 10kg,Grocery,2,435.21,0.11,2026-07-25
2026-08-02,Andheri,SKU1004,Toor Dal 1kg,Grocery,158,147.03,1.64,2026-08-02
2026-08-02,Andheri,SKU1005,Moong Dal 1kg,Grocery,12,129.63,0.71,2026-07-27
2026-08-02,Andheri,SKU1006,Chana Dal 1kg,Grocery,6,93.74,0.32,2026-07-20
2026-08-02,Andheri,SKU1007,Sugar 1kg,Grocery,26,45.12,0.36,2026-08-01
2026-08-02,Andheri,SKU1008,Iodised Salt 1kg,Grocery,10,22.96,0.68,2026-08-02
2026-08-02,Andheri,SKU1009,Sunflower Oil 1L,Grocery,25,144.69,0.39,2026-08-02
2026-08-02,Andheri,SKU1010,Mustard Oil 1L,Grocery,9,170.1,0.18,2026-07-27
2026-08-02,Andheri,SKU1011,Poha 500g,Grocery,228,36.0,9.29,2026-08-02
2026-08-02,Andheri,SKU1012,Rava 1kg,Grocery,22,50.22,1.29,2026-08-02
2026-08-02,Andheri,SKU1013,Turmeric Powder 200g,Grocery,22,41.76,0.93,2026-08-02
2026-08-02,Andheri,SKU1014,Red Chilli Powder 200g,Grocery,0,52.56,0.21,2026-07-27
2026-08-02,Andheri,SKU1015,Garam Masala 100g,Grocery,18,57.8,0.54,2026-08-01
2026-08-02,Andheri,SKU1016,Groundnuts 500g,Grocery,4,78.85,0.14,2026-07-27
2026-08-02,Andheri,SKU1017,Kabuli Chana 1kg,Grocery,13,118.15,0.96,2026-08-02
2026-08-02,Andheri,SKU1018,Rajma 1kg,Grocery,19,140.25,0.79,2026-08-01
2026-08-02,Andheri,SKU1019,Jaggery 1kg,Grocery,102,66.36,5.86,2026-08-02
2026-08-02,Andheri,SKU1020,Vermicelli 400g,Grocery,15,32.76,0.36,2026-08-02
2026-08-02,Andheri,SKU2001,Instant Noodles 4-pack,FMCG,11,47.04,0.18,2026-08-02
2026-08-02,Andheri,SKU2002,Tomato Ketchup 1kg,FMCG,3,109.81,0.0,
2026-08-02,Andheri,SKU2003,Corn Flakes 875g,FMCG,18,286.18,1.14,2026-08-02
2026-08-02,Andheri,SKU2004,Oats 1kg,FMCG,49,161.19,0.96,2026-08-02
2026-08-02,Andheri,SKU2005,Peanut Butter 340g,FMCG,73,137.83,2.64,2026-08-02
2026-08-02,Andheri,SKU2006,Mixed Fruit Jam 500g,FMCG,10,116.22,0.29,2026-08-02
2026-08-02,Andheri,SKU2007,Glucose Biscuits 800g,FMCG,24,77.4,0.61,2026-07-28
2026-08-02,Andheri,SKU2008,Cream Biscuits 300g,FMCG,5,49.8,0.0,
2026-08-02,Andheri,SKU2009,Potato Chips 150g,FMCG,16,38.0,0.57,2026-08-02
2026-08-02,Andheri,SKU2010,Namkeen Mix 400g,FMCG,11,74.25,0.21,2026-07-28
2026-08-02,Andheri,SKU2011,Dark Chocolate 100g,FMCG,15,84.0,0.79,2026-07-31
2026-08-02,Andheri,SKU2012,Instant Coffee 100g,FMCG,171,239.2,22.93,2026-08-02
2026-08-02,Andheri,SKU2013,Tea Leaves 500g,FMCG,8,217.3,0.21,2026-07-31
2026-08-02,Andheri,SKU2014,Pasta Penne 500g,FMCG,5,85.1,0.0,
2026-08-02,Andheri,SKU2015,Soya Chunks 200g,FMCG,54,33.88,2.61,2026-08-02
2026-08-02,Andheri,SKU2016,Honey 500g,FMCG,35,189.24,0.75,2026-08-02
2026-08-02,Andheri,SKU2017,Pickle Mango 400g,FMCG,12,91.59,0.82,2026-07-30
2026-08-02,Andheri,SKU2018,Baking Soda 100g,FMCG,18,17.5,0.36,2026-08-01
2026-08-02,Andheri,SKU2019,Custard Powder 100g,FMCG,67,34.56,1.54,2026-08-02
2026-08-02,Andheri,SKU2020,Muesli 500g,FMCG,17,256.62,0.71,2026-08-01
2026-08-02,Andheri,SKU3001,Sandwich Bread 400g,Bakery,13,35.1,0.39,2026-07-26
2026-08-02,Andheri,SKU3002,Brown Bread 400g,Bakery,4,41.8,0.0,
2026-08-02,Andheri,SKU3003,Multigrain Bread 400g,Bakery,2,48.1,0.0,2026-07-03
2026-08-02,Andheri,SKU3004,Pav 6-pack,Bakery,15,22.5,0.5,2026-07-29
2026-08-02,Andheri,SKU3005,Butter Croissant,Bakery,250,34.1,6.04,2026-08-02
2026-08-02,Andheri,SKU3006,Chocolate Muffin,Bakery,14,36.0,1.07,2026-07-30
2026-08-02,Andheri,SKU3007,Plum Cake 300g,Bakery,312,118.8,15.79,2026-08-02
2026-08-02,Andheri,SKU3008,Garlic Bread,Bakery,15,60.8,0.61,2026-08-01
2026-08-02,Andheri,SKU3009,Rusk 300g,Bakery,23,51.1,0.75,2026-08-02
2026-08-02,Andheri,SKU3010,Fruit Bun,Bakery,12,16.75,0.89,2026-07-29
2026-08-02,Andheri,SKU3011,Cheese Danish,Bakery,251,51.85,7.57,2026-08-02
2026-08-02,Andheri,SKU3012,Burger Buns 4-pack,Bakery,8,36.0,0.46,2026-08-02
2026-08-02,Andheri,SKU3013,Whole Wheat Cookies 250g,Bakery,11,71.5,0.29,2026-08-02
2026-08-02,Andheri,SKU3014,Banana Walnut Loaf,Bakery,25,138.6,1.54,2026-07-29
2026-08-02,Andheri,SKU3015,Cinnamon Roll,Bakery,7,44.25,0.43,2026-07-22
2026-08-02,Andheri,SKU3016,Pizza Base 2-pack,Bakery,29,42.0,1.89,2026-08-02
2026-08-02,Andheri,SKU4001,Mineral Water 1L,Beverages,8,15.0,0.39,2026-08-02
2026-08-02,Andheri,SKU4002,Orange Juice 1L,Beverages,26,98.75,0.89,2026-08-02
2026-08-02,Andheri,SKU4003,Mango Drink 1.2L,Beverages,25,70.2,0.5,2026-07-31
2026-08-02,Andheri,SKU4004,Cola 2L,Beverages,6,77.9,0.39,2026-07-29
2026-08-02,Andheri,SKU4005,Lemon Soda 750ml,Beverages,19,30.8,0.64,2026-08-01
2026-08-02,Andheri,SKU4006,Coconut Water 200ml,Beverages,12,36.0,0.39,2026-08-02
2026-08-02,Andheri,SKU4007,Energy Drink 250ml,Beverages,0,85.1,0.57,2026-08-02
2026-08-02,Andheri,SKU4008,Cold Coffee 200ml,Beverages,47,38.0,1.5,2026-08-02
2026-08-02,Andheri,SKU4009,Buttermilk 500ml,Beverages,13,24.3,0.82,2026-08-02
2026-08-02,Andheri,SKU4010,Flavoured Milk 200ml,Beverages,16,28.7,0.54,2026-08-02
2026-08-02,Andheri,SKU4011,Green Tea 25 bags,Beverages,40,113.6,2.75,2026-08-02
2026-08-02,Andheri,SKU4012,Apple Juice 1L,Beverages,7,106.65,0.25,2026-07-16
2026-08-02,Andheri,SKU4013,Soda Water 750ml,Beverages,36,18.25,0.93,2026-08-01
2026-08-02,Andheri,SKU4014,Iced Tea 500ml,Beverages,15,45.0,0.32,2026-08-02
2026-08-02,Andheri,SKU5001,Herbal Shampoo 340ml,Personal Care,36,178.85,1.68,2026-08-02
2026-08-02,Andheri,SKU5002,Anti-dandruff Shampoo 180ml,Personal Care,20,143.28,0.43,2026-08-01
2026-08-02,Andheri,SKU5003,Bath Soap 4-pack,Personal Care,15,140.4,0.43,2026-07-28
2026-08-02,Andheri,SKU5004,Toothpaste 150g,Personal Care,6,75.24,0.46,2026-07-30
2026-08-02,Andheri,SKU5005,Toothbrush Soft,Personal Care,30,26.0,1.04,2026-08-02
2026-08-02,Andheri,SKU5006,Face Wash 100ml,Personal Care,13,117.25,0.71,2026-08-02
2026-08-02,Andheri,SKU5007,Body Lotion 400ml,Personal Care,20,206.31,0.61,2026-08-02
2026-08-02,Andheri,SKU5008,Coconut Hair Oil 500ml,Personal Care,17,145.53,0.57,2026-07-31
2026-08-02,Andheri,SKU5009,Hand Wash Refill 750ml,Personal Care,15,81.65,0.71,2026-07-29
2026-08-02,Andheri,SKU5010,Deodorant 150ml,Personal Care,3,148.5,0.07,2026-08-01
2026-08-02,Andheri,SKU5011,Talcum Powder 300g,Personal Care,24,118.4,0.79,2026-08-02
2026-08-02,Andheri,SKU5012,Shaving Foam 200g,Personal Care,20,133.0,0.68,2026-08-01
2026-08-02,Andheri,SKU5013,Sanitary Pads 20s,Personal Care,83,142.2,2.68,2026-08-02
2026-08-02,Andheri,SKU5014,Lip Balm 4.5g,Personal Care,12,57.0,0.32,2026-08-02
2026-08-02,Andheri,SKU5015,Sunscreen SPF50 50ml,Personal Care,43,223.36,2.04,2026-08-02
2026-08-02,Andheri,SKU5016,Cotton Buds 100s,Personal Care,6,34.1,0.25,2026-07-20
2026-08-02,Andheri,SKU6001,Detergent Powder 4kg,Household,43,414.17,0.64,2026-08-02
2026-08-02,Andheri,SKU6002,Liquid Detergent 2L,Household,25,306.99,1.46,2026-08-01
2026-08-02,Andheri,SKU6003,Dishwash Bar 3-pack,Household,27,47.4,1.21,2026-08-01
2026-08-02,Andheri,SKU6004,Dishwash Gel 750ml,Household,25,110.2,0.57,2026-08-01
2026-08-02,Andheri,SKU6005,Floor Cleaner 1L,Household,35,134.25,0.5,2026-07-29
2026-08-02,Andheri,SKU6006,Toilet Cleaner 1L,Household,14,117.8,0.32,2026-07-29
2026-08-02,Andheri,SKU6007,Glass Cleaner 500ml,Household,16,79.2,2.36,2026-08-01
2026-08-02,Andheri,SKU6008,Garbage Bags 30s,Household,9,81.6,0.36,2026-08-02
2026-08-02,Andheri,SKU6009,Kitchen Towels 2-roll,Household,50,109.5,2.21,2026-08-01
2026-08-02,Andheri,SKU6010,Toilet Rolls 6-pack,Household,97,169.4,2.29,2026-08-02
2026-08-02,Andheri,SKU6011,Aluminium Foil 9m,Household,48,73.26,0.57,2026-07-28
2026-08-02,Andheri,SKU6012,Scrub Pads 3-pack,Household,5,33.0,0.0,
2026-08-02,Andheri,SKU6013,Mosquito Repellent Refill,Household,9,60.35,0.43,2026-07-29
2026-08-02,Andheri,SKU6014,Air Freshener 240ml,Household,10,133.33,0.54,2026-07-30
2026-08-02,Andheri,SKU6015,Phenyl 1L,Household,9,63.0,0.21,2026-07-25
2026-08-02,Andheri,SKU6016,LED Bulb 9W,Household,40,71.5,3.36,2026-08-02
2026-08-02,Mumbai Central,SKU1001,Basmati Rice 5kg,Grocery,10,558.14,0.54,2026-08-02
2026-08-02,Mumbai Central,SKU1002,Sona Masoori Rice 10kg,Grocery,15,703.12,1.04,2026-08-02
2026-08-02,Mumbai Central,SKU1003,Whole Wheat Atta 10kg,Grocery,4,435.21,0.29,2026-07-29
2026-08-02,Mumbai Central,SKU1004,Toor Dal 1kg,Grocery,43,147.03,1.46,2026-08-02
2026-08-02,Mumbai Central,SKU1005,Moong Dal 1kg,Grocery,42,129.63,1.43,2026-08-02
2026-08-02,Mumbai Central,SKU1006,Chana Dal 1kg,Grocery,29,93.74,0.86,2026-07-28
2026-08-02,Mumbai Central,SKU1007,Sugar 1kg,Grocery,9,45.12,0.61,2026-08-02
2026-08-02,Mumbai Central,SKU1008,Iodised Salt 1kg,Grocery,57,22.96,0.82,2026-07-31
2026-08-02,Mumbai Central,SKU1009,Sunflower Oil 1L,Grocery,13,144.69,0.54,2026-08-01
2026-08-02,Mumbai Central,SKU1010,Mustard Oil 1L,Grocery,7,170.1,0.21,2026-07-26
2026-08-02,Mumbai Central,SKU1011,Poha 500g,Grocery,286,36.0,10.46,2026-08-02
2026-08-02,Mumbai Central,SKU1012,Rava 1kg,Grocery,36,50.22,1.07,2026-08-02
2026-08-02,Mumbai Central,SKU1013,Turmeric Powder 200g,Grocery,42,41.76,1.61,2026-07-31
2026-08-02,Mumbai Central,SKU1014,Red Chilli Powder 200g,Grocery,17,52.56,0.5,2026-07-26
2026-08-02,Mumbai Central,SKU1015,Garam Masala 100g,Grocery,21,57.8,0.71,2026-08-01
2026-08-02,Mumbai Central,SKU1016,Groundnuts 500g,Grocery,13,78.85,0.14,2026-07-26
2026-08-02,Mumbai Central,SKU1017,Kabuli Chana 1kg,Grocery,10,118.15,0.71,2026-08-02
2026-08-02,Mumbai Central,SKU1018,Rajma 1kg,Grocery,16,140.25,0.5,2026-08-02
2026-08-02,Mumbai Central,SKU1019,Jaggery 1kg,Grocery,355,66.36,4.75,2026-08-02
2026-08-02,Mumbai Central,SKU1020,Vermicelli 400g,Grocery,12,32.76,0.39,2026-07-30
2026-08-02,Mumbai Central,SKU2001,Instant Noodles 4-pack,FMCG,8,47.04,0.25,2026-08-01
2026-08-02,Mumbai Central,SKU2002,Tomato Ketchup 1kg,FMCG,1,109.81,0.0,
2026-08-02,Mumbai Central,SKU2003,Corn Flakes 875g,FMCG,76,286.18,1.61,2026-08-02
2026-08-02,Mumbai Central,SKU2004,Oats 1kg,FMCG,39,161.19,0.68,2026-08-01
2026-08-02,Mumbai Central,SKU2005,Peanut Butter 340g,FMCG,106,137.83,3.54,2026-08-02
2026-08-02,Mumbai Central,SKU2006,Mixed Fruit Jam 500g,FMCG,9,116.22,0.54,2026-07-29
2026-08-02,Mumbai Central,SKU2007,Glucose Biscuits 800g,FMCG,7,77.4,0.57,2026-07-29
2026-08-02,Mumbai Central,SKU2008,Cream Biscuits 300g,FMCG,2,49.8,0.0,
2026-08-02,Mumbai Central,SKU2009,Potato Chips 150g,FMCG,6,38.0,0.21,2026-07-22
2026-08-02,Mumbai Central,SKU2010,Namkeen Mix 400g,FMCG,31,74.25,0.43,2026-07-27
2026-08-02,Mumbai Central,SKU2011,Dark Chocolate 100g,FMCG,18,84.0,0.75,2026-08-02
2026-08-02,Mumbai Central,SKU2012,Instant Coffee 100g,FMCG,277,239.2,22.18,2026-08-02
2026-08-02,Mumbai Central,SKU2013,Tea Leaves 500g,FMCG,11,217.3,0.93,2026-08-01
2026-08-02,Mumbai Central,SKU2014,Pasta Penne 500g,FMCG,5,85.1,0.0,
2026-08-02,Mumbai Central,SKU2015,Soya Chunks 200g,FMCG,60,33.88,2.68,2026-08-01
2026-08-02,Mumbai Central,SKU2016,Honey 500g,FMCG,46,189.24,1.11,2026-08-02
2026-08-02,Mumbai Central,SKU2017,Pickle Mango 400g,FMCG,26,91.59,0.89,2026-08-01
2026-08-02,Mumbai Central,SKU2018,Baking Soda 100g,FMCG,37,17.5,1.21,2026-08-02
2026-08-02,Mumbai Central,SKU2019,Custard Powder 100g,FMCG,105,34.56,2.36,2026-08-01
2026-08-02,Mumbai Central,SKU2020,Muesli 500g,FMCG,18,256.62,0.5,2026-08-01
2026-08-02,Mumbai Central,SKU3001,Sandwich Bread 400g,Bakery,23,35.1,0.89,2026-08-01
2026-08-02,Mumbai Central,SKU3002,Brown Bread 400g,Bakery,3,41.8,0.0,
2026-08-02,Mumbai Central,SKU3003,Multigrain Bread 400g,Bakery,5,48.1,0.0,
2026-08-02,Mumbai Central,SKU3004,Pav 6-pack,Bakery,15,22.5,0.39,2026-07-27
2026-08-02,Mumbai Central,SKU3005,Butter Croissant,Bakery,234,34.1,7.0,2026-08-02
2026-08-02,Mumbai Central,SKU3006,Chocolate Muffin,Bakery,8,36.0,0.64,2026-07-31
2026-08-02,Mumbai Central,SKU3007,Plum Cake 300g,Bakery,239,118.8,19.25,2026-08-02
2026-08-02,Mumbai Central,SKU3008,Garlic Bread,Bakery,17,60.8,0.5,2026-08-02
2026-08-02,Mumbai Central,SKU3009,Rusk 300g,Bakery,10,51.1,0.68,2026-07-28
2026-08-02,Mumbai Central,SKU3010,Fruit Bun,Bakery,24,16.75,0.79,2026-08-02
2026-08-02,Mumbai Central,SKU3011,Cheese Danish,Bakery,220,51.85,9.93,2026-08-02
2026-08-02,Mumbai Central,SKU3012,Burger Buns 4-pack,Bakery,86,36.0,2.79,2026-07-31
2026-08-02,Mumbai Central,SKU3013,Whole Wheat Cookies 250g,Bakery,28,71.5,0.54,2026-07-26
2026-08-02,Mumbai Central,SKU3014,Banana Walnut Loaf,Bakery,46,138.6,2.04,2026-08-02
2026-08-02,Mumbai Central,SKU3015,Cinnamon Roll,Bakery,10,44.25,0.32,2026-08-01
2026-08-02,Mumbai Central,SKU3016,Pizza Base 2-pack,Bakery,22,42.0,0.89,2026-08-02
2026-08-02,Mumbai Central,SKU4001,Mineral Water 1L,Beverages,16,15.0,0.29,2026-07-29
2026-08-02,Mumbai Central,SKU4002,Orange Juice 1L,Beverages,21,98.75,0.96,2026-08-01
2026-08-02,Mumbai Central,SKU4003,Mango Drink 1.2L,Beverages,0,70.2,1.07,2026-08-01
2026-08-02,Mumbai Central,SKU4004,Cola 2L,Beverages,19,77.9,0.43,2026-08-02
2026-08-02,Mumbai Central,SKU4005,Lemon Soda 750ml,Beverages,85,30.8,1.68,2026-08-02
2026-08-02,Mumbai Central,SKU4006,Coconut Water 200ml,Beverages,9,36.0,0.46,2026-08-01
2026-08-02,Mumbai Central,SKU4007,Energy Drink 250ml,Beverages,6,85.1,0.21,2026-07-29
2026-08-02,Mumbai Central,SKU4008,Cold Coffee 200ml,Beverages,23,38.0,1.71,2026-08-02
2026-08-02,Mumbai Central,SKU4009,Buttermilk 500ml,Beverages,13,24.3,0.86,2026-08-02
2026-08-02,Mumbai Central,SKU4010,Flavoured Milk 200ml,Beverages,11,28.7,0.68,2026-07-31
2026-08-02,Mumbai Central,SKU4011,Green Tea 25 bags,Beverages,51,113.6,3.39,2026-08-02
2026-08-02,Mumbai Central,SKU4012,Apple Juice 1L,Beverages,25,106.65,0.64,2026-07-31
2026-08-02,Mumbai Central,SKU4013,Soda Water 750ml,Beverages,19,18.25,0.54,2026-07-31
2026-08-02,Mumbai Central,SKU4014,Iced Tea 500ml,Beverages,11,45.0,0.57,2026-07-28
2026-08-02,Mumbai Central,SKU5001,Herbal Shampoo 340ml,Personal Care,10,178.85,1.5,2026-08-02
2026-08-02,Mumbai Central,SKU5002,Anti-dandruff Shampoo 180ml,Personal Care,44,143.28,0.96,2026-08-02
2026-08-02,Mumbai Central,SKU5003,Bath Soap 4-pack,Personal Care,37,140.4,0.39,2026-08-01
2026-08-02,Mumbai Central,SKU5004,Toothpaste 150g,Personal Care,10,75.24,0.43,2026-07-30
2026-08-02,Mumbai Central,SKU5005,Toothbrush Soft,Personal Care,23,26.0,1.04,2026-07-28
2026-08-02,Mumbai Central,SKU5006,Face Wash 100ml,Personal Care,13,117.25,0.82,2026-08-02
2026-08-02,Mumbai Central,SKU5007,Body Lotion 400ml,Personal Care,7,206.31,0.46,2026-07-27
2026-08-02,Mumbai Central,SKU5008,Coconut Hair Oil 500ml,Personal Care,11,145.53,0.21,2026-08-01
2026-08-02,Mumbai Central,SKU5009,Hand Wash Refill 750ml,Personal Care,30,81.65,0.43,2026-07-24
2026-08-02,Mumbai Central,SKU5010,Deodorant 150ml,Personal Care,15,148.5,0.29,2026-07-30
2026-08-02,Mumbai Central,SKU5011,Talcum Powder 300g,Personal Care,5,118.4,0.18,2026-07-30
2026-08-02,Mumbai Central,SKU5012,Shaving Foam 200g,Personal Care,12,133.0,0.39,2026-07-30
2026-08-02,Mumbai Central,SKU5013,Sanitary Pads 20s,Personal Care,77,142.2,4.18,2026-08-02
2026-08-02,Mumbai Central,SKU5014,Lip Balm 4.5g,Personal Care,14,57.0,0.21,2026-08-01
2026-08-02,Mumbai Central,SKU5015,Sunscreen SPF50 50ml,Personal Care,134,223.36,2.68,2026-08-02
2026-08-02,Mumbai Central,SKU5016,Cotton Buds 100s,Personal Care,7,34.1,0.25,2026-07-19
2026-08-02,Mumbai Central,SKU6001,Detergent Powder 4kg,Household,31,414.17,1.04,2026-07-29
2026-08-02,Mumbai Central,SKU6002,Liquid Detergent 2L,Household,89,306.99,1.61,2026-08-02
2026-08-02,Mumbai Central,SKU6003,Dishwash Bar 3-pack,Household,23,47.4,1.25,2026-08-02
2026-08-02,Mumbai Central,SKU6004,Dishwash Gel 750ml,Household,43,110.2,1.18,2026-08-02
2026-08-02,Mumbai Central,SKU6005,Floor Cleaner 1L,Household,35,134.25,1.04,2026-07-31
2026-08-02,Mumbai Central,SKU6006,Toilet Cleaner 1L,Household,29,117.8,0.68,2026-07-26
2026-08-02,Mumbai Central,SKU6007,Glass Cleaner 500ml,Household,24,79.2,2.64,2026-08-02
2026-08-02,Mumbai Central,SKU6008,Garbage Bags 30s,Household,19,81.6,0.93,2026-07-31
2026-08-02,Mumbai Central,SKU6009,Kitchen Towels 2-roll,Household,51,109.5,2.18,2026-08-02
2026-08-02,Mumbai Central,SKU6010,Toilet Rolls 6-pack,Household,154,169.4,2.36,2026-08-02
2026-08-02,Mumbai Central,SKU6011,Aluminium Foil 9m,Household,14,73.26,0.82,2026-07-31
2026-08-02,Mumbai Central,SKU6012,Scrub Pads 3-pack,Household,3,33.0,0.0,
2026-08-02,Mumbai Central,SKU6013,Mosquito Repellent Refill,Household,13,60.35,0.29,2026-07-29
2026-08-02,Mumbai Central,SKU6014,Air Freshener 240ml,Household,11,133.33,0.32,2026-07-30
2026-08-02,Mumbai Central,SKU6015,Phenyl 1L,Household,13,63.0,0.39,2026-08-02
2026-08-02,Mumbai Central,SKU6016,LED Bulb 9W,Household,53,71.5,3.29,2026-08-02
2026-08-02,Navi Mumbai,SKU1001,Basmati Rice 5kg,Grocery,14,558.14,0.36,2026-08-02
2026-08-02,Navi Mumbai,SKU1002,Sona Masoori Rice 10kg,Grocery,17,703.12,0.61,2026-08-02
2026-08-02,Navi Mumbai,SKU1003,Whole Wheat Atta 10kg,Grocery,9,435.21,0.29,2026-07-27
2026-08-02,Navi Mumbai,SKU1004,Toor Dal 1kg,Grocery,24,147.03,0.82,2026-07-31
2026-08-02,Navi Mumbai,SKU1005,Moong Dal 1kg,Grocery,20,129.63,1.0,2026-08-02
2026-08-02,Navi Mumbai,SKU1006,Chana Dal 1kg,Grocery,19,93.74,0.71,2026-08-02
2026-08-02,Navi Mumbai,SKU1007,Sugar 1kg,Grocery,5,45.12,0.07,2026-07-26
2026-08-02,Navi Mumbai,SKU1008,Iodised Salt 1kg,Grocery,26,22.96,0.75,2026-07-30
2026-08-02,Navi Mumbai,SKU1009,Sunflower Oil 1L,Grocery,19,144.69,0.29,2026-07-30
2026-08-02,Navi Mumbai,SKU1010,Mustard Oil 1L,Grocery,8,170.1,0.21,2026-07-29
2026-08-02,Navi Mumbai,SKU1011,Poha 500g,Grocery,119,36.0,6.96,2026-08-02
2026-08-02,Navi Mumbai,SKU1012,Rava 1kg,Grocery,21,50.22,0.57,2026-07-31
2026-08-02,Navi Mumbai,SKU1013,Turmeric Powder 200g,Grocery,33,41.76,0.71,2026-07-30
2026-08-02,Navi Mumbai,SKU1014,Red Chilli Powder 200g,Grocery,1,52.56,0.0,
2026-08-02,Navi Mumbai,SKU1015,Garam Masala 100g,Grocery,14,57.8,0.39,2026-07-28
2026-08-02,Navi Mumbai,SKU1016,Groundnuts 500g,Grocery,12,78.85,0.14,2026-07-19
2026-08-02,Navi Mumbai,SKU1017,Kabuli Chana 1kg,Grocery,8,118.15,0.5,2026-08-01
2026-08-02,Navi Mumbai,SKU1018,Rajma 1kg,Grocery,3,140.25,0.14,2026-07-25
2026-08-02,Navi Mumbai,SKU1019,Jaggery 1kg,Grocery,40,66.36,2.39,2026-08-02
2026-08-02,Navi Mumbai,SKU1020,Vermicelli 400g,Grocery,7,32.76,0.18,2026-07-25
2026-08-02,Navi Mumbai,SKU2001,Instant Noodles 4-pack,FMCG,11,47.04,0.25,2026-08-01
2026-08-02,Navi Mumbai,SKU2002,Tomato Ketchup 1kg,FMCG,2,109.81,0.0,
2026-08-02,Navi Mumbai,SKU2003,Corn Flakes 875g,FMCG,13,286.18,0.86,2026-08-02
2026-08-02,Navi Mumbai,SKU2004,Oats 1kg,FMCG,15,161.19,0.32,2026-08-01
2026-08-02,Navi Mumbai,SKU2005,Peanut Butter 340g,FMCG,55,137.83,1.93,2026-08-02
2026-08-02,Navi Mumbai,SKU2006,Mixed Fruit Jam 500g,FMCG,20,116.22,0.61,2026-08-02
2026-08-02,Navi Mumbai,SKU2007,Glucose Biscuits 800g,FMCG,10,77.4,0.25,2026-08-02
2026-08-02,Navi Mumbai,SKU2008,Cream Biscuits 300g,FMCG,4,49.8,0.0,
2026-08-02,Navi Mumbai,SKU2009,Potato Chips 150g,FMCG,13,38.0,0.29,2026-07-23
2026-08-02,Navi Mumbai,SKU2010,Namkeen Mix 400g,FMCG,5,74.25,0.07,2026-07-26
2026-08-02,Navi Mumbai,SKU2011,Dark Chocolate 100g,FMCG,14,84.0,0.46,2026-08-01
2026-08-02,Navi Mumbai,SKU2012,Instant Coffee 100g,FMCG,418,239.2,16.14,2026-08-02
2026-08-02,Navi Mumbai,SKU2013,Tea Leaves 500g,FMCG,10,217.3,0.18,2026-07-18
2026-08-02,Navi Mumbai,SKU2014,Pasta Penne 500g,FMCG,1,85.1,0.0,
2026-08-02,Navi Mumbai,SKU2015,Soya Chunks 200g,FMCG,52,33.88,1.64,2026-08-02
2026-08-02,Navi Mumbai,SKU2016,Honey 500g,FMCG,37,189.24,1.14,2026-08-01
2026-08-02,Navi Mumbai,SKU2017,Pickle Mango 400g,FMCG,27,91.59,0.5,2026-08-01
2026-08-02,Navi Mumbai,SKU2018,Baking Soda 100g,FMCG,14,17.5,0.43,2026-07-30
2026-08-02,Navi Mumbai,SKU2019,Custard Powder 100g,FMCG,16,34.56,1.07,2026-08-01
2026-08-02,Navi Mumbai,SKU2020,Muesli 500g,FMCG,13,256.62,0.54,2026-08-02
2026-08-02,Navi Mumbai,SKU3001,Sandwich Bread 400g,Bakery,7,35.1,0.43,2026-08-01
2026-08-02,Navi Mumbai,SKU3002,Brown Bread 400g,Bakery,0,41.8,0.0,
2026-08-02,Navi Mumbai,SKU3003,Multigrain Bread 400g,Bakery,0,48.1,0.0,
2026-08-02,Navi Mumbai,SKU3004,Pav 6-pack,Bakery,42,22.5,0.64,2026-08-01
2026-08-02,Navi Mumbai,SKU3005,Butter Croissant,Bakery,331,34.1,4.57,2026-08-02
2026-08-02,Navi Mumbai,SKU3006,Chocolate Muffin,Bakery,21,36.0,0.39,2026-07-28
2026-08-02,Navi Mumbai,SKU3007,Plum Cake 300g,Bakery,406,118.8,11.86,2026-08-02
2026-08-02,Navi Mumbai,SKU3008,Garlic Bread,Bakery,7,60.8,0.29,2026-07-27
2026-08-02,Navi Mumbai,SKU3009,Rusk 300g,Bakery,4,51.1,0.39,2026-07-23
2026-08-02,Navi Mumbai,SKU3010,Fruit Bun,Bakery,17,16.75,0.93,2026-08-02
2026-08-02,Navi Mumbai,SKU3011,Cheese Danish,Bakery,117,51.85,5.5,2026-08-02
2026-08-02,Navi Mumbai,SKU3012,Burger Buns 4-pack,Bakery,5,36.0,0.29,2026-07-27
2026-08-02,Navi Mumbai,SKU3013,Whole Wheat Cookies 250g,Bakery,14,71.5,0.36,2026-08-01
2026-08-02,Navi Mumbai,SKU3014,Banana Walnut Loaf,Bakery,18,138.6,0.93,2026-08-02
2026-08-02,Navi Mumbai,SKU3015,Cinnamon Roll,Bakery,8,44.25,0.32,2026-07-29
2026-08-02,Navi Mumbai,SKU3016,Pizza Base 2-pack,Bakery,26,42.0,0.46,2026-08-01
2026-08-02,Navi Mumbai,SKU4001,Mineral Water 1L,Beverages,4,15.0,0.14,2026-08-01
2026-08-02,Navi Mumbai,SKU4002,Orange Juice 1L,Beverages,12,98.75,0.82,2026-07-30
2026-08-02,Navi Mumbai,SKU4003,Mango Drink 1.2L,Beverages,13,70.2,0.68,2026-07-31
2026-08-02,Navi Mumbai,SKU4004,Cola 2L,Beverages,3,77.9,0.07,2026-07-17
2026-08-02,Navi Mumbai,SKU4005,Lemon Soda 750ml,Beverages,24,30.8,0.61,2026-08-02
2026-08-02,Navi Mumbai,SKU4006,Coconut Water 200ml,Beverages,6,36.0,0.04,2026-07-28
2026-08-02,Navi Mumbai,SKU4007,Energy Drink 250ml,Beverages,7,85.1,0.18,2026-08-01
2026-08-02,Navi Mumbai,SKU4008,Cold Coffee 200ml,Beverages,47,38.0,1.46,2026-08-01
2026-08-02,Navi Mumbai,SKU4009,Buttermilk 500ml,Beverages,13,24.3,0.61,2026-07-26
2026-08-02,Navi Mumbai,SKU4010,Flavoured Milk 200ml,Beverages,32,28.7,0.61,2026-07-31
2026-08-02,Navi Mumbai,SKU4011,Green Tea 25 bags,Beverages,13,113.6,1.0,2026-08-01
2026-08-02,Navi Mumbai,SKU4012,Apple Juice 1L,Beverages,9,106.65,0.29,2026-07-28
2026-08-02,Navi Mumbai,SKU4013,Soda Water 750ml,Beverages,12,18.25,0.57,2026-08-02
2026-08-02,Navi Mumbai,SKU4014,Iced Tea 500ml,Beverages,20,45.0,0.46,2026-08-01
2026-08-02,Navi Mumbai,SKU5001,Herbal Shampoo 340ml,Personal Care,19,178.85,1.14,2026-08-02
2026-08-02,Navi Mumbai,SKU5002,Anti-dandruff Shampoo 180ml,Personal Care,10,143.28,0.29,2026-07-30
2026-08-02,Navi Mumbai,SKU5003,Bath Soap 4-pack,Personal Care,20,140.4,0.43,2026-08-02
2026-08-02,Navi Mumbai,SKU5004,Toothpaste 150g,Personal Care,8,75.24,0.43,2026-07-26
2026-08-02,Navi Mumbai,SKU5005,Toothbrush Soft,Personal Care,0,26.0,0.36,2026-07-31
2026-08-02,Navi Mumbai,SKU5006,Face Wash 100ml,Personal Care,30,117.25,0.96,2026-08-01
2026-08-02,Navi Mumbai,SKU5007,Body Lotion 400ml,Personal Care,18,206.31,0.68,2026-07-30
2026-08-02,Navi Mumbai,SKU5008,Coconut Hair Oil 500ml,Personal Care,15,145.53,0.36,2026-08-02
2026-08-02,Navi Mumbai,SKU5009,Hand Wash Refill 750ml,Personal Care,16,81.65,0.32,2026-08-01
2026-08-02,Navi Mumbai,SKU5010,Deodorant 150ml,Personal Care,3,148.5,0.07,2026-07-06
2026-08-02,Navi Mumbai,SKU5011,Talcum Powder 300g,Personal Care,7,118.4,0.36,2026-07-31
2026-08-02,Navi Mumbai,SKU5012,Shaving Foam 200g,Personal Care,23,133.0,0.75,2026-08-01
2026-08-02,Navi Mumbai,SKU5013,Sanitary Pads 20s,Personal Care,88,142.2,3.36,2026-08-02
2026-08-02,Navi Mumbai,SKU5014,Lip Balm 4.5g,Personal Care,0,57.0,0.14,2026-08-01
2026-08-02,Navi Mumbai,SKU5015,Sunscreen SPF50 50ml,Personal Care,0,223.36,1.96,2026-08-02
2026-08-02,Navi Mumbai,SKU5016,Cotton Buds 100s,Personal Care,9,34.1,0.14,2026-07-17
2026-08-02,Navi Mumbai,SKU6001,Detergent Powder 4kg,Household,12,414.17,0.36,2026-08-02
2026-08-02,Navi Mumbai,SKU6002,Liquid Detergent 2L,Household,17,306.99,1.29,2026-08-01
2026-08-02,Navi Mumbai,SKU6003,Dishwash Bar 3-pack,Household,19,47.4,1.14,2026-08-02
2026-08-02,Navi Mumbai,SKU6004,Dishwash Gel 750ml,Household,14,110.2,0.32,2026-08-02
2026-08-02,Navi Mumbai,SKU6005,Floor Cleaner 1L,Household,19,134.25,0.36,2026-07-28
2026-08-02,Navi Mumbai,SKU6006,Toilet Cleaner 1L,Household,0,117.8,0.54,2026-07-31
2026-08-02,Navi Mumbai,SKU6007,Glass Cleaner 500ml,Household,36,79.2,1.68,2026-08-02
2026-08-02,Navi Mumbai,SKU6008,Garbage Bags 30s,Household,11,81.6,0.43,2026-08-01
2026-08-02,Navi Mumbai,SKU6009,Kitchen Towels 2-roll,Household,13,109.5,0.75,2026-08-02
2026-08-02,Navi Mumbai,SKU6010,Toilet Rolls 6-pack,Household,17,169.4,1.36,2026-08-02
2026-08-02,Navi Mumbai,SKU6011,Aluminium Foil 9m,Household,12,73.26,0.5,2026-08-02
2026-08-02,Navi Mumbai,SKU6012,Scrub Pads 3-pack,Household,3,33.0,0.04,2026-07-15
2026-08-02,Navi Mumbai,SKU6013,Mosquito Repellent Refill,Household,8,60.35,0.14,2026-08-01
2026-08-02,Navi Mumbai,SKU6014,Air Freshener 240ml,Household,11,133.33,0.57,2026-08-01
2026-08-02,Navi Mumbai,SKU6015,Phenyl 1L,Household,5,63.0,0.14,2026-07-30
2026-08-02,Navi Mumbai,SKU6016,LED Bulb 9W,Household,43,71.5,1.82,2026-08-02
2026-08-02,Powai,SKU1001,Basmati Rice 5kg,Grocery,22,558.14,0.46,2026-08-01
2026-08-02,Powai,SKU1002,Sona Masoori Rice 10kg,Grocery,23,703.12,1.14,2026-08-01
2026-08-02,Powai,SKU1003,Whole Wheat Atta 10kg,Grocery,7,435.21,0.14,2026-08-01
2026-08-02,Powai,SKU1004,Toor Dal 1kg,Grocery,31,147.03,1.29,2026-08-02
2026-08-02,Powai,SKU1005,Moong Dal 1kg,Grocery,18,129.63,0.46,2026-08-02
2026-08-02,Powai,SKU1006,Chana Dal 1kg,Grocery,13,93.74,0.39,2026-07-30
2026-08-02,Powai,SKU1007,Sugar 1kg,Grocery,14,45.12,0.54,2026-08-01
2026-08-02,Powai,SKU1008,Iodised Salt 1kg,Grocery,18,22.96,0.64,2026-08-02
2026-08-02,Powai,SKU1009,Sunflower Oil 1L,Grocery,8,144.69,0.18,2026-08-02
2026-08-02,Powai,SKU1010,Mustard Oil 1L,Grocery,12,170.1,0.36,2026-07-29
2026-08-02,Powai,SKU1011,Poha 500g,Grocery,204,36.0,6.0,2026-08-02
2026-08-02,Powai,SKU1012,Rava 1kg,Grocery,14,50.22,0.5,2026-07-28
2026-08-02,Powai,SKU1013,Turmeric Powder 200g,Grocery,13,41.76,1.0,2026-08-02
2026-08-02,Powai,SKU1014,Red Chilli Powder 200g,Grocery,10,52.56,0.29,2026-07-25
2026-08-02,Powai,SKU1015,Garam Masala 100g,Grocery,3,57.8,0.07,2026-07-22
2026-08-02,Powai,SKU1016,Groundnuts 500g,Grocery,9,78.85,0.29,2026-07-21
2026-08-02,Powai,SKU1017,Kabuli Chana 1kg,Grocery,10,118.15,0.36,2026-07-27
2026-08-02,Powai,SKU1018,Rajma 1kg,Grocery,73,140.25,2.5,2026-08-02
2026-08-02,Powai,SKU1019,Jaggery 1kg,Grocery,74,66.36,5.14,2026-08-02
2026-08-02,Powai,SKU1020,Vermicelli 400g,Grocery,5,32.76,0.29,2026-07-22
2026-08-02,Powai,SKU2001,Instant Noodles 4-pack,FMCG,3,47.04,0.04,2026-08-01
2026-08-02,Powai,SKU2002,Tomato Ketchup 1kg,FMCG,5,109.81,0.0,
2026-08-02,Powai,SKU2003,Corn Flakes 875g,FMCG,10,286.18,0.57,2026-07-31
2026-08-02,Powai,SKU2004,Oats 1kg,FMCG,9,161.19,0.21,2026-07-13
2026-08-02,Powai,SKU2005,Peanut Butter 340g,FMCG,48,137.83,2.43,2026-08-02
2026-08-02,Powai,SKU2006,Mixed Fruit Jam 500g,FMCG,6,116.22,0.61,2026-08-02
2026-08-02,Powai,SKU2007,Glucose Biscuits 800g,FMCG,11,77.4,0.43,2026-07-25
2026-08-02,Powai,SKU2008,Cream Biscuits 300g,FMCG,1,49.8,0.0,
2026-08-02,Powai,SKU2009,Potato Chips 150g,FMCG,7,38.0,0.36,2026-07-31
2026-08-02,Powai,SKU2010,Namkeen Mix 400g,FMCG,0,74.25,0.18,2026-07-12
2026-08-02,Powai,SKU2011,Dark Chocolate 100g,FMCG,24,84.0,0.86,2026-08-02
2026-08-02,Powai,SKU2012,Instant Coffee 100g,FMCG,125,239.2,16.43,2026-08-02
2026-08-02,Powai,SKU2013,Tea Leaves 500g,FMCG,14,217.3,0.46,2026-07-29
2026-08-02,Powai,SKU2014,Pasta Penne 500g,FMCG,0,85.1,0.0,
2026-08-02,Powai,SKU2015,Soya Chunks 200g,FMCG,15,33.88,1.71,2026-08-01
2026-08-02,Powai,SKU2016,Honey 500g,FMCG,23,189.24,1.04,2026-08-02
2026-08-02,Powai,SKU2017,Pickle Mango 400g,FMCG,11,91.59,0.43,2026-07-29
2026-08-02,Powai,SKU2018,Baking Soda 100g,FMCG,14,17.5,0.93,2026-07-31
2026-08-02,Powai,SKU2019,Custard Powder 100g,FMCG,42,34.56,1.25,2026-07-31
2026-08-02,Powai,SKU2020,Muesli 500g,FMCG,41,256.62,1.04,2026-08-02
2026-08-02,Powai,SKU3001,Sandwich Bread 400g,Bakery,10,35.1,0.46,2026-07-26
2026-08-02,Powai,SKU3002,Brown Bread 400g,Bakery,3,41.8,0.0,
2026-08-02,Powai,SKU3003,Multigrain Bread 400g,Bakery,1,48.1,0.0,
2026-08-02,Powai,SKU3004,Pav 6-pack,Bakery,15,22.5,0.54,2026-07-26
2026-08-02,Powai,SKU3005,Butter Croissant,Bakery,89,34.1,4.96,2026-08-02
2026-08-02,Powai,SKU3006,Chocolate Muffin,Bakery,28,36.0,1.04,2026-08-01
2026-08-02,Powai,SKU3007,Plum Cake 300g,Bakery,418,118.8,13.04,2026-08-02
2026-08-02,Powai,SKU3008,Garlic Bread,Bakery,8,60.8,0.61,2026-07-30
2026-08-02,Powai,SKU3009,Rusk 300g,Bakery,21,51.1,0.57,2026-07-30
2026-08-02,Powai,SKU3010,Fruit Bun,Bakery,17,16.75,0.39,2026-07-29
2026-08-02,Powai,SKU3011,Cheese Danish,Bakery,169,51.85,7.39,2026-08-02
2026-08-02,Powai,SKU3012,Burger Buns 4-pack,Bakery,5,36.0,0.32,2026-08-01
2026-08-02,Powai,SKU3013,Whole Wheat Cookies 250g,Bakery,5,71.5,0.07,2026-07-15
2026-08-02,Powai,SKU3014,Banana Walnut Loaf,Bakery,36,138.6,2.18,2026-08-02
2026-08-02,Powai,SKU3015,Cinnamon Roll,Bakery,10,44.25,0.14,2026-07-23
2026-08-02,Powai,SKU3016,Pizza Base 2-pack,Bakery,28,42.0,0.57,2026-08-01
2026-08-02,Powai,SKU4001,Mineral Water 1L,Beverages,7,15.0,0.14,2026-07-26
2026-08-02,Powai,SKU4002,Orange Juice 1L,Beverages,32,98.75,1.11,2026-07-30
2026-08-02,Powai,SKU4003,Mango Drink 1.2L,Beverages,13,70.2,0.68,2026-08-02
2026-08-02,Powai,SKU4004,Cola 2L,Beverages,15,77.9,0.36,2026-07-28
2026-08-02,Powai,SKU4005,Lemon Soda 750ml,Beverages,19,30.8,0.82,2026-07-30
2026-08-02,Powai,SKU4006,Coconut Water 200ml,Beverages,9,36.0,0.39,2026-08-01
2026-08-02,Powai,SKU4007,Energy Drink 250ml,Beverages,4,85.1,0.11,2026-08-02
2026-08-02,Powai,SKU4008,Cold Coffee 200ml,Beverages,24,38.0,1.11,2026-08-02
2026-08-02,Powai,SKU4009,Buttermilk 500ml,Beverages,5,24.3,0.43,2026-08-02
2026-08-02,Powai,SKU4010,Flavoured Milk 200ml,Beverages,7,28.7,0.11,2026-07-31
2026-08-02,Powai,SKU4011,Green Tea 25 bags,Beverages,33,113.6,1.96,2026-08-02
2026-08-02,Powai,SKU4012,Apple Juice 1L,Beverages,5,106.65,0.39,2026-07-29
2026-08-02,Powai,SKU4013,Soda Water 750ml,Beverages,16,18.25,0.46,2026-08-02
2026-08-02,Powai,SKU4014,Iced Tea 500ml,Beverages,16,45.0,0.32,2026-07-29
2026-08-02,Powai,SKU5001,Herbal Shampoo 340ml,Personal Care,19,178.85,1.07,2026-08-02
2026-08-02,Powai,SKU5002,Anti-dandruff Shampoo 180ml,Personal Care,21,143.28,0.71,2026-08-01
2026-08-02,Powai,SKU5003,Bath Soap 4-pack,Personal Care,6,140.4,0.25,2026-07-30
2026-08-02,Powai,SKU5004,Toothpaste 150g,Personal Care,2,75.24,0.11,2026-07-25
2026-08-02,Powai,SKU5005,Toothbrush Soft,Personal Care,12,26.0,0.54,2026-08-02
2026-08-02,Powai,SKU5006,Face Wash 100ml,Personal Care,12,117.25,0.75,2026-08-02
2026-08-02,Powai,SKU5007,Body Lotion 400ml,Personal Care,8,206.31,0.25,2026-08-01
2026-08-02,Powai,SKU5008,Coconut Hair Oil 500ml,Personal Care,25,145.53,0.61,2026-08-02
2026-08-02,Powai,SKU5009,Hand Wash Refill 750ml,Personal Care,24,81.65,0.82,2026-08-01
2026-08-02,Powai,SKU5010,Deodorant 150ml,Personal Care,9,148.5,0.29,2026-07-30
2026-08-02,Powai,SKU5011,Talcum Powder 300g,Personal Care,10,118.4,0.39,2026-08-02
2026-08-02,Powai,SKU5012,Shaving Foam 200g,Personal Care,5,133.0,0.43,2026-07-30
2026-08-02,Powai,SKU5013,Sanitary Pads 20s,Personal Care,45,142.2,3.11,2026-08-02
2026-08-02,Powai,SKU5014,Lip Balm 4.5g,Personal Care,7,57.0,0.32,2026-07-23
2026-08-02,Powai,SKU5015,Sunscreen SPF50 50ml,Personal Care,36,223.36,1.39,2026-08-02
2026-08-02,Powai,SKU5016,Cotton Buds 100s,Personal Care,7,34.1,0.07,2026-08-01
2026-08-02,Powai,SKU6001,Detergent Powder 4kg,Household,11,414.17,0.5,2026-08-02
2026-08-02,Powai,SKU6002,Liquid Detergent 2L,Household,27,306.99,1.18,2026-08-02
2026-08-02,Powai,SKU6003,Dishwash Bar 3-pack,Household,24,47.4,1.07,2026-08-02
2026-08-02,Powai,SKU6004,Dishwash Gel 750ml,Household,42,110.2,0.75,2026-07-31
2026-08-02,Powai,SKU6005,Floor Cleaner 1L,Household,29,134.25,0.57,2026-08-02
2026-08-02,Powai,SKU6006,Toilet Cleaner 1L,Household,26,117.8,0.61,2026-07-29
2026-08-02,Powai,SKU6007,Glass Cleaner 500ml,Household,56,79.2,1.96,2026-08-02
2026-08-02,Powai,SKU6008,Garbage Bags 30s,Household,22,81.6,0.32,2026-08-01
2026-08-02,Powai,SKU6009,Kitchen Towels 2-roll,Household,10,109.5,1.96,2026-08-02
2026-08-02,Powai,SKU6010,Toilet Rolls 6-pack,Household,19,169.4,1.18,2026-08-02
2026-08-02,Powai,SKU6011,Aluminium Foil 9m,Household,3,73.26,0.18,2026-07-28
2026-08-02,Powai,SKU6012,Scrub Pads 3-pack,Household,1,33.0,0.0,
2026-08-02,Powai,SKU6013,Mosquito Repellent Refill,Household,20,60.35,0.29,2026-07-26
2026-08-02,Powai,SKU6014,Air Freshener 240ml,Household,21,133.33,0.46,2026-07-30
2026-08-02,Powai,SKU6015,Phenyl 1L,Household,10,63.0,0.57,2026-08-02
2026-08-02,Powai,SKU6016,LED Bulb 9W,Household,0,71.5,2.39,2026-08-02
2026-08-02,Thane,SKU1001,Basmati Rice 5kg,Grocery,5,558.14,0.11,2026-08-01
2026-08-02,Thane,SKU1002,Sona Masoori Rice 10kg,Grocery,52,703.12,1.21,2026-07-31
2026-08-02,Thane,SKU1003,Whole Wheat Atta 10kg,Grocery,5,435.21,0.11,2026-08-01
2026-08-02,Thane,SKU1004,Toor Dal 1kg,Grocery,36,147.03,1.0,2026-08-01
2026-08-02,Thane,SKU1005,Moong Dal 1kg,Grocery,15,129.63,0.57,2026-08-01
2026-08-02,Thane,SKU1006,Chana Dal 1kg,Grocery,30,93.74,1.0,2026-08-02
2026-08-02,Thane,SKU1007,Sugar 1kg,Grocery,23,45.12,0.64,2026-08-01
2026-08-02,Thane,SKU1008,Iodised Salt 1kg,Grocery,28,22.96,0.96,2026-07-31
2026-08-02,Thane,SKU1009,Sunflower Oil 1L,Grocery,3,144.69,0.25,2026-08-01
2026-08-02,Thane,SKU1010,Mustard Oil 1L,Grocery,7,170.1,0.18,2026-08-01
2026-08-02,Thane,SKU1011,Poha 500g,Grocery,210,36.0,6.04,2026-08-02
2026-08-02,Thane,SKU1012,Rava 1kg,Grocery,17,50.22,0.68,2026-08-01
2026-08-02,Thane,SKU1013,Turmeric Powder 200g,Grocery,53,41.76,1.32,2026-08-02
2026-08-02,Thane,SKU1014,Red Chilli Powder 200g,Grocery,15,52.56,0.43,2026-07-26
2026-08-02,Thane,SKU1015,Garam Masala 100g,Grocery,5,57.8,0.18,2026-07-22
2026-08-02,Thane,SKU1016,Groundnuts 500g,Grocery,14,78.85,0.18,2026-08-02
2026-08-02,Thane,SKU1017,Kabuli Chana 1kg,Grocery,13,118.15,0.5,2026-07-31
2026-08-02,Thane,SKU1018,Rajma 1kg,Grocery,18,140.25,0.43,2026-08-01
2026-08-02,Thane,SKU1019,Jaggery 1kg,Grocery,86,66.36,4.04,2026-08-02
2026-08-02,Thane,SKU1020,Vermicelli 400g,Grocery,4,32.76,0.18,2026-07-19
2026-08-02,Thane,SKU2001,Instant Noodles 4-pack,FMCG,2,47.04,0.0,2026-07-05
2026-08-02,Thane,SKU2002,Tomato Ketchup 1kg,FMCG,1,109.81,0.0,
2026-08-02,Thane,SKU2003,Corn Flakes 875g,FMCG,12,286.18,0.5,2026-08-01
2026-08-02,Thane,SKU2004,Oats 1kg,FMCG,6,161.19,0.36,2026-08-01
2026-08-02,Thane,SKU2005,Peanut Butter 340g,FMCG,68,137.83,2.71,2026-08-02
2026-08-02,Thane,SKU2006,Mixed Fruit Jam 500g,FMCG,55,116.22,2.86,2026-08-02
2026-08-02,Thane,SKU2007,Glucose Biscuits 800g,FMCG,4,77.4,0.14,2026-08-02
2026-08-02,Thane,SKU2008,Cream Biscuits 300g,FMCG,1,49.8,0.0,
2026-08-02,Thane,SKU2009,Potato Chips 150g,FMCG,10,38.0,0.32,2026-07-23
2026-08-02,Thane,SKU2010,Namkeen Mix 400g,FMCG,13,74.25,0.32,2026-08-02
2026-08-02,Thane,SKU2011,Dark Chocolate 100g,FMCG,31,84.0,0.57,2026-07-29
2026-08-02,Thane,SKU2012,Instant Coffee 100g,FMCG,842,239.2,18.61,2026-08-02
2026-08-02,Thane,SKU2013,Tea Leaves 500g,FMCG,12,217.3,0.32,2026-07-31
2026-08-02,Thane,SKU2014,Pasta Penne 500g,FMCG,4,85.1,0.0,
2026-08-02,Thane,SKU2015,Soya Chunks 200g,FMCG,134,33.88,2.32,2026-08-02
2026-08-02,Thane,SKU2016,Honey 500g,FMCG,15,189.24,0.54,2026-07-31
2026-08-02,Thane,SKU2017,Pickle Mango 400g,FMCG,5,91.59,0.46,2026-08-02
2026-08-02,Thane,SKU2018,Baking Soda 100g,FMCG,24,17.5,0.86,2026-08-01
2026-08-02,Thane,SKU2019,Custard Powder 100g,FMCG,29,34.56,1.14,2026-07-31
2026-08-02,Thane,SKU2020,Muesli 500g,FMCG,32,256.62,0.61,2026-07-27
2026-08-02,Thane,SKU3001,Sandwich Bread 400g,Bakery,22,35.1,0.64,2026-08-02
2026-08-02,Thane,SKU3002,Brown Bread 400g,Bakery,5,41.8,0.0,
2026-08-02,Thane,SKU3003,Multigrain Bread 400g,Bakery,4,48.1,0.07,2026-07-28
2026-08-02,Thane,SKU3004,Pav 6-pack,Bakery,28,22.5,0.68,2026-07-29
2026-08-02,Thane,SKU3005,Butter Croissant,Bakery,96,34.1,5.11,2026-08-02
2026-08-02,Thane,SKU3006,Chocolate Muffin,Bakery,24,36.0,0.32,2026-07-30
2026-08-02,Thane,SKU3007,Plum Cake 300g,Bakery,456,118.8,11.29,2026-08-02
2026-08-02,Thane,SKU3008,Garlic Bread,Bakery,7,60.8,0.32,2026-07-26
2026-08-02,Thane,SKU3009,Rusk 300g,Bakery,4,51.1,0.11,2026-07-31
2026-08-02,Thane,SKU3010,Fruit Bun,Bakery,5,16.75,0.04,2026-07-18
2026-08-02,Thane,SKU3011,Cheese Danish,Bakery,114,51.85,7.96,2026-08-02
2026-08-02,Thane,SKU3012,Burger Buns 4-pack,Bakery,6,36.0,0.21,2026-08-02
2026-08-02,Thane,SKU3013,Whole Wheat Cookies 250g,Bakery,16,71.5,0.18,2026-07-26
2026-08-02,Thane,SKU3014,Banana Walnut Loaf,Bakery,28,138.6,1.36,2026-08-02
2026-08-02,Thane,SKU3015,Cinnamon Roll,Bakery,24,44.25,0.89,2026-07-29
2026-08-02,Thane,SKU3016,Pizza Base 2-pack,Bakery,26,42.0,0.93,2026-08-02
2026-08-02,Thane,SKU4001,Mineral Water 1L,Beverages,42,15.0,0.75,2026-08-02
2026-08-02,Thane,SKU4002,Orange Juice 1L,Beverages,14,98.75,0.75,2026-08-02
2026-08-02,Thane,SKU4003,Mango Drink 1.2L,Beverages,9,70.2,0.14,2026-08-02
2026-08-02,Thane,SKU4004,Cola 2L,Beverages,5,77.9,0.14,2026-07-15
2026-08-02,Thane,SKU4005,Lemon Soda 750ml,Beverages,7,30.8,0.46,2026-07-30
2026-08-02,Thane,SKU4006,Coconut Water 200ml,Beverages,6,36.0,0.21,2026-07-30
2026-08-02,Thane,SKU4007,Energy Drink 250ml,Beverages,6,85.1,0.14,2026-07-27
2026-08-02,Thane,SKU4008,Cold Coffee 200ml,Beverages,28,38.0,1.14,2026-08-02
2026-08-02,Thane,SKU4009,Buttermilk 500ml,Beverages,28,24.3,0.5,2026-07-31
2026-08-02,Thane,SKU4010,Flavoured Milk 200ml,Beverages,8,28.7,0.43,2026-08-02
2026-08-02,Thane,SKU4011,Green Tea 25 bags,Beverages,31,113.6,1.71,2026-08-02
2026-08-02,Thane,SKU4012,Apple Juice 1L,Beverages,4,106.65,0.21,2026-07-21
2026-08-02,Thane,SKU4013,Soda Water 750ml,Beverages,11,18.25,0.79,2026-08-02
2026-08-02,Thane,SKU4014,Iced Tea 500ml,Beverages,7,45.0,0.36,2026-08-02
2026-08-02,Thane,SKU5001,Herbal Shampoo 340ml,Personal Care,25,178.85,1.32,2026-08-01
2026-08-02,Thane,SKU5002,Anti-dandruff Shampoo 180ml,Personal Care,10,143.28,0.32,2026-07-26
2026-08-02,Thane,SKU5003,Bath Soap 4-pack,Personal Care,9,140.4,0.32,2026-07-27
2026-08-02,Thane,SKU5004,Toothpaste 150g,Personal Care,16,75.24,0.32,2026-07-26
2026-08-02,Thane,SKU5005,Toothbrush Soft,Personal Care,12,26.0,0.57,2026-08-02
2026-08-02,Thane,SKU5006,Face Wash 100ml,Personal Care,39,117.25,0.5,2026-07-28
2026-08-02,Thane,SKU5007,Body Lotion 400ml,Personal Care,16,206.31,0.43,2026-07-29
2026-08-02,Thane,SKU5008,Coconut Hair Oil 500ml,Personal Care,17,145.53,0.32,2026-08-01
2026-08-02,Thane,SKU5009,Hand Wash Refill 750ml,Personal Care,16,81.65,0.18,2026-07-26
2026-08-02,Thane,SKU5010,Deodorant 150ml,Personal Care,11,148.5,0.39,2026-07-25
2026-08-02,Thane,SKU5011,Talcum Powder 300g,Personal Care,8,118.4,0.36,2026-08-01
2026-08-02,Thane,SKU5012,Shaving Foam 200g,Personal Care,17,133.0,0.82,2026-07-28
2026-08-02,Thane,SKU5013,Sanitary Pads 20s,Personal Care,91,142.2,2.54,2026-08-02
2026-08-02,Thane,SKU5014,Lip Balm 4.5g,Personal Care,10,57.0,0.32,2026-08-02
2026-08-02,Thane,SKU5015,Sunscreen SPF50 50ml,Personal Care,49,223.36,1.46,2026-08-02
2026-08-02,Thane,SKU5016,Cotton Buds 100s,Personal Care,2,34.1,0.11,2026-08-02
2026-08-02,Thane,SKU6001,Detergent Powder 4kg,Household,13,414.17,0.54,2026-08-01
2026-08-02,Thane,SKU6002,Liquid Detergent 2L,Household,19,306.99,1.29,2026-08-01
2026-08-02,Thane,SKU6003,Dishwash Bar 3-pack,Household,17,47.4,1.54,2026-08-02
2026-08-02,Thane,SKU6004,Dishwash Gel 750ml,Household,19,110.2,0.64,2026-08-01
2026-08-02,Thane,SKU6005,Floor Cleaner 1L,Household,15,134.25,0.36,2026-08-02
2026-08-02,Thane,SKU6006,Toilet Cleaner 1L,Household,13,117.8,0.5,2026-08-02
2026-08-02,Thane,SKU6007,Glass Cleaner 500ml,Household,50,79.2,1.93,2026-08-02
2026-08-02,Thane,SKU6008,Garbage Bags 30s,Household,18,81.6,0.43,2026-07-22
2026-08-02,Thane,SKU6009,Kitchen Towels 2-roll,Household,20,109.5,1.79,2026-08-02
2026-08-02,Thane,SKU6010,Toilet Rolls 6-pack,Household,65,169.4,2.04,2026-08-02
2026-08-02,Thane,SKU6011,Aluminium Foil 9m,Household,4,73.26,0.14,2026-07-31
2026-08-02,Thane,SKU6012,Scrub Pads 3-pack,Household,1,33.0,0.0,
2026-08-02,Thane,SKU6013,Mosquito Repellent Refill,Household,22,60.35,0.54,2026-08-02
2026-08-02,Thane,SKU6014,Air Freshener 240ml,Household,12,133.33,0.64,2026-07-31
2026-08-02,Thane,SKU6015,Phenyl 1L,Household,7,63.0,0.36,2026-07-30
2026-08-02,Thane,SKU6016,LED Bulb 9W,Household,72,71.5,2.14,2026-08-01
2026-08-09,Andheri,SKU1001,Basmati Rice 5kg,Grocery,12,558.14,0.43,2026-08-09
2026-08-09,Andheri,SKU1002,Sona Masoori Rice 10kg,Grocery,0,703.12,1.21,2026-08-09
2026-08-09,Andheri,SKU1003,Whole Wheat Atta 10kg,Grocery,10,435.21,0.14,2026-08-08
2026-08-09,Andheri,SKU1004,Toor Dal 1kg,Grocery,46,147.03,1.86,2026-08-09
2026-08-09,Andheri,SKU1005,Moong Dal 1kg,Grocery,18,129.63,0.54,2026-08-08
2026-08-09,Andheri,SKU1006,Chana Dal 1kg,Grocery,8,93.74,0.36,2026-08-07
2026-08-09,Andheri,SKU1007,Sugar 1kg,Grocery,0,45.12,0.39,2026-08-07
2026-08-09,Andheri,SKU1008,Iodised Salt 1kg,Grocery,54,22.96,0.75,2026-08-09
2026-08-09,Andheri,SKU1009,Sunflower Oil 1L,Grocery,12,144.69,0.36,2026-08-07
2026-08-09,Andheri,SKU1010,Mustard Oil 1L,Grocery,5,170.1,0.29,2026-08-08
2026-08-09,Andheri,SKU1011,Poha 500g,Grocery,209,36.0,9.21,2026-08-09
2026-08-09,Andheri,SKU1012,Rava 1kg,Grocery,43,50.22,1.29,2026-08-09
2026-08-09,Andheri,SKU1013,Turmeric Powder 200g,Grocery,29,41.76,1.29,2026-08-08
2026-08-09,Andheri,SKU1014,Red Chilli Powder 200g,Grocery,4,52.56,0.11,2026-07-27
2026-08-09,Andheri,SKU1015,Garam Masala 100g,Grocery,16,57.8,0.46,2026-08-01
2026-08-09,Andheri,SKU1016,Groundnuts 500g,Grocery,11,78.85,0.21,2026-08-03
2026-08-09,Andheri,SKU1017,Kabuli Chana 1kg,Grocery,11,118.15,0.79,2026-08-09
2026-08-09,Andheri,SKU1018,Rajma 1kg,Grocery,21,140.25,0.82,2026-08-03
2026-08-09,Andheri,SKU1019,Jaggery 1kg,Grocery,60,66.36,6.32,2026-08-09
2026-08-09,Andheri,SKU1020,Vermicelli 400g,Grocery,12,32.76,0.43,2026-08-08
2026-08-09,Andheri,SKU2001,Instant Noodles 4-pack,FMCG,0,47.04,0.32,2026-08-06
2026-08-09,Andheri,SKU2002,Tomato Ketchup 1kg,FMCG,4,109.81,0.0,
2026-08-09,Andheri,SKU2003,Corn Flakes 875g,FMCG,32,286.18,0.89,2026-08-08
2026-08-09,Andheri,SKU2004,Oats 1kg,FMCG,13,161.19,0.96,2026-08-08
2026-08-09,Andheri,SKU2005,Peanut Butter 340g,FMCG,54,137.83,2.93,2026-08-09
2026-08-09,Andheri,SKU2006,Mixed Fruit Jam 500g,FMCG,11,116.22,0.54,2026-08-09
2026-08-09,Andheri,SKU2007,Glucose Biscuits 800g,FMCG,9,77.4,0.36,2026-07-28
2026-08-09,Andheri,SKU2008,Cream Biscuits 300g,FMCG,1,49.8,0.0,
2026-08-09,Andheri,SKU2009,Potato Chips 150g,FMCG,11,38.0,0.54,2026-08-09
2026-08-09,Andheri,SKU2010,Namkeen Mix 400g,FMCG,3,74.25,0.25,2026-08-05
2026-08-09,Andheri,SKU2011,Dark Chocolate 100g,FMCG,16,84.0,0.75,2026-08-09
2026-08-09,Andheri,SKU2012,Instant Coffee 100g,FMCG,615,239.2,23.89,2026-08-09
2026-08-09,Andheri,SKU2013,Tea Leaves 500g,FMCG,5,217.3,0.07,2026-08-07
2026-08-09,Andheri,SKU2014,Pasta Penne 500g,FMCG,4,85.1,0.0,
2026-08-09,Andheri,SKU2015,Soya Chunks 200g,FMCG,100,33.88,2.96,2026-08-09
2026-08-09,Andheri,SKU2016,Honey 500g,FMCG,22,189.24,0.82,2026-08-08
2026-08-09,Andheri,SKU2017,Pickle Mango 400g,FMCG,0,91.59,1.0,2026-08-08
2026-08-09,Andheri,SKU2018,Baking Soda 100g,FMCG,7,17.5,0.25,2026-08-01
2026-08-09,Andheri,SKU2019,Custard Powder 100g,FMCG,30,34.56,1.46,2026-08-08
2026-08-09,Andheri,SKU2020,Muesli 500g,FMCG,25,256.62,0.54,2026-08-05
2026-08-09,Andheri,SKU3001,Sandwich Bread 400g,Bakery,0,35.1,0.5,2026-08-07
2026-08-09,Andheri,SKU3002,Brown Bread 400g,Bakery,5,41.8,0.0,
2026-08-09,Andheri,SKU3003,Multigrain Bread 400g,Bakery,0,48.1,0.07,2026-08-07
2026-08-09,Andheri,SKU3004,Pav 6-pack,Bakery,20,22.5,0.5,2026-08-09
2026-08-09,Andheri,SKU3005,Butter Croissant,Bakery,390,34.1,6.86,2026-08-09
2026-08-09,Andheri,SKU3006,Chocolate Muffin,Bakery,8,36.0,0.93,2026-08-06
2026-08-09,Andheri,SKU3007,Plum Cake 300g,Bakery,338,118.8,16.39,2026-08-09
2026-08-09,Andheri,SKU3008,Garlic Bread,Bakery,46,60.8,0.64,2026-08-05
2026-08-09,Andheri,SKU3009,Rusk 300g,Bakery,12,51.1,0.75,2026-08-08
2026-08-09,Andheri,SKU3010,Fruit Bun,Bakery,19,16.75,0.89,2026-08-09
2026-08-09,Andheri,SKU3011,Cheese Danish,Bakery,191,51.85,7.89,2026-08-09
2026-08-09,Andheri,SKU3012,Burger Buns 4-pack,Bakery,0,36.0,0.36,2026-08-08
2026-08-09,Andheri,SKU3013,Whole Wheat Cookies 250g,Bakery,24,71.5,0.36,2026-08-08
2026-08-09,Andheri,SKU3014,Banana Walnut Loaf,Bakery,81,138.6,1.71,2026-08-09
2026-08-09,Andheri,SKU3015,Cinnamon Roll,Bakery,7,44.25,0.36,2026-08-05
2026-08-09,Andheri,SKU3016,Pizza Base 2-pack,Bakery,32,42.0,1.64,2026-08-09
2026-08-09,Andheri,SKU4001,Mineral Water 1L,Beverages,23,15.0,0.32,2026-08-09
2026-08-09,Andheri,SKU4002,Orange Juice 1L,Beverages,20,98.75,0.96,2026-08-08
2026-08-09,Andheri,SKU4003,Mango Drink 1.2L,Beverages,17,70.2,0.5,2026-08-08
2026-08-09,Andheri,SKU4004,Cola 2L,Beverages,10,77.9,0.43,2026-08-08
2026-08-09,Andheri,SKU4005,Lemon Soda 750ml,Beverages,30,30.8,0.82,2026-08-08
2026-08-09,Andheri,SKU4006,Coconut Water 200ml,Beverages,17,36.0,0.5,2026-08-08
2026-08-09,Andheri,SKU4007,Energy Drink 250ml,Beverages,11,85.1,0.57,2026-08-08
2026-08-09,Andheri,SKU4008,Cold Coffee 200ml,Beverages,72,38.0,2.0,2026-08-09
2026-08-09,Andheri,SKU4009,Buttermilk 500ml,Beverages,14,24.3,0.86,2026-08-07
2026-08-09,Andheri,SKU4010,Flavoured Milk 200ml,Beverages,31,28.7,0.68,2026-08-08
2026-08-09,Andheri,SKU4011,Green Tea 25 bags,Beverages,103,113.6,2.5,2026-08-09
2026-08-09,Andheri,SKU4012,Apple Juice 1L,Beverages,18,106.65,0.46,2026-08-09
2026-08-09,Andheri,SKU4013,Soda Water 750ml,Beverages,21,18.25,0.82,2026-08-08
2026-08-09,Andheri,SKU4014,Iced Tea 500ml,Beverages,11,45.0,0.46,2026-08-09
2026-08-09,Andheri,SKU5001,Herbal Shampoo 340ml,Personal Care,23,178.85,1.57,2026-08-08
2026-08-09,Andheri,SKU5002,Anti-dandruff Shampoo 180ml,Personal Care,23,143.28,0.57,2026-08-09
2026-08-09,Andheri,SKU5003,Bath Soap 4-pack,Personal Care,4,140.4,0.54,2026-08-09
2026-08-09,Andheri,SKU5004,Toothpaste 150g,Personal Care,5,75.24,0.32,2026-07-30
2026-08-09,Andheri,SKU5005,Toothbrush Soft,Personal Care,27,26.0,0.89,2026-08-08
2026-08-09,Andheri,SKU5006,Face Wash 100ml,Personal Care,18,117.25,1.07,2026-08-09
2026-08-09,Andheri,SKU5007,Body Lotion 400ml,Personal Care,35,206.31,0.61,2026-08-09
2026-08-09,Andheri,SKU5008,Coconut Hair Oil 500ml,Personal Care,6,145.53,0.43,2026-08-09
2026-08-09,Andheri,SKU5009,Hand Wash Refill 750ml,Personal Care,11,81.65,0.68,2026-08-08
2026-08-09,Andheri,SKU5010,Deodorant 150ml,Personal Care,4,148.5,0.18,2026-08-08
2026-08-09,Andheri,SKU5011,Talcum Powder 300g,Personal Care,12,118.4,0.79,2026-08-07
2026-08-09,Andheri,SKU5012,Shaving Foam 200g,Personal Care,12,133.0,0.29,2026-08-03
2026-08-09,Andheri,SKU5013,Sanitary Pads 20s,Personal Care,28,142.2,3.32,2026-08-09
2026-08-09,Andheri,SKU5014,Lip Balm 4.5g,Personal Care,9,57.0,0.32,2026-08-02
2026-08-09,Andheri,SKU5015,Sunscreen SPF50 50ml,Personal Care,115,223.36,2.11,2026-08-09
2026-08-09,Andheri,SKU5016,Cotton Buds 100s,Personal Care,11,34.1,0.29,2026-08-09
2026-08-09,Andheri,SKU6001,Detergent Powder 4kg,Household,0,414.17,0.61,2026-08-07
2026-08-09,Andheri,SKU6002,Liquid Detergent 2L,Household,22,306.99,1.46,2026-08-09
2026-08-09,Andheri,SKU6003,Dishwash Bar 3-pack,Household,25,47.4,1.14,2026-08-07
2026-08-09,Andheri,SKU6004,Dishwash Gel 750ml,Household,20,110.2,0.61,2026-08-08
2026-08-09,Andheri,SKU6005,Floor Cleaner 1L,Household,32,134.25,0.5,2026-08-09
2026-08-09,Andheri,SKU6006,Toilet Cleaner 1L,Household,15,117.8,0.5,2026-08-08
2026-08-09,Andheri,SKU6007,Glass Cleaner 500ml,Household,21,79.2,2.29,2026-08-09
2026-08-09,Andheri,SKU6008,Garbage Bags 30s,Household,11,81.6,0.25,2026-08-02
2026-08-09,Andheri,SKU6009,Kitchen Towels 2-roll,Household,48,109.5,2.04,2026-08-08
2026-08-09,Andheri,SKU6010,Toilet Rolls 6-pack,Household,56,169.4,2.14,2026-08-09
2026-08-09,Andheri,SKU6011,Aluminium Foil 9m,Household,11,73.26,0.39,2026-07-28
2026-08-09,Andheri,SKU6012,Scrub Pads 3-pack,Household,0,33.0,0.0,
2026-08-09,Andheri,SKU6013,Mosquito Repellent Refill,Household,9,60.35,0.39,2026-07-29
2026-08-09,Andheri,SKU6014,Air Freshener 240ml,Household,22,133.33,0.61,2026-08-06
2026-08-09,Andheri,SKU6015,Phenyl 1L,Household,20,63.0,0.46,2026-08-09
2026-08-09,Andheri,SKU6016,LED Bulb 9W,Household,113,71.5,3.61,2026-08-09
2026-08-09,Mumbai Central,SKU1001,Basmati Rice 5kg,Grocery,24,558.14,0.75,2026-08-09
2026-08-09,Mumbai Central,SKU1002,Sona Masoori Rice 10kg,Grocery,42,703.12,1.29,2026-08-09
2026-08-09,Mumbai Central,SKU1003,Whole Wheat Atta 10kg,Grocery,20,435.21,0.5,2026-08-09
2026-08-09,Mumbai Central,SKU1004,Toor Dal 1kg,Grocery,16,147.03,1.32,2026-08-08
2026-08-09,Mumbai Central,SKU1005,Moong Dal 1kg,Grocery,27,129.63,1.61,2026-08-09
2026-08-09,Mumbai Central,SKU1006,Chana Dal 1kg,Grocery,27,93.74,0.61,2026-08-09
2026-08-09,Mumbai Central,SKU1007,Sugar 1kg,Grocery,11,45.12,0.75,2026-08-09
2026-08-09,Mumbai Central,SKU1008,Iodised Salt 1kg,Grocery,12,22.96,0.86,2026-08-09
2026-08-09,Mumbai Central,SKU1009,Sunflower Oil 1L,Grocery,17,144.69,0.43,2026-08-07
2026-08-09,Mumbai Central,SKU1010,Mustard Oil 1L,Grocery,8,170.1,0.36,2026-08-08
2026-08-09,Mumbai Central,SKU1011,Poha 500g,Grocery,331,36.0,10.25,2026-08-09
2026-08-09,Mumbai Central,SKU1012,Rava 1kg,Grocery,0,50.22,0.93,2026-08-09
2026-08-09,Mumbai Central,SKU1013,Turmeric Powder 200g,Grocery,80,41.76,1.54,2026-08-09
2026-08-09,Mumbai Central,SKU1014,Red Chilli Powder 200g,Grocery,11,52.56,0.36,2026-08-04
2026-08-09,Mumbai Central,SKU1015,Garam Masala 100g,Grocery,24,57.8,0.71,2026-08-05
2026-08-09,Mumbai Central,SKU1016,Groundnuts 500g,Grocery,0,78.85,0.14,2026-07-26
2026-08-09,Mumbai Central,SKU1017,Kabuli Chana 1kg,Grocery,15,118.15,0.82,2026-08-08
2026-08-09,Mumbai Central,SKU1018,Rajma 1kg,Grocery,26,140.25,0.46,2026-08-08
2026-08-09,Mumbai Central,SKU1019,Jaggery 1kg,Grocery,61,66.36,5.18,2026-08-09
2026-08-09,Mumbai Central,SKU1020,Vermicelli 400g,Grocery,11,32.76,0.39,2026-08-03
2026-08-09,Mumbai Central,SKU2001,Instant Noodles 4-pack,FMCG,11,47.04,0.21,2026-08-04
2026-08-09,Mumbai Central,SKU2002,Tomato Ketchup 1kg,FMCG,5,109.81,0.0,
2026-08-09,Mumbai Central,SKU2003,Corn Flakes 875g,FMCG,62,286.18,2.0,2026-08-07
2026-08-09,Mumbai Central,SKU2004,Oats 1kg,FMCG,24,161.19,0.61,2026-08-05
2026-08-09,Mumbai Central,SKU2005,Peanut Butter 340g,FMCG,177,137.83,4.11,2026-08-09
2026-08-09,Mumbai Central,SKU2006,Mixed Fruit Jam 500g,FMCG,27,116.22,0.71,2026-08-06
2026-08-09,Mumbai Central,SKU2007,Glucose Biscuits 800g,FMCG,21,77.4,0.43,2026-07-29
2026-08-09,Mumbai Central,SKU2008,Cream Biscuits 300g,FMCG,2,49.8,0.0,
2026-08-09,Mumbai Central,SKU2009,Potato Chips 150g,FMCG,13,38.0,0.46,2026-08-09
2026-08-09,Mumbai Central,SKU2010,Namkeen Mix 400g,FMCG,38,74.25,0.57,2026-08-09
2026-08-09,Mumbai Central,SKU2011,Dark Chocolate 100g,FMCG,16,84.0,0.54,2026-08-09
2026-08-09,Mumbai Central,SKU2012,Instant Coffee 100g,FMCG,677,239.2,23.64,2026-08-09
2026-08-09,Mumbai Central,SKU2013,Tea Leaves 500g,FMCG,20,217.3,0.89,2026-08-08
2026-08-09,Mumbai Central,SKU2014,Pasta Penne 500g,FMCG,1,85.1,0.0,
2026-08-09,Mumbai Central,SKU2015,Soya Chunks 200g,FMCG,146,33.88,3.61,2026-08-09
2026-08-09,Mumbai Central,SKU2016,Honey 500g,FMCG,37,189.24,1.04,2026-08-08
2026-08-09,Mumbai Central,SKU2017,Pickle Mango 400g,FMCG,23,91.59,0.64,2026-08-09
2026-08-09,Mumbai Central,SKU2018,Baking Soda 100g,FMCG,16,17.5,1.07,2026-08-08
2026-08-09,Mumbai Central,SKU2019,Custard Powder 100g,FMCG,58,34.56,2.32,2026-08-09
2026-08-09,Mumbai Central,SKU2020,Muesli 500g,FMCG,38,256.62,0.86,2026-08-08
2026-08-09,Mumbai Central,SKU3001,Sandwich Bread 400g,Bakery,14,35.1,0.71,2026-08-06
2026-08-09,Mumbai Central,SKU3002,Brown Bread 400g,Bakery,0,41.8,0.0,
2026-08-09,Mumbai Central,SKU3003,Multigrain Bread 400g,Bakery,3,48.1,0.0,
2026-08-09,Mumbai Central,SKU3004,Pav 6-pack,Bakery,6,22.5,0.43,2026-08-08
2026-08-09,Mumbai Central,SKU3005,Butter Croissant,Bakery,37,34.1,6.54,2026-08-09
2026-08-09,Mumbai Central,SKU3006,Chocolate Muffin,Bakery,14,36.0,0.71,2026-08-08
2026-08-09,Mumbai Central,SKU3007,Plum Cake 300g,Bakery,297,118.8,20.89,2026-08-09
2026-08-09,Mumbai Central,SKU3008,Garlic Bread,Bakery,38,60.8,1.14,2026-08-09
2026-08-09,Mumbai Central,SKU3009,Rusk 300g,Bakery,39,51.1,0.93,2026-08-08
2026-08-09,Mumbai Central,SKU3010,Fruit Bun,Bakery,17,16.75,0.82,2026-08-09
2026-08-09,Mumbai Central,SKU3011,Cheese Danish,Bakery,0,51.85,10.46,2026-08-09
2026-08-09,Mumbai Central,SKU3012,Burger Buns 4-pack,Bakery,77,36.0,2.68,2026-08-08
2026-08-09,Mumbai Central,SKU3013,Whole Wheat Cookies 250g,Bakery,10,71.5,0.57,2026-08-07
2026-08-09,Mumbai Central,SKU3014,Banana Walnut Loaf,Bakery,83,138.6,2.5,2026-08-08
2026-08-09,Mumbai Central,SKU3015,Cinnamon Roll,Bakery,16,44.25,0.5,2026-08-08
2026-08-09,Mumbai Central,SKU3016,Pizza Base 2-pack,Bakery,0,42.0,1.04,2026-08-09
2026-08-09,Mumbai Central,SKU4001,Mineral Water 1L,Beverages,23,15.0,0.36,2026-08-08
2026-08-09,Mumbai Central,SKU4002,Orange Juice 1L,Beverages,14,98.75,1.07,2026-08-09
2026-08-09,Mumbai Central,SKU4003,Mango Drink 1.2L,Beverages,33,70.2,0.96,2026-08-08
2026-08-09,Mumbai Central,SKU4004,Cola 2L,Beverages,0,77.9,0.71,2026-08-08
2026-08-09,Mumbai Central,SKU4005,Lemon Soda 750ml,Beverages,18,30.8,1.75,2026-08-09
2026-08-09,Mumbai Central,SKU4006,Coconut Water 200ml,Beverages,3,36.0,0.21,2026-08-01
2026-08-09,Mumbai Central,SKU4007,Energy Drink 250ml,Beverages,20,85.1,0.39,2026-08-09
2026-08-09,Mumbai Central,SKU4008,Cold Coffee 200ml,Beverages,78,38.0,2.11,2026-08-09
2026-08-09,Mumbai Central,SKU4009,Buttermilk 500ml,Beverages,45,24.3,0.75,2026-08-09
2026-08-09,Mumbai Central,SKU4010,Flavoured Milk 200ml,Beverages,24,28.7,0.71,2026-08-09
2026-08-09,Mumbai Central,SKU4011,Green Tea 25 bags,Beverages,28,113.6,3.29,2026-08-09
2026-08-09,Mumbai Central,SKU4012,Apple Juice 1L,Beverages,17,106.65,0.68,2026-08-08
2026-08-09,Mumbai Central,SKU4013,Soda Water 750ml,Beverages,13,18.25,0.57,2026-08-09
2026-08-09,Mumbai Central,SKU4014,Iced Tea 500ml,Beverages,15,45.0,0.5,2026-08-06
2026-08-09,Mumbai Central,SKU5001,Herbal Shampoo 340ml,Personal Care,25,178.85,1.61,2026-08-09
2026-08-09,Mumbai Central,SKU5002,Anti-dandruff Shampoo 180ml,Personal Care,56,143.28,1.14,2026-08-09
2026-08-09,Mumbai Central,SKU5003,Bath Soap 4-pack,Personal Care,7,140.4,0.36,2026-08-07
2026-08-09,Mumbai Central,SKU5004,Toothpaste 150g,Personal Care,14,75.24,0.57,2026-08-09
2026-08-09,Mumbai Central,SKU5005,Toothbrush Soft,Personal Care,24,26.0,1.29,2026-08-09
2026-08-09,Mumbai Central,SKU5006,Face Wash 100ml,Personal Care,28,117.25,0.68,2026-08-09
2026-08-09,Mumbai Central,SKU5007,Body Lotion 400ml,Personal Care,7,206.31,0.57,2026-08-08
2026-08-09,Mumbai Central,SKU5008,Coconut Hair Oil 500ml,Personal Care,4,145.53,0.25,2026-08-09
2026-08-09,Mumbai Central,SKU5009,Hand Wash Refill 750ml,Personal Care,26,81.65,0.54,2026-08-08
2026-08-09,Mumbai Central,SKU5010,Deodorant 150ml,Personal Care,14,148.5,0.29,2026-08-09
2026-08-09,Mumbai Central,SKU5011,Talcum Powder 300g,Personal Care,23,118.4,0.36,2026-08-08
2026-08-09,Mumbai Central,SKU5012,Shaving Foam 200g,Personal Care,12,133.0,0.43,2026-08-05
2026-08-09,Mumbai Central,SKU5013,Sanitary Pads 20s,Personal Care,119,142.2,4.46,2026-08-09
2026-08-09,Mumbai Central,SKU5014,Lip Balm 4.5g,Personal Care,6,57.0,0.39,2026-08-05
2026-08-09,Mumbai Central,SKU5015,Sunscreen SPF50 50ml,Personal Care,131,223.36,2.96,2026-08-09
2026-08-09,Mumbai Central,SKU5016,Cotton Buds 100s,Personal Care,10,34.1,0.11,2026-08-08
2026-08-09,Mumbai Central,SKU6001,Detergent Powder 4kg,Household,36,414.17,0.86,2026-08-09
2026-08-09,Mumbai Central,SKU6002,Liquid Detergent 2L,Household,52,306.99,1.86,2026-08-08
2026-08-09,Mumbai Central,SKU6003,Dishwash Bar 3-pack,Household,37,47.4,1.93,2026-08-09
2026-08-09,Mumbai Central,SKU6004,Dishwash Gel 750ml,Household,0,110.2,1.29,2026-08-09
2026-08-09,Mumbai Central,SKU6005,Floor Cleaner 1L,Household,23,134.25,0.89,2026-08-03
2026-08-09,Mumbai Central,SKU6006,Toilet Cleaner 1L,Household,0,117.8,0.86,2026-08-08
2026-08-09,Mumbai Central,SKU6007,Glass Cleaner 500ml,Household,57,79.2,2.82,2026-08-09
2026-08-09,Mumbai Central,SKU6008,Garbage Bags 30s,Household,32,81.6,0.86,2026-08-08
2026-08-09,Mumbai Central,SKU6009,Kitchen Towels 2-roll,Household,100,109.5,2.29,2026-08-08
2026-08-09,Mumbai Central,SKU6010,Toilet Rolls 6-pack,Household,41,169.4,3.04,2026-08-09
2026-08-09,Mumbai Central,SKU6011,Aluminium Foil 9m,Household,16,73.26,0.61,2026-08-09
2026-08-09,Mumbai Central,SKU6012,Scrub Pads 3-pack,Household,0,33.0,0.0,
2026-08-09,Mumbai Central,SKU6013,Mosquito Repellent Refill,Household,7,60.35,0.29,2026-08-04
2026-08-09,Mumbai Central,SKU6014,Air Freshener 240ml,Household,12,133.33,0.39,2026-08-09
2026-08-09,Mumbai Central,SKU6015,Phenyl 1L,Household,8,63.0,0.32,2026-08-02
2026-08-09,Mumbai Central,SKU6016,LED Bulb 9W,Household,80,71.5,3.54,2026-08-09
2026-08-09,Navi Mumbai,SKU1001,Basmati Rice 5kg,Grocery,13,558.14,0.25,2026-08-02
2026-08-09,Navi Mumbai,SKU1002,Sona Masoori Rice 10kg,Grocery,12,703.12,0.68,2026-08-09
2026-08-09,Navi Mumbai,SKU1003,Whole Wheat Atta 10kg,Grocery,6,435.21,0.18,2026-07-27
2026-08-09,Navi Mumbai,SKU1004,Toor Dal 1kg,Grocery,11,147.03,0.68,2026-08-07
2026-08-09,Navi Mumbai,SKU1005,Moong Dal 1kg,Grocery,44,129.63,0.68,2026-08-07
2026-08-09,Navi Mumbai,SKU1006,Chana Dal 1kg,Grocery,12,93.74,0.54,2026-08-08
2026-08-09,Navi Mumbai,SKU1007,Sugar 1kg,Grocery,7,45.12,0.07,2026-07-26
2026-08-09,Navi Mumbai,SKU1008,Iodised Salt 1kg,Grocery,28,22.96,0.68,2026-08-09
2026-08-09,Navi Mumbai,SKU1009,Sunflower Oil 1L,Grocery,5,144.69,0.21,2026-08-08
2026-08-09,Navi Mumbai,SKU1010,Mustard Oil 1L,Grocery,5,170.1,0.21,2026-08-09
2026-08-09,Navi Mumbai,SKU1011,Poha 500g,Grocery,353,36.0,5.86,2026-08-09
2026-08-09,Navi Mumbai,SKU1012,Rava 1kg,Grocery,19,50.22,0.96,2026-08-09
2026-08-09,Navi Mumbai,SKU1013,Turmeric Powder 200g,Grocery,20,41.76,0.68,2026-08-07
2026-08-09,Navi Mumbai,SKU1014,Red Chilli Powder 200g,Grocery,7,52.56,0.07,2026-08-03
2026-08-09,Navi Mumbai,SKU1015,Garam Masala 100g,Grocery,11,57.8,0.39,2026-08-08
2026-08-09,Navi Mumbai,SKU1016,Groundnuts 500g,Grocery,7,78.85,0.32,2026-08-09
2026-08-09,Navi Mumbai,SKU1017,Kabuli Chana 1kg,Grocery,10,118.15,0.61,2026-08-07
2026-08-09,Navi Mumbai,SKU1018,Rajma 1kg,Grocery,6,140.25,0.11,2026-08-05
2026-08-09,Navi Mumbai,SKU1019,Jaggery 1kg,Grocery,79,66.36,2.25,2026-08-09
2026-08-09,Navi Mumbai,SKU1020,Vermicelli 400g,Grocery,4,32.76,0.18,2026-07-25
2026-08-09,Navi Mumbai,SKU2001,Instant Noodles 4-pack,FMCG,8,47.04,0.18,2026-08-08
2026-08-09,Navi Mumbai,SKU2002,Tomato Ketchup 1kg,FMCG,0,109.81,0.0,
2026-08-09,Navi Mumbai,SKU2003,Corn Flakes 875g,FMCG,6,286.18,0.82,2026-08-09
2026-08-09,Navi Mumbai,SKU2004,Oats 1kg,FMCG,8,161.19,0.5,2026-08-09
2026-08-09,Navi Mumbai,SKU2005,Peanut Butter 340g,FMCG,23,137.83,1.68,2026-08-09
2026-08-09,Navi Mumbai,SKU2006,Mixed Fruit Jam 500g,FMCG,23,116.22,0.54,2026-08-07
2026-08-09,Navi Mumbai,SKU2007,Glucose Biscuits 800g,FMCG,15,77.4,0.39,2026-08-09
2026-08-09,Navi Mumbai,SKU2008,Cream Biscuits 300g,FMCG,2,49.8,0.0,
2026-08-09,Navi Mumbai,SKU2009,Potato Chips 150g,FMCG,14,38.0,0.29,2026-08-03
2026-08-09,Navi Mumbai,SKU2010,Namkeen Mix 400g,FMCG,0,74.25,0.18,2026-08-09
2026-08-09,Navi Mumbai,SKU2011,Dark Chocolate 100g,FMCG,23,84.0,0.75,2026-08-09
2026-08-09,Navi Mumbai,SKU2012,Instant Coffee 100g,FMCG,341,239.2,16.11,2026-08-09
2026-08-09,Navi Mumbai,SKU2013,Tea Leaves 500g,FMCG,10,217.3,0.21,2026-08-04
2026-08-09,Navi Mumbai,SKU2014,Pasta Penne 500g,FMCG,0,85.1,0.0,
2026-08-09,Navi Mumbai,SKU2015,Soya Chunks 200g,FMCG,42,33.88,1.61,2026-08-09
2026-08-09,Navi Mumbai,SKU2016,Honey 500g,FMCG,14,189.24,1.25,2026-08-09
2026-08-09,Navi Mumbai,SKU2017,Pickle Mango 400g,FMCG,21,91.59,0.5,2026-08-07
2026-08-09,Navi Mumbai,SKU2018,Baking Soda 100g,FMCG,14,17.5,0.39,2026-08-09
2026-08-09,Navi Mumbai,SKU2019,Custard Powder 100g,FMCG,27,34.56,1.14,2026-08-08
2026-08-09,Navi Mumbai,SKU2020,Muesli 500g,FMCG,22,256.62,0.5,2026-08-09
2026-08-09,Navi Mumbai,SKU3001,Sandwich Bread 400g,Bakery,14,35.1,0.43,2026-08-01
2026-08-09,Navi Mumbai,SKU3002,Brown Bread 400g,Bakery,1,41.8,0.0,
2026-08-09,Navi Mumbai,SKU3003,Multigrain Bread 400g,Bakery,2,48.1,0.0,
2026-08-09,Navi Mumbai,SKU3004,Pav 6-pack,Bakery,8,22.5,0.54,2026-08-01
2026-08-09,Navi Mumbai,SKU3005,Butter Croissant,Bakery,105,34.1,4.0,2026-08-09
2026-08-09,Navi Mumbai,SKU3006,Chocolate Muffin,Bakery,17,36.0,0.5,2026-08-08
2026-08-09,Navi Mumbai,SKU3007,Plum Cake 300g,Bakery,527,118.8,11.61,2026-08-09
2026-08-09,Navi Mumbai,SKU3008,Garlic Bread,Bakery,10,60.8,0.32,2026-08-04
2026-08-09,Navi Mumbai,SKU3009,Rusk 300g,Bakery,11,51.1,0.57,2026-08-08
2026-08-09,Navi Mumbai,SKU3010,Fruit Bun,Bakery,27,16.75,0.68,2026-08-02
2026-08-09,Navi Mumbai,SKU3011,Cheese Danish,Bakery,103,51.85,5.39,2026-08-09
2026-08-09,Navi Mumbai,SKU3012,Burger Buns 4-pack,Bakery,7,36.0,0.21,2026-07-27
2026-08-09,Navi Mumbai,SKU3013,Whole Wheat Cookies 250g,Bakery,10,71.5,0.18,2026-08-08
2026-08-09,Navi Mumbai,SKU3014,Banana Walnut Loaf,Bakery,116,138.6,1.32,2026-08-09
2026-08-09,Navi Mumbai,SKU3015,Cinnamon Roll,Bakery,10,44.25,0.25,2026-07-29
2026-08-09,Navi Mumbai,SKU3016,Pizza Base 2-pack,Bakery,7,42.0,0.36,2026-08-01
2026-08-09,Navi Mumbai,SKU4001,Mineral Water 1L,Beverages,5,15.0,0.29,2026-08-09
2026-08-09,Navi Mumbai,SKU4002,Orange Juice 1L,Beverages,16,98.75,0.82,2026-08-08
2026-08-09,Navi Mumbai,SKU4003,Mango Drink 1.2L,Beverages,8,70.2,0.54,2026-08-07
2026-08-09,Navi Mumbai,SKU4004,Cola 2L,Beverages,8,77.9,0.14,2026-08-08
2026-08-09,Navi Mumbai,SKU4005,Lemon Soda 750ml,Beverages,18,30.8,0.96,2026-08-09
2026-08-09,Navi Mumbai,SKU4006,Coconut Water 200ml,Beverages,5,36.0,0.04,2026-07-28
2026-08-09,Navi Mumbai,SKU4007,Energy Drink 250ml,Beverages,6,85.1,0.18,2026-08-08
2026-08-09,Navi Mumbai,SKU4008,Cold Coffee 200ml,Beverages,49,38.0,1.64,2026-08-09
2026-08-09,Navi Mumbai,SKU4009,Buttermilk 500ml,Beverages,14,24.3,0.46,2026-08-09
2026-08-09,Navi Mumbai,SKU4010,Flavoured Milk 200ml,Beverages,22,28.7,0.54,2026-07-31
2026-08-09,Navi Mumbai,SKU4011,Green Tea 25 bags,Beverages,21,113.6,0.96,2026-08-09
2026-08-09,Navi Mumbai,SKU4012,Apple Juice 1L,Beverages,7,106.65,0.11,2026-07-28
2026-08-09,Navi Mumbai,SKU4013,Soda Water 750ml,Beverages,14,18.25,0.75,2026-08-07
2026-08-09,Navi Mumbai,SKU4014,Iced Tea 500ml,Beverages,19,45.0,0.43,2026-08-08
2026-08-09,Navi Mumbai,SKU5001,Herbal Shampoo 340ml,Personal Care,26,178.85,1.32,2026-08-09
2026-08-09,Navi Mumbai,SKU5002,Anti-dandruff Shampoo 180ml,Personal Care,7,143.28,0.18,2026-07-30
2026-08-09,Navi Mumbai,SKU5003,Bath Soap 4-pack,Personal Care,20,140.4,0.43,2026-08-09
2026-08-09,Navi Mumbai,SKU5004,Toothpaste 150g,Personal Care,16,75.24,0.46,2026-08-09
2026-08-09,Navi Mumbai,SKU5005,Toothbrush Soft,Personal Care,5,26.0,0.21,2026-08-09
2026-08-09,Navi Mumbai,SKU5006,Face Wash 100ml,Personal Care,16,117.25,0.86,2026-08-08
2026-08-09,Navi Mumbai,SKU5007,Body Lotion 400ml,Personal Care,26,206.31,0.5,2026-07-30
2026-08-09,Navi Mumbai,SKU5008,Coconut Hair Oil 500ml,Personal Care,13,145.53,0.43,2026-08-08
2026-08-09,Navi Mumbai,SKU5009,Hand Wash Refill 750ml,Personal Care,10,81.65,0.36,2026-08-04
2026-08-09,Navi Mumbai,SKU5010,Deodorant 150ml,Personal Care,3,148.5,0.0,2026-07-06
2026-08-09,Navi Mumbai,SKU5011,Talcum Powder 300g,Personal Care,16,118.4,0.39,2026-08-04
2026-08-09,Navi Mumbai,SKU5012,Shaving Foam 200g,Personal Care,20,133.0,0.57,2026-08-07
2026-08-09,Navi Mumbai,SKU5013,Sanitary Pads 20s,Personal Care,57,142.2,2.57,2026-08-08
2026-08-09,Navi Mumbai,SKU5014,Lip Balm 4.5g,Personal Care,3,57.0,0.14,2026-08-01
2026-08-09,Navi Mumbai,SKU5015,Sunscreen SPF50 50ml,Personal Care,44,223.36,1.46,2026-08-09
2026-08-09,Navi Mumbai,SKU5016,Cotton Buds 100s,Personal Care,3,34.1,0.18,2026-08-09
2026-08-09,Navi Mumbai,SKU6001,Detergent Powder 4kg,Household,13,414.17,0.32,2026-08-02
2026-08-09,Navi Mumbai,SKU6002,Liquid Detergent 2L,Household,22,306.99,1.18,2026-08-01
2026-08-09,Navi Mumbai,SKU6003,Dishwash Bar 3-pack,Household,24,47.4,1.18,2026-08-09
2026-08-09,Navi Mumbai,SKU6004,Dishwash Gel 750ml,Household,8,110.2,0.39,2026-08-09
2026-08-09,Navi Mumbai,SKU6005,Floor Cleaner 1L,Household,13,134.25,0.32,2026-07-28
2026-08-09,Navi Mumbai,SKU6006,Toilet Cleaner 1L,Household,19,117.8,0.43,2026-07-31
2026-08-09,Navi Mumbai,SKU6007,Glass Cleaner 500ml,Household,69,79.2,1.75,2026-08-09
2026-08-09,Navi Mumbai,SKU6008,Garbage Bags 30s,Household,10,81.6,0.29,2026-08-08
2026-08-09,Navi Mumbai,SKU6009,Kitchen Towels 2-roll,Household,27,109.5,0.93,2026-08-09
2026-08-09,Navi Mumbai,SKU6010,Toilet Rolls 6-pack,Household,85,169.4,1.39,2026-08-09
2026-08-09,Navi Mumbai,SKU6011,Aluminium Foil 9m,Household,12,73.26,0.54,2026-08-05
2026-08-09,Navi Mumbai,SKU6012,Scrub Pads 3-pack,Household,7,33.0,0.04,2026-07-15
2026-08-09,Navi Mumbai,SKU6013,Mosquito Repellent Refill,Household,13,60.35,0.14,2026-08-01
2026-08-09,Navi Mumbai,SKU6014,Air Freshener 240ml,Household,19,133.33,0.39,2026-08-06
2026-08-09,Navi Mumbai,SKU6015,Phenyl 1L,Household,12,63.0,0.21,2026-08-04
2026-08-09,Navi Mumbai,SKU6016,LED Bulb 9W,Household,107,71.5,1.54,2026-08-09
2026-08-09,Powai,SKU1001,Basmati Rice 5kg,Grocery,5,558.14,0.21,2026-08-01
2026-08-09,Powai,SKU1002,Sona Masoori Rice 10kg,Grocery,77,703.12,1.0,2026-08-06
2026-08-09,Powai,SKU1003,Whole Wheat Atta 10kg,Grocery,0,435.21,0.39,2026-08-09
2026-08-09,Powai,SKU1004,Toor Dal 1kg,Grocery,0,147.03,1.32,2026-08-08
2026-08-09,Powai,SKU1005,Moong Dal 1kg,Grocery,17,129.63,0.71,2026-08-08
2026-08-09,Powai,SKU1006,Chana Dal 1kg,Grocery,20,93.74,0.39,2026-08-03
2026-08-09,Powai,SKU1007,Sugar 1kg,Grocery,19,45.12,0.79,2026-08-09
2026-08-09,Powai,SKU1008,Iodised Salt 1kg,Grocery,25,22.96,0.5,2026-08-06
2026-08-09,Powai,SKU1009,Sunflower Oil 1L,Grocery,7,144.69,0.21,2026-08-08
2026-08-09,Powai,SKU1010,Mustard Oil 1L,Grocery,9,170.1,0.29,2026-07-29
2026-08-09,Powai,SKU1011,Poha 500g,Grocery,233,36.0,5.29,2026-08-09
2026-08-09,Powai,SKU1012,Rava 1kg,Grocery,35,50.22,0.68,2026-08-06
2026-08-09,Powai,SKU1013,Turmeric Powder 200g,Grocery,31,41.76,1.07,2026-08-07
2026-08-09,Powai,SKU1014,Red Chilli Powder 200g,Grocery,18,52.56,0.57,2026-08-07
2026-08-09,Powai,SKU1015,Garam Masala 100g,Grocery,5,57.8,0.07,2026-07-22
2026-08-09,Powai,SKU1016,Groundnuts 500g,Grocery,3,78.85,0.25,2026-08-09
2026-08-09,Powai,SKU1017,Kabuli Chana 1kg,Grocery,8,118.15,0.21,2026-07-27
2026-08-09,Powai,SKU1018,Rajma 1kg,Grocery,0,140.25,0.32,2026-08-02
2026-08-09,Powai,SKU1019,Jaggery 1kg,Grocery,81,66.36,4.89,2026-08-09
2026-08-09,Powai,SKU1020,Vermicelli 400g,Grocery,10,32.76,0.14,2026-07-22
2026-08-09,Powai,SKU2001,Instant Noodles 4-pack,FMCG,8,47.04,0.04,2026-08-01
2026-08-09,Powai,SKU2002,Tomato Ketchup 1kg,FMCG,0,109.81,0.0,
2026-08-09,Powai,SKU2003,Corn Flakes 875g,FMCG,23,286.18,0.68,2026-08-09
2026-08-09,Powai,SKU2004,Oats 1kg,FMCG,7,161.19,0.11,2026-08-03
2026-08-09,Powai,SKU2005,Peanut Butter 340g,FMCG,40,137.83,2.68,2026-08-09
2026-08-09,Powai,SKU2006,Mixed Fruit Jam 500g,FMCG,11,116.22,0.43,2026-08-02
2026-08-09,Powai,SKU2007,Glucose Biscuits 800g,FMCG,13,77.4,0.29,2026-08-09
2026-08-09,Powai,SKU2008,Cream Biscuits 300g,FMCG,2,49.8,0.0,
2026-08-09,Powai,SKU2009,Potato Chips 150g,FMCG,17,38.0,0.39,2026-08-06
2026-08-09,Powai,SKU2010,Namkeen Mix 400g,FMCG,7,74.25,0.25,2026-08-08
2026-08-09,Powai,SKU2011,Dark Chocolate 100g,FMCG,27,84.0,0.61,2026-08-08
2026-08-09,Powai,SKU2012,Instant Coffee 100g,FMCG,186,239.2,17.18,2026-08-09
2026-08-09,Powai,SKU2013,Tea Leaves 500g,FMCG,19,217.3,0.39,2026-08-07
2026-08-09,Powai,SKU2014,Pasta Penne 500g,FMCG,3,85.1,0.0,
2026-08-09,Powai,SKU2015,Soya Chunks 200g,FMCG,62,33.88,2.11,2026-08-09
2026-08-09,Powai,SKU2016,Honey 500g,FMCG,21,189.24,1.0,2026-08-08
2026-08-09,Powai,SKU2017,Pickle Mango 400g,FMCG,8,91.59,0.36,2026-08-06
2026-08-09,Powai,SKU2018,Baking Soda 100g,FMCG,36,17.5,0.93,2026-08-08
2026-08-09,Powai,SKU2019,Custard Powder 100g,FMCG,43,34.56,1.43,2026-08-09
2026-08-09,Powai,SKU2020,Muesli 500g,FMCG,21,256.62,0.86,2026-08-09
2026-08-09,Powai,SKU3001,Sandwich Bread 400g,Bakery,8,35.1,0.39,2026-07-26
2026-08-09,Powai,SKU3002,Brown Bread 400g,Bakery,3,41.8,0.0,
2026-08-09,Powai,SKU3003,Multigrain Bread 400g,Bakery,3,48.1,0.0,
2026-08-09,Powai,SKU3004,Pav 6-pack,Bakery,9,22.5,0.68,2026-08-08
2026-08-09,Powai,SKU3005,Butter Croissant,Bakery,158,34.1,5.14,2026-08-09
2026-08-09,Powai,SKU3006,Chocolate Muffin,Bakery,53,36.0,0.86,2026-08-08
2026-08-09,Powai,SKU3007,Plum Cake 300g,Bakery,113,118.8,12.04,2026-08-09
2026-08-09,Powai,SKU3008,Garlic Bread,Bakery,0,60.8,0.54,2026-07-30
2026-08-09,Powai,SKU3009,Rusk 300g,Bakery,17,51.1,0.54,2026-07-30
2026-08-09,Powai,SKU3010,Fruit Bun,Bakery,27,16.75,0.46,2026-08-09
2026-08-09,Powai,SKU3011,Cheese Danish,Bakery,182,51.85,7.89,2026-08-09
2026-08-09,Powai,SKU3012,Burger Buns 4-pack,Bakery,13,36.0,0.39,2026-08-04
2026-08-09,Powai,SKU3013,Whole Wheat Cookies 250g,Bakery,5,71.5,0.14,2026-08-06
2026-08-09,Powai,SKU3014,Banana Walnut Loaf,Bakery,84,138.6,2.75,2026-08-09
2026-08-09,Powai,SKU3015,Cinnamon Roll,Bakery,7,44.25,0.14,2026-08-07
2026-08-09,Powai,SKU3016,Pizza Base 2-pack,Bakery,13,42.0,0.43,2026-08-07
2026-08-09,Powai,SKU4001,Mineral Water 1L,Beverages,5,15.0,0.07,2026-08-03
2026-08-09,Powai,SKU4002,Orange Juice 1L,Beverages,67,98.75,1.21,2026-08-09
2026-08-09,Powai,SKU4003,Mango Drink 1.2L,Beverages,25,70.2,0.54,2026-08-02
2026-08-09,Powai,SKU4004,Cola 2L,Beverages,9,77.9,0.39,2026-08-06
2026-08-09,Powai,SKU4005,Lemon Soda 750ml,Beverages,13,30.8,0.64,2026-08-08
2026-08-09,Powai,SKU4006,Coconut Water 200ml,Beverages,10,36.0,0.57,2026-08-06
2026-08-09,Powai,SKU4007,Energy Drink 250ml,Beverages,5,85.1,0.21,2026-08-07
2026-08-09,Powai,SKU4008,Cold Coffee 200ml,Beverages,68,38.0,1.14,2026-08-09
2026-08-09,Powai,SKU4009,Buttermilk 500ml,Beverages,10,24.3,0.36,2026-08-08
2026-08-09,Powai,SKU4010,Flavoured Milk 200ml,Beverages,11,28.7,0.54,2026-08-09
2026-08-09,Powai,SKU4011,Green Tea 25 bags,Beverages,47,113.6,2.39,2026-08-09
2026-08-09,Powai,SKU4012,Apple Juice 1L,Beverages,12,106.65,0.39,2026-07-29
2026-08-09,Powai,SKU4013,Soda Water 750ml,Beverages,9,18.25,0.43,2026-08-07
2026-08-09,Powai,SKU4014,Iced Tea 500ml,Beverages,9,45.0,0.25,2026-08-05
2026-08-09,Powai,SKU5001,Herbal Shampoo 340ml,Personal Care,31,178.85,0.96,2026-08-07
2026-08-09,Powai,SKU5002,Anti-dandruff Shampoo 180ml,Personal Care,19,143.28,0.75,2026-08-04
2026-08-09,Powai,SKU5003,Bath Soap 4-pack,Personal Care,8,140.4,0.21,2026-08-06
2026-08-09,Powai,SKU5004,Toothpaste 150g,Personal Care,9,75.24,0.21,2026-08-09
2026-08-09,Powai,SKU5005,Toothbrush Soft,Personal Care,27,26.0,0.61,2026-08-06
2026-08-09,Powai,SKU5006,Face Wash 100ml,Personal Care,13,117.25,0.61,2026-08-08
2026-08-09,Powai,SKU5007,Body Lotion 400ml,Personal Care,11,206.31,0.46,2026-08-09
2026-08-09,Powai,SKU5008,Coconut Hair Oil 500ml,Personal Care,35,145.53,0.46,2026-08-09
2026-08-09,Powai,SKU5009,Hand Wash Refill 750ml,Personal Care,8,81.65,0.68,2026-08-09
2026-08-09,Powai,SKU5010,Deodorant 150ml,Personal Care,15,148.5,0.36,2026-08-09
2026-08-09,Powai,SKU5011,Talcum Powder 300g,Personal Care,12,118.4,0.57,2026-08-07
2026-08-09,Powai,SKU5012,Shaving Foam 200g,Personal Care,15,133.0,0.32,2026-07-30
2026-08-09,Powai,SKU5013,Sanitary Pads 20s,Personal Care,39,142.2,3.04,2026-08-09
2026-08-09,Powai,SKU5014,Lip Balm 4.5g,Personal Care,11,57.0,0.32,2026-08-05
2026-08-09,Powai,SKU5015,Sunscreen SPF50 50ml,Personal Care,44,223.36,1.5,2026-08-08
2026-08-09,Powai,SKU5016,Cotton Buds 100s,Personal Care,7,34.1,0.11,2026-08-08
2026-08-09,Powai,SKU6001,Detergent Powder 4kg,Household,13,414.17,0.54,2026-08-03
2026-08-09,Powai,SKU6002,Liquid Detergent 2L,Household,73,306.99,1.18,2026-08-09
2026-08-09,Powai,SKU6003,Dishwash Bar 3-pack,Household,38,47.4,1.18,2026-08-09
2026-08-09,Powai,SKU6004,Dishwash Gel 750ml,Household,35,110.2,0.82,2026-08-08
2026-08-09,Powai,SKU6005,Floor Cleaner 1L,Household,37,134.25,0.75,2026-08-09
2026-08-09,Powai,SKU6006,Toilet Cleaner 1L,Household,16,117.8,0.46,2026-07-29
2026-08-09,Powai,SKU6007,Glass Cleaner 500ml,Household,41,79.2,1.89,2026-08-09
2026-08-09,Powai,SKU6008,Garbage Bags 30s,Household,13,81.6,0.5,2026-08-08
2026-08-09,Powai,SKU6009,Kitchen Towels 2-roll,Household,51,109.5,2.0,2026-08-09
2026-08-09,Powai,SKU6010,Toilet Rolls 6-pack,Household,0,169.4,1.07,2026-08-09
2026-08-09,Powai,SKU6011,Aluminium Foil 9m,Household,0,73.26,0.18,2026-07-28
2026-08-09,Powai,SKU6012,Scrub Pads 3-pack,Household,1,33.0,0.0,
2026-08-09,Powai,SKU6013,Mosquito Repellent Refill,Household,12,60.35,0.36,2026-08-05
2026-08-09,Powai,SKU6014,Air Freshener 240ml,Household,8,133.33,0.32,2026-07-30
2026-08-09,Powai,SKU6015,Phenyl 1L,Household,16,63.0,0.57,2026-08-02
2026-08-09,Powai,SKU6016,LED Bulb 9W,Household,46,71.5,2.18,2026-08-07
2026-08-09,Thane,SKU1001,Basmati Rice 5kg,Grocery,12,558.14,0.32,2026-08-09
2026-08-09,Thane,SKU1002,Sona Masoori Rice 10kg,Grocery,35,703.12,1.43,2026-08-09
2026-08-09,Thane,SKU1003,Whole Wheat Atta 10kg,Grocery,4,435.21,0.04,2026-08-01
2026-08-09,Thane,SKU1004,Toor Dal 1kg,Grocery,37,147.03,1.25,2026-08-08
2026-08-09,Thane,SKU1005,Moong Dal 1kg,Grocery,20,129.63,0.61,2026-08-07
2026-08-09,Thane,SKU1006,Chana Dal 1kg,Grocery,24,93.74,0.71,2026-08-04
2026-08-09,Thane,SKU1007,Sugar 1kg,Grocery,12,45.12,0.54,2026-08-01
2026-08-09,Thane,SKU1008,Iodised Salt 1kg,Grocery,24,22.96,1.07,2026-08-09
2026-08-09,Thane,SKU1009,Sunflower Oil 1L,Grocery,7,144.69,0.18,2026-08-09
2026-08-09,Thane,SKU1010,Mustard Oil 1L,Grocery,12,170.1,0.21,2026-08-09
2026-08-09,Thane,SKU1011,Poha 500g,Grocery,98,36.0,6.32,2026-08-09
2026-08-09,Thane,SKU1012,Rava 1kg,Grocery,14,50.22,0.71,2026-08-09
2026-08-09,Thane,SKU1013,Turmeric Powder 200g,Grocery,92,41.76,1.21,2026-08-08
2026-08-09,Thane,SKU1014,Red Chilli Powder 200g,Grocery,14,52.56,0.29,2026-08-08
2026-08-09,Thane,SKU1015,Garam Masala 100g,Grocery,8,57.8,0.21,2026-08-08
2026-08-09,Thane,SKU1016,Groundnuts 500g,Grocery,8,78.85,0.29,2026-08-09
2026-08-09,Thane,SKU1017,Kabuli Chana 1kg,Grocery,16,118.15,0.32,2026-08-04
2026-08-09,Thane,SKU1018,Rajma 1kg,Grocery,9,140.25,0.43,2026-08-06
2026-08-09,Thane,SKU1019,Jaggery 1kg,Grocery,161,66.36,3.68,2026-08-09
2026-08-09,Thane,SKU1020,Vermicelli 400g,Grocery,6,32.76,0.21,2026-08-09
2026-08-09,Thane,SKU2001,Instant Noodles 4-pack,FMCG,2,47.04,0.07,2026-08-09
2026-08-09,Thane,SKU2002,Tomato Ketchup 1kg,FMCG,3,109.81,0.0,
2026-08-09,Thane,SKU2003,Corn Flakes 875g,FMCG,10,286.18,0.39,2026-08-07
2026-08-09,Thane,SKU2004,Oats 1kg,FMCG,9,161.19,0.36,2026-08-06
2026-08-09,Thane,SKU2005,Peanut Butter 340g,FMCG,89,137.83,2.75,2026-08-09
2026-08-09,Thane,SKU2006,Mixed Fruit Jam 500g,FMCG,27,116.22,0.43,2026-08-03
2026-08-09,Thane,SKU2007,Glucose Biscuits 800g,FMCG,5,77.4,0.21,2026-08-08
2026-08-09,Thane,SKU2008,Cream Biscuits 300g,FMCG,1,49.8,0.0,
2026-08-09,Thane,SKU2009,Potato Chips 150g,FMCG,11,38.0,0.25,2026-08-04
2026-08-09,Thane,SKU2010,Namkeen Mix 400g,FMCG,9,74.25,0.25,2026-08-09
2026-08-09,Thane,SKU2011,Dark Chocolate 100g,FMCG,32,84.0,0.71,2026-08-09
2026-08-09,Thane,SKU2012,Instant Coffee 100g,FMCG,247,239.2,19.0,2026-08-09
2026-08-09,Thane,SKU2013,Tea Leaves 500g,FMCG,9,217.3,0.25,2026-08-08
2026-08-09,Thane,SKU2014,Pasta Penne 500g,FMCG,2,85.1,0.0,
2026-08-09,Thane,SKU2015,Soya Chunks 200g,FMCG,62,33.88,2.32,2026-08-09
2026-08-09,Thane,SKU2016,Honey 500g,FMCG,11,189.24,0.68,2026-08-09
2026-08-09,Thane,SKU2017,Pickle Mango 400g,FMCG,12,91.59,0.39,2026-08-08
2026-08-09,Thane,SKU2018,Baking Soda 100g,FMCG,19,17.5,0.75,2026-08-09
2026-08-09,Thane,SKU2019,Custard Powder 100g,FMCG,50,34.56,1.29,2026-08-09
2026-08-09,Thane,SKU2020,Muesli 500g,FMCG,26,256.62,0.57,2026-08-07
2026-08-09,Thane,SKU3001,Sandwich Bread 400g,Bakery,15,35.1,0.68,2026-08-07
2026-08-09,Thane,SKU3002,Brown Bread 400g,Bakery,4,41.8,0.0,
2026-08-09,Thane,SKU3003,Multigrain Bread 400g,Bakery,5,48.1,0.07,2026-07-28
2026-08-09,Thane,SKU3004,Pav 6-pack,Bakery,28,22.5,0.68,2026-07-29
2026-08-09,Thane,SKU3005,Butter Croissant,Bakery,172,34.1,4.54,2026-08-09
2026-08-09,Thane,SKU3006,Chocolate Muffin,Bakery,19,36.0,0.71,2026-08-09
2026-08-09,Thane,SKU3007,Plum Cake 300g,Bakery,407,118.8,12.25,2026-08-09
2026-08-09,Thane,SKU3008,Garlic Bread,Bakery,9,60.8,0.39,2026-08-09
2026-08-09,Thane,SKU3009,Rusk 300g,Bakery,12,51.1,0.5,2026-08-07
2026-08-09,Thane,SKU3010,Fruit Bun,Bakery,7,16.75,0.04,2026-07-18
2026-08-09,Thane,SKU3011,Cheese Danish,Bakery,197,51.85,7.86,2026-08-09
2026-08-09,Thane,SKU3012,Burger Buns 4-pack,Bakery,4,36.0,0.14,2026-08-02
2026-08-09,Thane,SKU3013,Whole Wheat Cookies 250g,Bakery,7,71.5,0.18,2026-07-26
2026-08-09,Thane,SKU3014,Banana Walnut Loaf,Bakery,15,138.6,1.57,2026-08-09
2026-08-09,Thane,SKU3015,Cinnamon Roll,Bakery,24,44.25,0.79,2026-08-03
2026-08-09,Thane,SKU3016,Pizza Base 2-pack,Bakery,15,42.0,0.75,2026-08-05
2026-08-09,Thane,SKU4001,Mineral Water 1L,Beverages,8,15.0,0.75,2026-08-07
2026-08-09,Thane,SKU4002,Orange Juice 1L,Beverages,14,98.75,0.57,2026-08-08
2026-08-09,Thane,SKU4003,Mango Drink 1.2L,Beverages,7,70.2,0.14,2026-08-04
2026-08-09,Thane,SKU4004,Cola 2L,Beverages,8,77.9,0.25,2026-08-09
2026-08-09,Thane,SKU4005,Lemon Soda 750ml,Beverages,17,30.8,0.64,2026-08-08
2026-08-09,Thane,SKU4006,Coconut Water 200ml,Beverages,6,36.0,0.14,2026-07-30
2026-08-09,Thane,SKU4007,Energy Drink 250ml,Beverages,15,85.1,0.39,2026-08-09
2026-08-09,Thane,SKU4008,Cold Coffee 200ml,Beverages,36,38.0,1.21,2026-08-09
2026-08-09,Thane,SKU4009,Buttermilk 500ml,Beverages,13,24.3,0.68,2026-08-08
2026-08-09,Thane,SKU4010,Flavoured Milk 200ml,Beverages,7,28.7,0.43,2026-08-07
2026-08-09,Thane,SKU4011,Green Tea 25 bags,Beverages,48,113.6,1.93,2026-08-09
2026-08-09,Thane,SKU4012,Apple Juice 1L,Beverages,20,106.65,0.39,2026-08-08
2026-08-09,Thane,SKU4013,Soda Water 750ml,Beverages,18,18.25,1.07,2026-08-09
2026-08-09,Thane,SKU4014,Iced Tea 500ml,Beverages,11,45.0,0.46,2026-08-06
2026-08-09,Thane,SKU5001,Herbal Shampoo 340ml,Personal Care,32,178.85,1.5,2026-08-09
2026-08-09,Thane,SKU5002,Anti-dandruff Shampoo 180ml,Personal Care,54,143.28,0.71,2026-08-07
2026-08-09,Thane,SKU5003,Bath Soap 4-pack,Personal Care,9,140.4,0.14,2026-07-27
2026-08-09,Thane,SKU5004,Toothpaste 150g,Personal Care,7,75.24,0.29,2026-08-05
2026-08-09,Thane,SKU5005,Toothbrush Soft,Personal Care,7,26.0,0.82,2026-08-07
2026-08-09,Thane,SKU5006,Face Wash 100ml,Personal Care,23,117.25,0.75,2026-08-09
2026-08-09,Thane,SKU5007,Body Lotion 400ml,Personal Care,12,206.31,0.68,2026-08-09
2026-08-09,Thane,SKU5008,Coconut Hair Oil 500ml,Personal Care,8,145.53,0.36,2026-08-09
2026-08-09,Thane,SKU5009,Hand Wash Refill 750ml,Personal Care,6,81.65,0.36,2026-08-09
2026-08-09,Thane,SKU5010,Deodorant 150ml,Personal Care,20,148.5,0.39,2026-08-08
2026-08-09,Thane,SKU5011,Talcum Powder 300g,Personal Care,17,118.4,0.43,2026-08-05
2026-08-09,Thane,SKU5012,Shaving Foam 200g,Personal Care,18,133.0,0.82,2026-08-08
2026-08-09,Thane,SKU5013,Sanitary Pads 20s,Personal Care,0,142.2,2.68,2026-08-09
2026-08-09,Thane,SKU5014,Lip Balm 4.5g,Personal Care,9,57.0,0.32,2026-08-02
2026-08-09,Thane,SKU5015,Sunscreen SPF50 50ml,Personal Care,55,223.36,1.54,2026-08-09
2026-08-09,Thane,SKU5016,Cotton Buds 100s,Personal Care,11,34.1,0.29,2026-08-05
2026-08-09,Thane,SKU6001,Detergent Powder 4kg,Household,20,414.17,0.68,2026-08-08
2026-08-09,Thane,SKU6002,Liquid Detergent 2L,Household,18,306.99,1.07,2026-08-09
2026-08-09,Thane,SKU6003,Dishwash Bar 3-pack,Household,43,47.4,1.29,2026-08-09
2026-08-09,Thane,SKU6004,Dishwash Gel 750ml,Household,5,110.2,0.79,2026-08-06
2026-08-09,Thane,SKU6005,Floor Cleaner 1L,Household,13,134.25,0.21,2026-08-02
2026-08-09,Thane,SKU6006,Toilet Cleaner 1L,Household,10,117.8,0.46,2026-08-04
2026-08-09,Thane,SKU6007,Glass Cleaner 500ml,Household,65,79.2,2.0,2026-08-09
2026-08-09,Thane,SKU6008,Garbage Bags 30s,Household,8,81.6,0.25,2026-07-22
2026-08-09,Thane,SKU6009,Kitchen Towels 2-roll,Household,15,109.5,1.57,2026-08-09
2026-08-09,Thane,SKU6010,Toilet Rolls 6-pack,Household,22,169.4,2.14,2026-08-09
2026-08-09,Thane,SKU6011,Aluminium Foil 9m,Household,5,73.26,0.14,2026-07-31
2026-08-09,Thane,SKU6012,Scrub Pads 3-pack,Household,3,33.0,0.0,
2026-08-09,Thane,SKU6013,Mosquito Repellent Refill,Household,6,60.35,0.39,2026-08-02
2026-08-09,Thane,SKU6014,Air Freshener 240ml,Household,15,133.33,0.54,2026-08-08
2026-08-09,Thane,SKU6015,Phenyl 1L,Household,9,63.0,0.32,2026-08-06
2026-08-09,Thane,SKU6016,LED Bulb 9W,Household,43,71.5,2.43,2026-08-09
2026-08-16,Andheri,SKU1001,Basmati Rice 5kg,Grocery,14,558.14,0.5,2026-08-16
2026-08-16,Andheri,SKU1002,Sona Masoori Rice 10kg,Grocery,30,703.12,1.29,2026-08-16
2026-08-16,Andheri,SKU1003,Whole Wheat Atta 10kg,Grocery,5,435.21,0.21,2026-08-16
2026-08-16,Andheri,SKU1004,Toor Dal 1kg,Grocery,55,147.03,1.29,2026-08-13
2026-08-16,Andheri,SKU1005,Moong Dal 1kg,Grocery,15,129.63,0.5,2026-08-08
2026-08-16,Andheri,SKU1006,Chana Dal 1kg,Grocery,13,93.74,0.46,2026-08-13
2026-08-16,Andheri,SKU1007,Sugar 1kg,Grocery,12,45.12,0.39,2026-08-14
2026-08-16,Andheri,SKU1008,Iodised Salt 1kg,Grocery,18,22.96,0.93,2026-08-14
2026-08-16,Andheri,SKU1009,Sunflower Oil 1L,Grocery,13,144.69,0.29,2026-08-07
2026-08-16,Andheri,SKU1010,Mustard Oil 1L,Grocery,11,170.1,0.32,2026-08-12
2026-08-16,Andheri,SKU1011,Poha 500g,Grocery,121,36.0,8.86,2026-08-16
2026-08-16,Andheri,SKU1012,Rava 1kg,Grocery,20,50.22,0.96,2026-08-16
2026-08-16,Andheri,SKU1013,Turmeric Powder 200g,Grocery,26,41.76,1.25,2026-08-15
2026-08-16,Andheri,SKU1014,Red Chilli Powder 200g,Grocery,0,52.56,0.07,2026-08-10
2026-08-16,Andheri,SKU1015,Garam Masala 100g,Grocery,13,57.8,0.14,2026-08-11
2026-08-16,Andheri,SKU1016,Groundnuts 500g,Grocery,11,78.85,0.32,2026-08-16
2026-08-16,Andheri,SKU1017,Kabuli Chana 1kg,Grocery,25,118.15,1.04,2026-08-16
2026-08-16,Andheri,SKU1018,Rajma 1kg,Grocery,7,140.25,0.46,2026-08-14
2026-08-16,Andheri,SKU1019,Jaggery 1kg,Grocery,111,66.36,5.89,2026-08-16
2026-08-16,Andheri,SKU1020,Vermicelli 400g,Grocery,15,32.76,0.36,2026-08-08
2026-08-16,Andheri,SKU2001,Instant Noodles 4-pack,FMCG,8,47.04,0.25,2026-08-10
2026-08-16,Andheri,SKU2002,Tomato Ketchup 1kg,FMCG,0,109.81,0.0,
2026-08-16,Andheri,SKU2003,Corn Flakes 875g,FMCG,17,286.18,0.82,2026-08-08
2026-08-16,Andheri,SKU2004,Oats 1kg,FMCG,0,161.19,0.71,2026-08-12
2026-08-16,Andheri,SKU2005,Peanut Butter 340g,FMCG,48,137.83,3.21,2026-08-16
2026-08-16,Andheri,SKU2006,Mixed Fruit Jam 500g,FMCG,12,116.22,0.61,2026-08-16
2026-08-16,Andheri,SKU2007,Glucose Biscuits 800g,FMCG,9,77.4,0.25,2026-08-16
2026-08-16,Andheri,SKU2008,Cream Biscuits 300g,FMCG,2,49.8,0.0,
2026-08-16,Andheri,SKU2009,Potato Chips 150g,FMCG,39,38.0,0.64,2026-08-14
2026-08-16,Andheri,SKU2010,Namkeen Mix 400g,FMCG,6,74.25,0.21,2026-08-05
2026-08-16,Andheri,SKU2011,Dark Chocolate 100g,FMCG,15,84.0,0.82,2026-08-16
2026-08-16,Andheri,SKU2012,Instant Coffee 100g,FMCG,967,239.2,24.21,2026-08-16
2026-08-16,Andheri,SKU2013,Tea Leaves 500g,FMCG,0,217.3,0.21,2026-08-16
2026-08-16,Andheri,SKU2014,Pasta Penne 500g,FMCG,3,85.1,0.0,
2026-08-16,Andheri,SKU2015,Soya Chunks 200g,FMCG,76,33.88,2.93,2026-08-16
2026-08-16,Andheri,SKU2016,Honey 500g,FMCG,24,189.24,0.93,2026-08-13
2026-08-16,Andheri,SKU2017,Pickle Mango 400g,FMCG,39,91.59,1.46,2026-08-16
2026-08-16,Andheri,SKU2018,Baking Soda 100g,FMCG,8,17.5,0.32,2026-08-10
2026-08-16,Andheri,SKU2019,Custard Powder 100g,FMCG,41,34.56,1.29,2026-08-16
2026-08-16,Andheri,SKU2020,Muesli 500g,FMCG,27,256.62,0.5,2026-08-12
2026-08-16,Andheri,SKU3001,Sandwich Bread 400g,Bakery,27,35.1,0.46,2026-08-16
2026-08-16,Andheri,SKU3002,Brown Bread 400g,Bakery,5,41.8,0.14,2026-08-16
2026-08-16,Andheri,SKU3003,Multigrain Bread 400g,Bakery,5,48.1,0.07,2026-08-07
2026-08-16,Andheri,SKU3004,Pav 6-pack,Bakery,20,22.5,0.46,2026-08-10
2026-08-16,Andheri,SKU3005,Butter Croissant,Bakery,108,34.1,6.07,2026-08-16
2026-08-16,Andheri,SKU3006,Chocolate Muffin,Bakery,21,36.0,0.54,2026-08-14
2026-08-16,Andheri,SKU3007,Plum Cake 300g,Bakery,906,118.8,15.21,2026-08-16
2026-08-16,Andheri,SKU3008,Garlic Bread,Bakery,17,60.8,0.86,2026-08-15
2026-08-16,Andheri,SKU3009,Rusk 300g,Bakery,19,51.1,0.82,2026-08-14
2026-08-16,Andheri,SKU3010,Fruit Bun,Bakery,31,16.75,0.86,2026-08-16
2026-08-16,Andheri,SKU3011,Cheese Danish,Bakery,257,51.85,8.57,2026-08-16
2026-08-16,Andheri,SKU3012,Burger Buns 4-pack,Bakery,11,36.0,0.32,2026-08-10
2026-08-16,Andheri,SKU3013,Whole Wheat Cookies 250g,Bakery,17,71.5,0.54,2026-08-15
2026-08-16,Andheri,SKU3014,Banana Walnut Loaf,Bakery,50,138.6,2.18,2026-08-16
2026-08-16,Andheri,SKU3015,Cinnamon Roll,Bakery,20,44.25,0.46,2026-08-16
2026-08-16,Andheri,SKU3016,Pizza Base 2-pack,Bakery,41,42.0,1.64,2026-08-14
2026-08-16,Andheri,SKU4001,Mineral Water 1L,Beverages,7,15.0,0.36,2026-08-12
2026-08-16,Andheri,SKU4002,Orange Juice 1L,Beverages,33,98.75,1.0,2026-08-15
2026-08-16,Andheri,SKU4003,Mango Drink 1.2L,Beverages,15,70.2,0.61,2026-08-13
2026-08-16,Andheri,SKU4004,Cola 2L,Beverages,20,77.9,0.43,2026-08-13
2026-08-16,Andheri,SKU4005,Lemon Soda 750ml,Beverages,30,30.8,0.64,2026-08-14
2026-08-16,Andheri,SKU4006,Coconut Water 200ml,Beverages,37,36.0,0.54,2026-08-13
2026-08-16,Andheri,SKU4007,Energy Drink 250ml,Beverages,19,85.1,0.54,2026-08-08
2026-08-16,Andheri,SKU4008,Cold Coffee 200ml,Beverages,69,38.0,2.11,2026-08-16
2026-08-16,Andheri,SKU4009,Buttermilk 500ml,Beverages,16,24.3,0.46,2026-08-16
2026-08-16,Andheri,SKU4010,Flavoured Milk 200ml,Beverages,0,28.7,0.89,2026-08-16
2026-08-16,Andheri,SKU4011,Green Tea 25 bags,Beverages,43,113.6,2.46,2026-08-16
2026-08-16,Andheri,SKU4012,Apple Juice 1L,Beverages,9,106.65,0.32,2026-08-15
2026-08-16,Andheri,SKU4013,Soda Water 750ml,Beverages,38,18.25,0.79,2026-08-16
2026-08-16,Andheri,SKU4014,Iced Tea 500ml,Beverages,28,45.0,0.5,2026-08-14
2026-08-16,Andheri,SKU5001,Herbal Shampoo 340ml,Personal Care,0,178.85,1.54,2026-08-16
2026-08-16,Andheri,SKU5002,Anti-dandruff Shampoo 180ml,Personal Care,20,143.28,0.75,2026-08-15
2026-08-16,Andheri,SKU5003,Bath Soap 4-pack,Personal Care,18,140.4,0.39,2026-08-09
2026-08-16,Andheri,SKU5004,Toothpaste 150g,Personal Care,23,75.24,0.39,2026-08-13
2026-08-16,Andheri,SKU5005,Toothbrush Soft,Personal Care,47,26.0,1.14,2026-08-15
2026-08-16,Andheri,SKU5006,Face Wash 100ml,Personal Care,22,117.25,1.07,2026-08-15
2026-08-16,Andheri,SKU5007,Body Lotion 400ml,Personal Care,22,206.31,0.64,2026-08-16
2026-08-16,Andheri,SKU5008,Coconut Hair Oil 500ml,Personal Care,13,145.53,0.39,2026-08-10
2026-08-16,Andheri,SKU5009,Hand Wash Refill 750ml,Personal Care,4,81.65,0.46,2026-08-14
2026-08-16,Andheri,SKU5010,Deodorant 150ml,Personal Care,11,148.5,0.29,2026-08-15
2026-08-16,Andheri,SKU5011,Talcum Powder 300g,Personal Care,19,118.4,0.71,2026-08-16
2026-08-16,Andheri,SKU5012,Shaving Foam 200g,Personal Care,11,133.0,0.32,2026-08-13
2026-08-16,Andheri,SKU5013,Sanitary Pads 20s,Personal Care,180,142.2,4.25,2026-08-16
2026-08-16,Andheri,SKU5014,Lip Balm 4.5g,Personal Care,5,57.0,0.21,2026-08-02
2026-08-16,Andheri,SKU5015,Sunscreen SPF50 50ml,Personal Care,42,223.36,1.43,2026-08-16
2026-08-16,Andheri,SKU5016,Cotton Buds 100s,Personal Care,9,34.1,0.29,2026-08-16
2026-08-16,Andheri,SKU6001,Detergent Powder 4kg,Household,12,414.17,0.54,2026-08-13
2026-08-16,Andheri,SKU6002,Liquid Detergent 2L,Household,37,306.99,1.39,2026-08-15
2026-08-16,Andheri,SKU6003,Dishwash Bar 3-pack,Household,0,47.4,1.07,2026-08-16
2026-08-16,Andheri,SKU6004,Dishwash Gel 750ml,Household,19,110.2,0.82,2026-08-16
2026-08-16,Andheri,SKU6005,Floor Cleaner 1L,Household,13,134.25,0.43,2026-08-13
2026-08-16,Andheri,SKU6006,Toilet Cleaner 1L,Household,15,117.8,0.64,2026-08-16
2026-08-16,Andheri,SKU6007,Glass Cleaner 500ml,Household,30,79.2,2.43,2026-08-15
2026-08-16,Andheri,SKU6008,Garbage Bags 30s,Household,27,81.6,0.5,2026-08-14
2026-08-16,Andheri,SKU6009,Kitchen Towels 2-roll,Household,33,109.5,1.71,2026-08-14
2026-08-16,Andheri,SKU6010,Toilet Rolls 6-pack,Household,31,169.4,2.29,2026-08-16
2026-08-16,Andheri,SKU6011,Aluminium Foil 9m,Household,15,73.26,0.46,2026-08-15
2026-08-16,Andheri,SKU6012,Scrub Pads 3-pack,Household,1,33.0,0.0,
2026-08-16,Andheri,SKU6013,Mosquito Repellent Refill,Household,8,60.35,0.36,2026-08-13
2026-08-16,Andheri,SKU6014,Air Freshener 240ml,Household,17,133.33,0.75,2026-08-16
2026-08-16,Andheri,SKU6015,Phenyl 1L,Household,21,63.0,0.46,2026-08-10
2026-08-16,Andheri,SKU6016,LED Bulb 9W,Household,150,71.5,2.89,2026-08-16
2026-08-16,Mumbai Central,SKU1001,Basmati Rice 5kg,Grocery,9,558.14,0.82,2026-08-15
2026-08-16,Mumbai Central,SKU1002,Sona Masoori Rice 10kg,Grocery,28,703.12,1.43,2026-08-15
2026-08-16,Mumbai Central,SKU1003,Whole Wheat Atta 10kg,Grocery,19,435.21,0.79,2026-08-16
2026-08-16,Mumbai Central,SKU1004,Toor Dal 1kg,Grocery,18,147.03,1.54,2026-08-16
2026-08-16,Mumbai Central,SKU1005,Moong Dal 1kg,Grocery,39,129.63,1.43,2026-08-16
2026-08-16,Mumbai Central,SKU1006,Chana Dal 1kg,Grocery,14,93.74,0.43,2026-08-10
2026-08-16,Mumbai Central,SKU1007,Sugar 1kg,Grocery,14,45.12,0.71,2026-08-16
2026-08-16,Mumbai Central,SKU1008,Iodised Salt 1kg,Grocery,37,22.96,0.89,2026-08-15
2026-08-16,Mumbai Central,SKU1009,Sunflower Oil 1L,Grocery,8,144.69,0.5,2026-08-11
2026-08-16,Mumbai Central,SKU1010,Mustard Oil 1L,Grocery,12,170.1,0.5,2026-08-16
2026-08-16,Mumbai Central,SKU1011,Poha 500g,Grocery,116,36.0,10.46,2026-08-16
2026-08-16,Mumbai Central,SKU1012,Rava 1kg,Grocery,20,50.22,1.11,2026-08-16
2026-08-16,Mumbai Central,SKU1013,Turmeric Powder 200g,Grocery,52,41.76,1.43,2026-08-13
2026-08-16,Mumbai Central,SKU1014,Red Chilli Powder 200g,Grocery,11,52.56,0.54,2026-08-14
2026-08-16,Mumbai Central,SKU1015,Garam Masala 100g,Grocery,13,57.8,0.89,2026-08-13
2026-08-16,Mumbai Central,SKU1016,Groundnuts 500g,Grocery,7,78.85,0.11,2026-08-14
2026-08-16,Mumbai Central,SKU1017,Kabuli Chana 1kg,Grocery,13,118.15,0.54,2026-08-14
2026-08-16,Mumbai Central,SKU1018,Rajma 1kg,Grocery,20,140.25,0.71,2026-08-15
2026-08-16,Mumbai Central,SKU1019,Jaggery 1kg,Grocery,185,66.36,5.32,2026-08-16
2026-08-16,Mumbai Central,SKU1020,Vermicelli 400g,Grocery,8,32.76,0.18,2026-08-03
2026-08-16,Mumbai Central,SKU2001,Instant Noodles 4-pack,FMCG,15,47.04,0.25,2026-08-16
2026-08-16,Mumbai Central,SKU2002,Tomato Ketchup 1kg,FMCG,1,109.81,0.0,
2026-08-16,Mumbai Central,SKU2003,Corn Flakes 875g,FMCG,29,286.18,1.46,2026-08-14
2026-08-16,Mumbai Central,SKU2004,Oats 1kg,FMCG,0,161.19,0.57,2026-08-13
2026-08-16,Mumbai Central,SKU2005,Peanut Butter 340g,FMCG,148,137.83,4.64,2026-08-16
2026-08-16,Mumbai Central,SKU2006,Mixed Fruit Jam 500g,FMCG,19,116.22,0.68,2026-08-11
2026-08-16,Mumbai Central,SKU2007,Glucose Biscuits 800g,FMCG,15,77.4,0.32,2026-08-11
2026-08-16,Mumbai Central,SKU2008,Cream Biscuits 300g,FMCG,4,49.8,0.0,
2026-08-16,Mumbai Central,SKU2009,Potato Chips 150g,FMCG,14,38.0,0.5,2026-08-10
2026-08-16,Mumbai Central,SKU2010,Namkeen Mix 400g,FMCG,10,74.25,0.43,2026-08-09
2026-08-16,Mumbai Central,SKU2011,Dark Chocolate 100g,FMCG,17,84.0,0.54,2026-08-16
2026-08-16,Mumbai Central,SKU2012,Instant Coffee 100g,FMCG,816,239.2,24.29,2026-08-16
2026-08-16,Mumbai Central,SKU2013,Tea Leaves 500g,FMCG,7,217.3,0.71,2026-08-11
2026-08-16,Mumbai Central,SKU2014,Pasta Penne 500g,FMCG,3,85.1,0.0,
2026-08-16,Mumbai Central,SKU2015,Soya Chunks 200g,FMCG,63,33.88,3.29,2026-08-16
2026-08-16,Mumbai Central,SKU2016,Honey 500g,FMCG,12,189.24,1.04,2026-08-16
2026-08-16,Mumbai Central,SKU2017,Pickle Mango 400g,FMCG,7,91.59,0.64,2026-08-10
2026-08-16,Mumbai Central,SKU2018,Baking Soda 100g,FMCG,57,17.5,0.96,2026-08-15
2026-08-16,Mumbai Central,SKU2019,Custard Powder 100g,FMCG,28,34.56,1.71,2026-08-16
2026-08-16,Mumbai Central,SKU2020,Muesli 500g,FMCG,25,256.62,1.07,2026-08-15
2026-08-16,Mumbai Central,SKU3001,Sandwich Bread 400g,Bakery,18,35.1,0.57,2026-08-06
2026-08-16,Mumbai Central,SKU3002,Brown Bread 400g,Bakery,3,41.8,0.0,
2026-08-16,Mumbai Central,SKU3003,Multigrain Bread 400g,Bakery,4,48.1,0.0,
2026-08-16,Mumbai Central,SKU3004,Pav 6-pack,Bakery,20,22.5,0.79,2026-08-15
2026-08-16,Mumbai Central,SKU3005,Butter Croissant,Bakery,288,34.1,6.64,2026-08-16
2026-08-16,Mumbai Central,SKU3006,Chocolate Muffin,Bakery,20,36.0,1.07,2026-08-15
2026-08-16,Mumbai Central,SKU3007,Plum Cake 300g,Bakery,794,118.8,22.18,2026-08-16
2026-08-16,Mumbai Central,SKU3008,Garlic Bread,Bakery,0,60.8,1.11,2026-08-13
2026-08-16,Mumbai Central,SKU3009,Rusk 300g,Bakery,8,51.1,0.36,2026-08-08
2026-08-16,Mumbai Central,SKU3010,Fruit Bun,Bakery,42,16.75,0.79,2026-08-15
2026-08-16,Mumbai Central,SKU3011,Cheese Danish,Bakery,641,51.85,11.61,2026-08-16
2026-08-16,Mumbai Central,SKU3012,Burger Buns 4-pack,Bakery,36,36.0,1.11,2026-08-16
2026-08-16,Mumbai Central,SKU3013,Whole Wheat Cookies 250g,Bakery,16,71.5,0.46,2026-08-16
2026-08-16,Mumbai Central,SKU3014,Banana Walnut Loaf,Bakery,172,138.6,2.39,2026-08-13
2026-08-16,Mumbai Central,SKU3015,Cinnamon Roll,Bakery,14,44.25,0.54,2026-08-12
2026-08-16,Mumbai Central,SKU3016,Pizza Base 2-pack,Bakery,72,42.0,1.0,2026-08-16
2026-08-16,Mumbai Central,SKU4001,Mineral Water 1L,Beverages,14,15.0,0.36,2026-08-12
2026-08-16,Mumbai Central,SKU4002,Orange Juice 1L,Beverages,14,98.75,0.71,2026-08-10
2026-08-16,Mumbai Central,SKU4003,Mango Drink 1.2L,Beverages,13,70.2,0.79,2026-08-15
2026-08-16,Mumbai Central,SKU4004,Cola 2L,Beverages,19,77.9,0.54,2026-08-16
2026-08-16,Mumbai Central,SKU4005,Lemon Soda 750ml,Beverages,27,30.8,1.96,2026-08-15
2026-08-16,Mumbai Central,SKU4006,Coconut Water 200ml,Beverages,15,36.0,0.29,2026-08-15
2026-08-16,Mumbai Central,SKU4007,Energy Drink 250ml,Beverages,18,85.1,0.43,2026-08-15
2026-08-16,Mumbai Central,SKU4008,Cold Coffee 200ml,Beverages,66,38.0,2.11,2026-08-15
2026-08-16,Mumbai Central,SKU4009,Buttermilk 500ml,Beverages,8,24.3,0.54,2026-08-16
2026-08-16,Mumbai Central,SKU4010,Flavoured Milk 200ml,Beverages,22,28.7,0.61,2026-08-15
2026-08-16,Mumbai Central,SKU4011,Green Tea 25 bags,Beverages,70,113.6,3.5,2026-08-16
2026-08-16,Mumbai Central,SKU4012,Apple Juice 1L,Beverages,20,106.65,0.61,2026-08-16
2026-08-16,Mumbai Central,SKU4013,Soda Water 750ml,Beverages,18,18.25,0.71,2026-08-15
2026-08-16,Mumbai Central,SKU4014,Iced Tea 500ml,Beverages,8,45.0,0.46,2026-08-10
2026-08-16,Mumbai Central,SKU5001,Herbal Shampoo 340ml,Personal Care,35,178.85,1.68,2026-08-15
2026-08-16,Mumbai Central,SKU5002,Anti-dandruff Shampoo 180ml,Personal Care,29,143.28,1.64,2026-08-16
2026-08-16,Mumbai Central,SKU5003,Bath Soap 4-pack,Personal Care,5,140.4,0.43,2026-08-13
2026-08-16,Mumbai Central,SKU5004,Toothpaste 150g,Personal Care,34,75.24,0.5,2026-08-15
2026-08-16,Mumbai Central,SKU5005,Toothbrush Soft,Personal Care,23,26.0,1.25,2026-08-15
2026-08-16,Mumbai Central,SKU5006,Face Wash 100ml,Personal Care,19,117.25,1.0,2026-08-16
2026-08-16,Mumbai Central,SKU5007,Body Lotion 400ml,Personal Care,11,206.31,0.54,2026-08-15
2026-08-16,Mumbai Central,SKU5008,Coconut Hair Oil 500ml,Personal Care,13,145.53,0.36,2026-08-12
2026-08-16,Mumbai Central,SKU5009,Hand Wash Refill 750ml,Personal Care,8,81.65,0.32,2026-08-15
2026-08-16,Mumbai Central,SKU5010,Deodorant 150ml,Personal Care,4,148.5,0.29,2026-08-12
2026-08-16,Mumbai Central,SKU5011,Talcum Powder 300g,Personal Care,0,118.4,0.54,2026-08-16
2026-08-16,Mumbai Central,SKU5012,Shaving Foam 200g,Personal Care,26,133.0,0.5,2026-08-16
2026-08-16,Mumbai Central,SKU5013,Sanitary Pads 20s,Personal Care,0,142.2,5.0,2026-08-16
2026-08-16,Mumbai Central,SKU5014,Lip Balm 4.5g,Personal Care,9,57.0,0.46,2026-08-15
2026-08-16,Mumbai Central,SKU5015,Sunscreen SPF50 50ml,Personal Care,114,223.36,3.39,2026-08-16
2026-08-16,Mumbai Central,SKU5016,Cotton Buds 100s,Personal Care,8,34.1,0.25,2026-08-16
2026-08-16,Mumbai Central,SKU6001,Detergent Powder 4kg,Household,24,414.17,0.79,2026-08-15
2026-08-16,Mumbai Central,SKU6002,Liquid Detergent 2L,Household,31,306.99,1.82,2026-08-16
2026-08-16,Mumbai Central,SKU6003,Dishwash Bar 3-pack,Household,35,47.4,2.07,2026-08-16
2026-08-16,Mumbai Central,SKU6004,Dishwash Gel 750ml,Household,28,110.2,1.36,2026-08-14
2026-08-16,Mumbai Central,SKU6005,Floor Cleaner 1L,Household,28,134.25,0.61,2026-08-15
2026-08-16,Mumbai Central,SKU6006,Toilet Cleaner 1L,Household,7,117.8,0.61,2026-08-16
2026-08-16,Mumbai Central,SKU6007,Glass Cleaner 500ml,Household,75,79.2,2.18,2026-08-13
2026-08-16,Mumbai Central,SKU6008,Garbage Bags 30s,Household,39,81.6,0.57,2026-08-14
2026-08-16,Mumbai Central,SKU6009,Kitchen Towels 2-roll,Household,57,109.5,1.96,2026-08-16
2026-08-16,Mumbai Central,SKU6010,Toilet Rolls 6-pack,Household,72,169.4,2.79,2026-08-16
2026-08-16,Mumbai Central,SKU6011,Aluminium Foil 9m,Household,27,73.26,0.61,2026-08-15
2026-08-16,Mumbai Central,SKU6012,Scrub Pads 3-pack,Household,4,33.0,0.0,
2026-08-16,Mumbai Central,SKU6013,Mosquito Repellent Refill,Household,6,60.35,0.32,2026-08-13
2026-08-16,Mumbai Central,SKU6014,Air Freshener 240ml,Household,27,133.33,0.39,2026-08-16
2026-08-16,Mumbai Central,SKU6015,Phenyl 1L,Household,10,63.0,0.39,2026-08-16
2026-08-16,Mumbai Central,SKU6016,LED Bulb 9W,Household,101,71.5,3.71,2026-08-16
2026-08-16,Navi Mumbai,SKU1001,Basmati Rice 5kg,Grocery,8,558.14,0.18,2026-08-11
2026-08-16,Navi Mumbai,SKU1002,Sona Masoori Rice 10kg,Grocery,5,703.12,0.75,2026-08-16
2026-08-16,Navi Mumbai,SKU1003,Whole Wheat Atta 10kg,Grocery,8,435.21,0.18,2026-08-12
2026-08-16,Navi Mumbai,SKU1004,Toor Dal 1kg,Grocery,0,147.03,0.68,2026-08-15
2026-08-16,Navi Mumbai,SKU1005,Moong Dal 1kg,Grocery,5,129.63,0.46,2026-08-07
2026-08-16,Navi Mumbai,SKU1006,Chana Dal 1kg,Grocery,17,93.74,0.46,2026-08-16
2026-08-16,Navi Mumbai,SKU1007,Sugar 1kg,Grocery,12,45.12,0.25,2026-08-16
2026-08-16,Navi Mumbai,SKU1008,Iodised Salt 1kg,Grocery,35,22.96,0.71,2026-08-15
2026-08-16,Navi Mumbai,SKU1009,Sunflower Oil 1L,Grocery,7,144.69,0.18,2026-08-15
2026-08-16,Navi Mumbai,SKU1010,Mustard Oil 1L,Grocery,14,170.1,0.25,2026-08-16
2026-08-16,Navi Mumbai,SKU1011,Poha 500g,Grocery,104,36.0,5.46,2026-08-16
2026-08-16,Navi Mumbai,SKU1012,Rava 1kg,Grocery,37,50.22,0.93,2026-08-14
2026-08-16,Navi Mumbai,SKU1013,Turmeric Powder 200g,Grocery,48,41.76,0.79,2026-08-16
2026-08-16,Navi Mumbai,SKU1014,Red Chilli Powder 200g,Grocery,8,52.56,0.25,2026-08-16
2026-08-16,Navi Mumbai,SKU1015,Garam Masala 100g,Grocery,19,57.8,0.32,2026-08-08
2026-08-16,Navi Mumbai,SKU1016,Groundnuts 500g,Grocery,15,78.85,0.21,2026-08-12
2026-08-16,Navi Mumbai,SKU1017,Kabuli Chana 1kg,Grocery,13,118.15,0.5,2026-08-13
2026-08-16,Navi Mumbai,SKU1018,Rajma 1kg,Grocery,4,140.25,0.18,2026-08-15
2026-08-16,Navi Mumbai,SKU1019,Jaggery 1kg,Grocery,74,66.36,2.61,2026-08-16
2026-08-16,Navi Mumbai,SKU1020,Vermicelli 400g,Grocery,11,32.76,0.29,2026-08-16
2026-08-16,Navi Mumbai,SKU2001,Instant Noodles 4-pack,FMCG,8,47.04,0.18,2026-08-08
2026-08-16,Navi Mumbai,SKU2002,Tomato Ketchup 1kg,FMCG,4,109.81,0.0,
2026-08-16,Navi Mumbai,SKU2003,Corn Flakes 875g,FMCG,26,286.18,1.11,2026-08-16
2026-08-16,Navi Mumbai,SKU2004,Oats 1kg,FMCG,9,161.19,0.43,2026-08-16
2026-08-16,Navi Mumbai,SKU2005,Peanut Butter 340g,FMCG,41,137.83,1.89,2026-08-16
2026-08-16,Navi Mumbai,SKU2006,Mixed Fruit Jam 500g,FMCG,26,116.22,0.68,2026-08-16
2026-08-16,Navi Mumbai,SKU2007,Glucose Biscuits 800g,FMCG,12,77.4,0.36,2026-08-12
2026-08-16,Navi Mumbai,SKU2008,Cream Biscuits 300g,FMCG,4,49.8,0.0,
2026-08-16,Navi Mumbai,SKU2009,Potato Chips 150g,FMCG,4,38.0,0.07,2026-08-03
2026-08-16,Navi Mumbai,SKU2010,Namkeen Mix 400g,FMCG,5,74.25,0.21,2026-08-11
2026-08-16,Navi Mumbai,SKU2011,Dark Chocolate 100g,FMCG,17,84.0,0.86,2026-08-16
2026-08-16,Navi Mumbai,SKU2012,Instant Coffee 100g,FMCG,463,239.2,15.32,2026-08-16
2026-08-16,Navi Mumbai,SKU2013,Tea Leaves 500g,FMCG,4,217.3,0.07,2026-08-11
2026-08-16,Navi Mumbai,SKU2014,Pasta Penne 500g,FMCG,2,85.1,0.0,
2026-08-16,Navi Mumbai,SKU2015,Soya Chunks 200g,FMCG,25,33.88,1.36,2026-08-15
2026-08-16,Navi Mumbai,SKU2016,Honey 500g,FMCG,114,189.24,1.07,2026-08-16
2026-08-16,Navi Mumbai,SKU2017,Pickle Mango 400g,FMCG,11,91.59,0.39,2026-08-13
2026-08-16,Navi Mumbai,SKU2018,Baking Soda 100g,FMCG,10,17.5,0.43,2026-08-15
2026-08-16,Navi Mumbai,SKU2019,Custard Powder 100g,FMCG,54,34.56,1.5,2026-08-16
2026-08-16,Navi Mumbai,SKU2020,Muesli 500g,FMCG,12,256.62,0.43,2026-08-13
2026-08-16,Navi Mumbai,SKU3001,Sandwich Bread 400g,Bakery,10,35.1,0.32,2026-08-01
2026-08-16,Navi Mumbai,SKU3002,Brown Bread 400g,Bakery,4,41.8,0.0,
2026-08-16,Navi Mumbai,SKU3003,Multigrain Bread 400g,Bakery,4,48.1,0.0,
2026-08-16,Navi Mumbai,SKU3004,Pav 6-pack,Bakery,39,22.5,0.46,2026-08-16
2026-08-16,Navi Mumbai,SKU3005,Butter Croissant,Bakery,31,34.1,4.0,2026-08-15
2026-08-16,Navi Mumbai,SKU3006,Chocolate Muffin,Bakery,7,36.0,0.36,2026-08-08
2026-08-16,Navi Mumbai,SKU3007,Plum Cake 300g,Bakery,211,118.8,10.93,2026-08-16
2026-08-16,Navi Mumbai,SKU3008,Garlic Bread,Bakery,15,60.8,0.25,2026-08-10
2026-08-16,Navi Mumbai,SKU3009,Rusk 300g,Bakery,16,51.1,0.71,2026-08-13
2026-08-16,Navi Mumbai,SKU3010,Fruit Bun,Bakery,13,16.75,0.89,2026-08-15
2026-08-16,Navi Mumbai,SKU3011,Cheese Danish,Bakery,207,51.85,4.93,2026-08-16
2026-08-16,Navi Mumbai,SKU3012,Burger Buns 4-pack,Bakery,5,36.0,0.11,2026-07-27
2026-08-16,Navi Mumbai,SKU3013,Whole Wheat Cookies 250g,Bakery,8,71.5,0.39,2026-08-12
2026-08-16,Navi Mumbai,SKU3014,Banana Walnut Loaf,Bakery,23,138.6,1.39,2026-08-15
2026-08-16,Navi Mumbai,SKU3015,Cinnamon Roll,Bakery,7,44.25,0.11,2026-07-29
2026-08-16,Navi Mumbai,SKU3016,Pizza Base 2-pack,Bakery,21,42.0,0.68,2026-08-16
2026-08-16,Navi Mumbai,SKU4001,Mineral Water 1L,Beverages,8,15.0,0.29,2026-08-09
2026-08-16,Navi Mumbai,SKU4002,Orange Juice 1L,Beverages,20,98.75,0.96,2026-08-16
2026-08-16,Navi Mumbai,SKU4003,Mango Drink 1.2L,Beverages,10,70.2,0.46,2026-08-16
2026-08-16,Navi Mumbai,SKU4004,Cola 2L,Beverages,6,77.9,0.29,2026-08-16
2026-08-16,Navi Mumbai,SKU4005,Lemon Soda 750ml,Beverages,68,30.8,1.07,2026-08-16
2026-08-16,Navi Mumbai,SKU4006,Coconut Water 200ml,Beverages,16,36.0,0.21,2026-08-13
2026-08-16,Navi Mumbai,SKU4007,Energy Drink 250ml,Beverages,6,85.1,0.21,2026-08-14
2026-08-16,Navi Mumbai,SKU4008,Cold Coffee 200ml,Beverages,13,38.0,1.79,2026-08-15
2026-08-16,Navi Mumbai,SKU4009,Buttermilk 500ml,Beverages,20,24.3,0.46,2026-08-14
2026-08-16,Navi Mumbai,SKU4010,Flavoured Milk 200ml,Beverages,7,28.7,0.25,2026-08-11
2026-08-16,Navi Mumbai,SKU4011,Green Tea 25 bags,Beverages,45,113.6,1.25,2026-08-16
2026-08-16,Navi Mumbai,SKU4012,Apple Juice 1L,Beverages,7,106.65,0.14,2026-08-16
2026-08-16,Navi Mumbai,SKU4013,Soda Water 750ml,Beverages,11,18.25,0.71,2026-08-12
2026-08-16,Navi Mumbai,SKU4014,Iced Tea 500ml,Beverages,9,45.0,0.36,2026-08-11
2026-08-16,Navi Mumbai,SKU5001,Herbal Shampoo 340ml,Personal Care,86,178.85,1.36,2026-08-16
2026-08-16,Navi Mumbai,SKU5002,Anti-dandruff Shampoo 180ml,Personal Care,4,143.28,0.11,2026-08-16
2026-08-16,Navi Mumbai,SKU5003,Bath Soap 4-pack,Personal Care,25,140.4,0.5,2026-08-15
2026-08-16,Navi Mumbai,SKU5004,Toothpaste 150g,Personal Care,0,75.24,0.39,2026-08-09
2026-08-16,Navi Mumbai,SKU5005,Toothbrush Soft,Personal Care,25,26.0,0.54,2026-08-16
2026-08-16,Navi Mumbai,SKU5006,Face Wash 100ml,Personal Care,10,117.25,1.14,2026-08-16
2026-08-16,Navi Mumbai,SKU5007,Body Lotion 400ml,Personal Care,8,206.31,0.39,2026-08-13
2026-08-16,Navi Mumbai,SKU5008,Coconut Hair Oil 500ml,Personal Care,8,145.53,0.32,2026-08-08
2026-08-16,Navi Mumbai,SKU5009,Hand Wash Refill 750ml,Personal Care,22,81.65,0.36,2026-08-04
2026-08-16,Navi Mumbai,SKU5010,Deodorant 150ml,Personal Care,6,148.5,0.18,2026-08-14
2026-08-16,Navi Mumbai,SKU5011,Talcum Powder 300g,Personal Care,12,118.4,0.32,2026-08-04
2026-08-16,Navi Mumbai,SKU5012,Shaving Foam 200g,Personal Care,20,133.0,0.46,2026-08-16
2026-08-16,Navi Mumbai,SKU5013,Sanitary Pads 20s,Personal Care,38,142.2,2.75,2026-08-16
2026-08-16,Navi Mumbai,SKU5014,Lip Balm 4.5g,Personal Care,7,57.0,0.14,2026-08-01
2026-08-16,Navi Mumbai,SKU5015,Sunscreen SPF50 50ml,Personal Care,68,223.36,1.29,2026-08-16
2026-08-16,Navi Mumbai,SKU5016,Cotton Buds 100s,Personal Care,7,34.1,0.11,2026-08-09
2026-08-16,Navi Mumbai,SKU6001,Detergent Powder 4kg,Household,8,414.17,0.18,2026-08-02
2026-08-16,Navi Mumbai,SKU6002,Liquid Detergent 2L,Household,43,306.99,0.93,2026-08-16
2026-08-16,Navi Mumbai,SKU6003,Dishwash Bar 3-pack,Household,38,47.4,1.61,2026-08-16
2026-08-16,Navi Mumbai,SKU6004,Dishwash Gel 750ml,Household,18,110.2,0.29,2026-08-09
2026-08-16,Navi Mumbai,SKU6005,Floor Cleaner 1L,Household,17,134.25,0.5,2026-08-15
2026-08-16,Navi Mumbai,SKU6006,Toilet Cleaner 1L,Household,11,117.8,0.5,2026-08-14
2026-08-16,Navi Mumbai,SKU6007,Glass Cleaner 500ml,Household,60,79.2,1.89,2026-08-16
2026-08-16,Navi Mumbai,SKU6008,Garbage Bags 30s,Household,6,81.6,0.29,2026-08-08
2026-08-16,Navi Mumbai,SKU6009,Kitchen Towels 2-roll,Household,12,109.5,0.71,2026-08-16
2026-08-16,Navi Mumbai,SKU6010,Toilet Rolls 6-pack,Household,0,169.4,1.57,2026-08-16
2026-08-16,Navi Mumbai,SKU6011,Aluminium Foil 9m,Household,8,73.26,0.18,2026-08-05
2026-08-16,Navi Mumbai,SKU6012,Scrub Pads 3-pack,Household,5,33.0,0.07,2026-08-16
2026-08-16,Navi Mumbai,SKU6013,Mosquito Repellent Refill,Household,9,60.35,0.29,2026-08-16
2026-08-16,Navi Mumbai,SKU6014,Air Freshener 240ml,Household,10,133.33,0.36,2026-08-13
2026-08-16,Navi Mumbai,SKU6015,Phenyl 1L,Household,9,63.0,0.32,2026-08-15
2026-08-16,Navi Mumbai,SKU6016,LED Bulb 9W,Household,48,71.5,2.0,2026-08-15
2026-08-16,Powai,SKU1001,Basmati Rice 5kg,Grocery,9,558.14,0.29,2026-08-15
2026-08-16,Powai,SKU1002,Sona Masoori Rice 10kg,Grocery,15,703.12,0.89,2026-08-15
2026-08-16,Powai,SKU1003,Whole Wheat Atta 10kg,Grocery,16,435.21,0.57,2026-08-13
2026-08-16,Powai,SKU1004,Toor Dal 1kg,Grocery,35,147.03,1.57,2026-08-15
2026-08-16,Powai,SKU1005,Moong Dal 1kg,Grocery,20,129.63,0.79,2026-08-15
2026-08-16,Powai,SKU1006,Chana Dal 1kg,Grocery,11,93.74,0.43,2026-08-14
2026-08-16,Powai,SKU1007,Sugar 1kg,Grocery,39,45.12,0.86,2026-08-16
2026-08-16,Powai,SKU1008,Iodised Salt 1kg,Grocery,12,22.96,0.36,2026-08-16
2026-08-16,Powai,SKU1009,Sunflower Oil 1L,Grocery,12,144.69,0.14,2026-08-08
2026-08-16,Powai,SKU1010,Mustard Oil 1L,Grocery,9,170.1,0.29,2026-07-29
2026-08-16,Powai,SKU1011,Poha 500g,Grocery,204,36.0,5.61,2026-08-16
2026-08-16,Powai,SKU1012,Rava 1kg,Grocery,18,50.22,0.54,2026-08-16
2026-08-16,Powai,SKU1013,Turmeric Powder 200g,Grocery,20,41.76,1.07,2026-08-16
2026-08-16,Powai,SKU1014,Red Chilli Powder 200g,Grocery,12,52.56,0.61,2026-08-16
2026-08-16,Powai,SKU1015,Garam Masala 100g,Grocery,8,57.8,0.11,2026-08-12
2026-08-16,Powai,SKU1016,Groundnuts 500g,Grocery,12,78.85,0.25,2026-08-15
2026-08-16,Powai,SKU1017,Kabuli Chana 1kg,Grocery,6,118.15,0.25,2026-08-14
2026-08-16,Powai,SKU1018,Rajma 1kg,Grocery,8,140.25,0.54,2026-08-16
2026-08-16,Powai,SKU1019,Jaggery 1kg,Grocery,53,66.36,5.43,2026-08-16
2026-08-16,Powai,SKU1020,Vermicelli 400g,Grocery,5,32.76,0.07,2026-07-22
2026-08-16,Powai,SKU2001,Instant Noodles 4-pack,FMCG,1,47.04,0.07,2026-08-12
2026-08-16,Powai,SKU2002,Tomato Ketchup 1kg,FMCG,3,109.81,0.0,
2026-08-16,Powai,SKU2003,Corn Flakes 875g,FMCG,14,286.18,0.71,2026-08-16
2026-08-16,Powai,SKU2004,Oats 1kg,FMCG,7,161.19,0.07,2026-08-10
2026-08-16,Powai,SKU2005,Peanut Butter 340g,FMCG,113,137.83,3.07,2026-08-16
2026-08-16,Powai,SKU2006,Mixed Fruit Jam 500g,FMCG,4,116.22,0.36,2026-08-13
2026-08-16,Powai,SKU2007,Glucose Biscuits 800g,FMCG,8,77.4,0.29,2026-08-15
2026-08-16,Powai,SKU2008,Cream Biscuits 300g,FMCG,3,49.8,0.0,
2026-08-16,Powai,SKU2009,Potato Chips 150g,FMCG,15,38.0,0.29,2026-08-06
2026-08-16,Powai,SKU2010,Namkeen Mix 400g,FMCG,12,74.25,0.32,2026-08-15
2026-08-16,Powai,SKU2011,Dark Chocolate 100g,FMCG,16,84.0,0.71,2026-08-13
2026-08-16,Powai,SKU2012,Instant Coffee 100g,FMCG,448,239.2,17.32,2026-08-16
2026-08-16,Powai,SKU2013,Tea Leaves 500g,FMCG,10,217.3,0.43,2026-08-15
2026-08-16,Powai,SKU2014,Pasta Penne 500g,FMCG,1,85.1,0.0,
2026-08-16,Powai,SKU2015,Soya Chunks 200g,FMCG,45,33.88,1.89,2026-08-15
2026-08-16,Powai,SKU2016,Honey 500g,FMCG,27,189.24,0.93,2026-08-12
2026-08-16,Powai,SKU2017,Pickle Mango 400g,FMCG,20,91.59,0.5,2026-08-16
2026-08-16,Powai,SKU2018,Baking Soda 100g,FMCG,15,17.5,0.54,2026-08-11
2026-08-16,Powai,SKU2019,Custard Powder 100g,FMCG,30,34.56,1.36,2026-08-12
2026-08-16,Powai,SKU2020,Muesli 500g,FMCG,25,256.62,0.86,2026-08-15
2026-08-16,Powai,SKU3001,Sandwich Bread 400g,Bakery,11,35.1,0.61,2026-08-16
2026-08-16,Powai,SKU3002,Brown Bread 400g,Bakery,3,41.8,0.0,
2026-08-16,Powai,SKU3003,Multigrain Bread 400g,Bakery,4,48.1,0.0,
2026-08-16,Powai,SKU3004,Pav 6-pack,Bakery,18,22.5,0.75,2026-08-15
2026-08-16,Powai,SKU3005,Butter Croissant,Bakery,153,34.1,5.96,2026-08-16
2026-08-16,Powai,SKU3006,Chocolate Muffin,Bakery,19,36.0,0.79,2026-08-08
2026-08-16,Powai,SKU3007,Plum Cake 300g,Bakery,457,118.8,12.18,2026-08-16
2026-08-16,Powai,SKU3008,Garlic Bread,Bakery,6,60.8,0.46,2026-07-30
2026-08-16,Powai,SKU3009,Rusk 300g,Bakery,37,51.1,0.75,2026-08-16
2026-08-16,Powai,SKU3010,Fruit Bun,Bakery,23,16.75,0.5,2026-08-14
2026-08-16,Powai,SKU3011,Cheese Danish,Bakery,295,51.85,8.61,2026-08-16
2026-08-16,Powai,SKU3012,Burger Buns 4-pack,Bakery,12,36.0,0.32,2026-08-15
2026-08-16,Powai,SKU3013,Whole Wheat Cookies 250g,Bakery,8,71.5,0.21,2026-08-13
2026-08-16,Powai,SKU3014,Banana Walnut Loaf,Bakery,195,138.6,2.57,2026-08-16
2026-08-16,Powai,SKU3015,Cinnamon Roll,Bakery,2,44.25,0.14,2026-08-07
2026-08-16,Powai,SKU3016,Pizza Base 2-pack,Bakery,18,42.0,0.75,2026-08-15
2026-08-16,Powai,SKU4001,Mineral Water 1L,Beverages,9,15.0,0.07,2026-08-03
2026-08-16,Powai,SKU4002,Orange Juice 1L,Beverages,36,98.75,1.39,2026-08-15
2026-08-16,Powai,SKU4003,Mango Drink 1.2L,Beverages,12,70.2,0.39,2026-08-11
2026-08-16,Powai,SKU4004,Cola 2L,Beverages,20,77.9,0.39,2026-08-06
2026-08-16,Powai,SKU4005,Lemon Soda 750ml,Beverages,12,30.8,0.46,2026-08-16
2026-08-16,Powai,SKU4006,Coconut Water 200ml,Beverages,9,36.0,0.54,2026-08-12
2026-08-16,Powai,SKU4007,Energy Drink 250ml,Beverages,15,85.1,0.29,2026-08-12
2026-08-16,Powai,SKU4008,Cold Coffee 200ml,Beverages,21,38.0,1.0,2026-08-15
2026-08-16,Powai,SKU4009,Buttermilk 500ml,Beverages,13,24.3,0.32,2026-08-15
2026-08-16,Powai,SKU4010,Flavoured Milk 200ml,Beverages,11,28.7,0.5,2026-08-09
2026-08-16,Powai,SKU4011,Green Tea 25 bags,Beverages,48,113.6,2.79,2026-08-16
2026-08-16,Powai,SKU4012,Apple Juice 1L,Beverages,7,106.65,0.5,2026-08-15
2026-08-16,Powai,SKU4013,Soda Water 750ml,Beverages,12,18.25,0.54,2026-08-13
2026-08-16,Powai,SKU4014,Iced Tea 500ml,Beverages,9,45.0,0.29,2026-08-13
2026-08-16,Powai,SKU5001,Herbal Shampoo 340ml,Personal Care,16,178.85,1.04,2026-08-15
2026-08-16,Powai,SKU5002,Anti-dandruff Shampoo 180ml,Personal Care,58,143.28,0.86,2026-08-13
2026-08-16,Powai,SKU5003,Bath Soap 4-pack,Personal Care,6,140.4,0.32,2026-08-13
2026-08-16,Powai,SKU5004,Toothpaste 150g,Personal Care,21,75.24,0.46,2026-08-16
2026-08-16,Powai,SKU5005,Toothbrush Soft,Personal Care,28,26.0,0.64,2026-08-16
2026-08-16,Powai,SKU5006,Face Wash 100ml,Personal Care,0,117.25,0.68,2026-08-16
2026-08-16,Powai,SKU5007,Body Lotion 400ml,Personal Care,28,206.31,0.61,2026-08-14
2026-08-16,Powai,SKU5008,Coconut Hair Oil 500ml,Personal Care,10,145.53,0.46,2026-08-15
2026-08-16,Powai,SKU5009,Hand Wash Refill 750ml,Personal Care,20,81.65,0.57,2026-08-12
2026-08-16,Powai,SKU5010,Deodorant 150ml,Personal Care,0,148.5,0.14,2026-08-09
2026-08-16,Powai,SKU5011,Talcum Powder 300g,Personal Care,5,118.4,0.46,2026-08-16
2026-08-16,Powai,SKU5012,Shaving Foam 200g,Personal Care,14,133.0,0.46,2026-08-16
2026-08-16,Powai,SKU5013,Sanitary Pads 20s,Personal Care,90,142.2,3.32,2026-08-16
2026-08-16,Powai,SKU5014,Lip Balm 4.5g,Personal Care,5,57.0,0.14,2026-08-05
2026-08-16,Powai,SKU5015,Sunscreen SPF50 50ml,Personal Care,46,223.36,1.25,2026-08-14
2026-08-16,Powai,SKU5016,Cotton Buds 100s,Personal Care,10,34.1,0.18,2026-08-14
2026-08-16,Powai,SKU6001,Detergent Powder 4kg,Household,19,414.17,0.46,2026-08-15
2026-08-16,Powai,SKU6002,Liquid Detergent 2L,Household,86,306.99,1.32,2026-08-16
2026-08-16,Powai,SKU6003,Dishwash Bar 3-pack,Household,22,47.4,0.96,2026-08-15
2026-08-16,Powai,SKU6004,Dishwash Gel 750ml,Household,30,110.2,0.86,2026-08-14
2026-08-16,Powai,SKU6005,Floor Cleaner 1L,Household,17,134.25,0.89,2026-08-16
2026-08-16,Powai,SKU6006,Toilet Cleaner 1L,Household,15,117.8,0.25,2026-08-13
2026-08-16,Powai,SKU6007,Glass Cleaner 500ml,Household,30,79.2,1.96,2026-08-16
2026-08-16,Powai,SKU6008,Garbage Bags 30s,Household,10,81.6,0.43,2026-08-16
2026-08-16,Powai,SKU6009,Kitchen Towels 2-roll,Household,29,109.5,1.82,2026-08-16
2026-08-16,Powai,SKU6010,Toilet Rolls 6-pack,Household,35,169.4,1.32,2026-08-16
2026-08-16,Powai,SKU6011,Aluminium Foil 9m,Household,12,73.26,0.29,2026-08-16
2026-08-16,Powai,SKU6012,Scrub Pads 3-pack,Household,1,33.0,0.0,
2026-08-16,Powai,SKU6013,Mosquito Repellent Refill,Household,24,60.35,0.43,2026-08-11
2026-08-16,Powai,SKU6014,Air Freshener 240ml,Household,8,133.33,0.21,2026-08-16
2026-08-16,Powai,SKU6015,Phenyl 1L,Household,28,63.0,0.32,2026-08-02
2026-08-16,Powai,SKU6016,LED Bulb 9W,Household,99,71.5,1.86,2026-08-16
2026-08-16,Thane,SKU1001,Basmati Rice 5kg,Grocery,7,558.14,0.39,2026-08-11
2026-08-16,Thane,SKU1002,Sona Masoori Rice 10kg,Grocery,25,703.12,1.29,2026-08-16
2026-08-16,Thane,SKU1003,Whole Wheat Atta 10kg,Grocery,5,435.21,0.18,2026-08-14
2026-08-16,Thane,SKU1004,Toor Dal 1kg,Grocery,40,147.03,1.5,2026-08-15
2026-08-16,Thane,SKU1005,Moong Dal 1kg,Grocery,21,129.63,0.57,2026-08-16
2026-08-16,Thane,SKU1006,Chana Dal 1kg,Grocery,16,93.74,0.71,2026-08-12
2026-08-16,Thane,SKU1007,Sugar 1kg,Grocery,12,45.12,0.79,2026-08-16
2026-08-16,Thane,SKU1008,Iodised Salt 1kg,Grocery,28,22.96,0.79,2026-08-15
2026-08-16,Thane,SKU1009,Sunflower Oil 1L,Grocery,6,144.69,0.11,2026-08-09
2026-08-16,Thane,SKU1010,Mustard Oil 1L,Grocery,8,170.1,0.21,2026-08-14
2026-08-16,Thane,SKU1011,Poha 500g,Grocery,137,36.0,6.89,2026-08-16
2026-08-16,Thane,SKU1012,Rava 1kg,Grocery,16,50.22,0.75,2026-08-14
2026-08-16,Thane,SKU1013,Turmeric Powder 200g,Grocery,21,41.76,1.11,2026-08-13
2026-08-16,Thane,SKU1014,Red Chilli Powder 200g,Grocery,5,52.56,0.11,2026-08-08
2026-08-16,Thane,SKU1015,Garam Masala 100g,Grocery,9,57.8,0.21,2026-08-16
2026-08-16,Thane,SKU1016,Groundnuts 500g,Grocery,7,78.85,0.29,2026-08-15
2026-08-16,Thane,SKU1017,Kabuli Chana 1kg,Grocery,4,118.15,0.18,2026-08-12
2026-08-16,Thane,SKU1018,Rajma 1kg,Grocery,14,140.25,0.61,2026-08-16
2026-08-16,Thane,SKU1019,Jaggery 1kg,Grocery,104,66.36,3.5,2026-08-16
2026-08-16,Thane,SKU1020,Vermicelli 400g,Grocery,4,32.76,0.14,2026-08-09
2026-08-16,Thane,SKU2001,Instant Noodles 4-pack,FMCG,9,47.04,0.18,2026-08-14
2026-08-16,Thane,SKU2002,Tomato Ketchup 1kg,FMCG,3,109.81,0.0,
2026-08-16,Thane,SKU2003,Corn Flakes 875g,FMCG,27,286.18,0.75,2026-08-15
2026-08-16,Thane,SKU2004,Oats 1kg,FMCG,40,161.19,0.39,2026-08-15
2026-08-16,Thane,SKU2005,Peanut Butter 340g,FMCG,69,137.83,2.61,2026-08-16
2026-08-16,Thane,SKU2006,Mixed Fruit Jam 500g,FMCG,16,116.22,0.5,2026-08-14
2026-08-16,Thane,SKU2007,Glucose Biscuits 800g,FMCG,6,77.4,0.36,2026-08-12
2026-08-16,Thane,SKU2008,Cream Biscuits 300g,FMCG,3,49.8,0.0,
2026-08-16,Thane,SKU2009,Potato Chips 150g,FMCG,14,38.0,0.18,2026-08-15
2026-08-16,Thane,SKU2010,Namkeen Mix 400g,FMCG,8,74.25,0.43,2026-08-16
2026-08-16,Thane,SKU2011,Dark Chocolate 100g,FMCG,15,84.0,0.71,2026-08-16
2026-08-16,Thane,SKU2012,Instant Coffee 100g,FMCG,250,239.2,19.11,2026-08-16
2026-08-16,Thane,SKU2013,Tea Leaves 500g,FMCG,8,217.3,0.25,2026-08-16
2026-08-16,Thane,SKU2014,Pasta Penne 500g,FMCG,4,85.1,0.0,
2026-08-16,Thane,SKU2015,Soya Chunks 200g,FMCG,33,33.88,2.64,2026-08-16
2026-08-16,Thane,SKU2016,Honey 500g,FMCG,14,189.24,0.82,2026-08-15
2026-08-16,Thane,SKU2017,Pickle Mango 400g,FMCG,14,91.59,0.64,2026-08-16
2026-08-16,Thane,SKU2018,Baking Soda 100g,FMCG,16,17.5,0.36,2026-08-09
2026-08-16,Thane,SKU2019,Custard Powder 100g,FMCG,17,34.56,0.86,2026-08-15
2026-08-16,Thane,SKU2020,Muesli 500g,FMCG,9,256.62,0.64,2026-08-15
2026-08-16,Thane,SKU3001,Sandwich Bread 400g,Bakery,9,35.1,0.43,2026-08-14
2026-08-16,Thane,SKU3002,Brown Bread 400g,Bakery,0,41.8,0.0,
2026-08-16,Thane,SKU3003,Multigrain Bread 400g,Bakery,5,48.1,0.07,2026-07-28
2026-08-16,Thane,SKU3004,Pav 6-pack,Bakery,10,22.5,0.36,2026-07-29
2026-08-16,Thane,SKU3005,Butter Croissant,Bakery,203,34.1,4.43,2026-08-16
2026-08-16,Thane,SKU3006,Chocolate Muffin,Bakery,16,36.0,0.71,2026-08-09
2026-08-16,Thane,SKU3007,Plum Cake 300g,Bakery,118,118.8,13.36,2026-08-16
2026-08-16,Thane,SKU3008,Garlic Bread,Bakery,7,60.8,0.39,2026-08-16
2026-08-16,Thane,SKU3009,Rusk 300g,Bakery,20,51.1,0.57,2026-08-11
2026-08-16,Thane,SKU3010,Fruit Bun,Bakery,6,16.75,0.11,2026-08-12
2026-08-16,Thane,SKU3011,Cheese Danish,Bakery,91,51.85,7.79,2026-08-16
2026-08-16,Thane,SKU3012,Burger Buns 4-pack,Bakery,7,36.0,0.21,2026-08-16
2026-08-16,Thane,SKU3013,Whole Wheat Cookies 250g,Bakery,10,71.5,0.32,2026-08-14
2026-08-16,Thane,SKU3014,Banana Walnut Loaf,Bakery,46,138.6,1.5,2026-08-16
2026-08-16,Thane,SKU3015,Cinnamon Roll,Bakery,26,44.25,0.86,2026-08-15
2026-08-16,Thane,SKU3016,Pizza Base 2-pack,Bakery,34,42.0,1.04,2026-08-16
2026-08-16,Thane,SKU4001,Mineral Water 1L,Beverages,8,15.0,0.5,2026-08-15
2026-08-16,Thane,SKU4002,Orange Juice 1L,Beverages,25,98.75,0.68,2026-08-15
2026-08-16,Thane,SKU4003,Mango Drink 1.2L,Beverages,0,70.2,0.25,2026-08-14
2026-08-16,Thane,SKU4004,Cola 2L,Beverages,7,77.9,0.18,2026-08-09
2026-08-16,Thane,SKU4005,Lemon Soda 750ml,Beverages,36,30.8,0.79,2026-08-16
2026-08-16,Thane,SKU4006,Coconut Water 200ml,Beverages,7,36.0,0.32,2026-08-15
2026-08-16,Thane,SKU4007,Energy Drink 250ml,Beverages,5,85.1,0.32,2026-08-09
2026-08-16,Thane,SKU4008,Cold Coffee 200ml,Beverages,89,38.0,1.54,2026-08-15
2026-08-16,Thane,SKU4009,Buttermilk 500ml,Beverages,7,24.3,0.61,2026-08-16
2026-08-16,Thane,SKU4010,Flavoured Milk 200ml,Beverages,13,28.7,0.36,2026-08-14
2026-08-16,Thane,SKU4011,Green Tea 25 bags,Beverages,74,113.6,2.29,2026-08-16
2026-08-16,Thane,SKU4012,Apple Juice 1L,Beverages,13,106.65,0.36,2026-08-14
2026-08-16,Thane,SKU4013,Soda Water 750ml,Beverages,19,18.25,0.93,2026-08-16
2026-08-16,Thane,SKU4014,Iced Tea 500ml,Beverages,13,45.0,0.57,2026-08-14
2026-08-16,Thane,SKU5001,Herbal Shampoo 340ml,Personal Care,75,178.85,1.46,2026-08-16
2026-08-16,Thane,SKU5002,Anti-dandruff Shampoo 180ml,Personal Care,26,143.28,1.07,2026-08-15
2026-08-16,Thane,SKU5003,Bath Soap 4-pack,Personal Care,6,140.4,0.21,2026-08-15
2026-08-16,Thane,SKU5004,Toothpaste 150g,Personal Care,12,75.24,0.32,2026-08-16
2026-08-16,Thane,SKU5005,Toothbrush Soft,Personal Care,20,26.0,0.68,2026-08-15
2026-08-16,Thane,SKU5006,Face Wash 100ml,Personal Care,41,117.25,0.82,2026-08-16
2026-08-16,Thane,SKU5007,Body Lotion 400ml,Personal Care,22,206.31,0.71,2026-08-16
2026-08-16,Thane,SKU5008,Coconut Hair Oil 500ml,Personal Care,8,145.53,0.29,2026-08-15
2026-08-16,Thane,SKU5009,Hand Wash Refill 750ml,Personal Care,9,81.65,0.39,2026-08-14
2026-08-16,Thane,SKU5010,Deodorant 150ml,Personal Care,13,148.5,0.36,2026-08-13
2026-08-16,Thane,SKU5011,Talcum Powder 300g,Personal Care,6,118.4,0.5,2026-08-15
2026-08-16,Thane,SKU5012,Shaving Foam 200g,Personal Care,20,133.0,1.11,2026-08-15
2026-08-16,Thane,SKU5013,Sanitary Pads 20s,Personal Care,21,142.2,3.43,2026-08-16
2026-08-16,Thane,SKU5014,Lip Balm 4.5g,Personal Care,25,57.0,0.36,2026-08-15
2026-08-16,Thane,SKU5015,Sunscreen SPF50 50ml,Personal Care,63,223.36,1.79,2026-08-16
2026-08-16,Thane,SKU5016,Cotton Buds 100s,Personal Care,6,34.1,0.21,2026-08-05
2026-08-16,Thane,SKU6001,Detergent Powder 4kg,Household,13,414.17,0.75,2026-08-14
2026-08-16,Thane,SKU6002,Liquid Detergent 2L,Household,14,306.99,1.36,2026-08-16
2026-08-16,Thane,SKU6003,Dishwash Bar 3-pack,Household,38,47.4,1.39,2026-08-16
2026-08-16,Thane,SKU6004,Dishwash Gel 750ml,Household,25,110.2,0.71,2026-08-15
2026-08-16,Thane,SKU6005,Floor Cleaner 1L,Household,9,134.25,0.18,2026-08-16
2026-08-16,Thane,SKU6006,Toilet Cleaner 1L,Household,10,117.8,0.36,2026-08-16
2026-08-16,Thane,SKU6007,Glass Cleaner 500ml,Household,17,79.2,1.61,2026-08-16
2026-08-16,Thane,SKU6008,Garbage Bags 30s,Household,8,81.6,0.25,2026-08-16
2026-08-16,Thane,SKU6009,Kitchen Towels 2-roll,Household,89,109.5,1.79,2026-08-16
2026-08-16,Thane,SKU6010,Toilet Rolls 6-pack,Household,36,169.4,2.71,2026-08-16
2026-08-16,Thane,SKU6011,Aluminium Foil 9m,Household,5,73.26,0.14,2026-08-11
2026-08-16,Thane,SKU6012,Scrub Pads 3-pack,Household,3,33.0,0.0,
2026-08-16,Thane,SKU6013,Mosquito Repellent Refill,Household,11,60.35,0.25,2026-08-13
2026-08-16,Thane,SKU6014,Air Freshener 240ml,Household,21,133.33,0.43,2026-08-16
2026-08-16,Thane,SKU6015,Phenyl 1L,Household,12,63.0,0.32,2026-08-14
2026-08-16,Thane,SKU6016,LED Bulb 9W,Household,279,71.5,2.61,2026-08-16
2026-08-23,Andheri,SKU1001,Basmati Rice 5kg,Grocery,12,558.14,0.54,2026-08-23
2026-08-23,Andheri,SKU1002,Sona Masoori Rice 10kg,Grocery,57,703.12,1.61,2026-08-23
2026-08-23,Andheri,SKU1003,Whole Wheat Atta 10kg,Grocery,8,435.21,0.39,2026-08-20
2026-08-23,Andheri,SKU1004,Toor Dal 1kg,Grocery,29,147.03,1.14,2026-08-23
2026-08-23,Andheri,SKU1005,Moong Dal 1kg,Grocery,7,129.63,0.39,2026-08-22
2026-08-23,Andheri,SKU1006,Chana Dal 1kg,Grocery,14,93.74,0.96,2026-08-23
2026-08-23,Andheri,SKU1007,Sugar 1kg,Grocery,21,45.12,0.5,2026-08-23
2026-08-23,Andheri,SKU1008,Iodised Salt 1kg,Grocery,9,22.96,1.07,2026-08-22
2026-08-23,Andheri,SKU1009,Sunflower Oil 1L,Grocery,6,144.69,0.36,2026-08-23
2026-08-23,Andheri,SKU1010,Mustard Oil 1L,Grocery,20,170.1,0.54,2026-08-23
2026-08-23,Andheri,SKU1011,Poha 500g,Grocery,139,36.0,8.21,2026-08-23
2026-08-23,Andheri,SKU1012,Rava 1kg,Grocery,23,50.22,1.21,2026-08-23
2026-08-23,Andheri,SKU1013,Turmeric Powder 200g,Grocery,67,41.76,1.43,2026-08-23
2026-08-23,Andheri,SKU1014,Red Chilli Powder 200g,Grocery,9,52.56,0.11,2026-08-20
2026-08-23,Andheri,SKU1015,Garam Masala 100g,Grocery,12,57.8,0.14,2026-08-20
2026-08-23,Andheri,SKU1016,Groundnuts 500g,Grocery,12,78.85,0.5,2026-08-21
2026-08-23,Andheri,SKU1017,Kabuli Chana 1kg,Grocery,42,118.15,1.29,2026-08-23
2026-08-23,Andheri,SKU1018,Rajma 1kg,Grocery,13,140.25,0.57,2026-08-23
2026-08-23,Andheri,SKU1019,Jaggery 1kg,Grocery,51,66.36,5.96,2026-08-23
2026-08-23,Andheri,SKU1020,Vermicelli 400g,Grocery,10,32.76,0.5,2026-08-22
2026-08-23,Andheri,SKU2001,Instant Noodles 4-pack,FMCG,24,47.04,0.25,2026-08-10
2026-08-23,Andheri,SKU2002,Tomato Ketchup 1kg,FMCG,2,109.81,0.0,
2026-08-23,Andheri,SKU2003,Corn Flakes 875g,FMCG,35,286.18,0.86,2026-08-23
2026-08-23,Andheri,SKU2004,Oats 1kg,FMCG,18,161.19,0.57,2026-08-21
2026-08-23,Andheri,SKU2005,Peanut Butter 340g,FMCG,46,137.83,4.14,2026-08-23
2026-08-23,Andheri,SKU2006,Mixed Fruit Jam 500g,FMCG,43,116.22,0.68,2026-08-21
2026-08-23,Andheri,SKU2007,Glucose Biscuits 800g,FMCG,19,77.4,0.61,2026-08-19
2026-08-23,Andheri,SKU2008,Cream Biscuits 300g,FMCG,2,49.8,0.0,
2026-08-23,Andheri,SKU2009,Potato Chips 150g,FMCG,27,38.0,0.54,2026-08-22
2026-08-23,Andheri,SKU2010,Namkeen Mix 400g,FMCG,6,74.25,0.14,2026-08-05
2026-08-23,Andheri,SKU2011,Dark Chocolate 100g,FMCG,19,84.0,1.0,2026-08-23
2026-08-23,Andheri,SKU2012,Instant Coffee 100g,FMCG,990,239.2,26.36,2026-08-23
2026-08-23,Andheri,SKU2013,Tea Leaves 500g,FMCG,15,217.3,0.36,2026-08-22
2026-08-23,Andheri,SKU2014,Pasta Penne 500g,FMCG,2,85.1,0.0,
2026-08-23,Andheri,SKU2015,Soya Chunks 200g,FMCG,104,33.88,3.32,2026-08-23
2026-08-23,Andheri,SKU2016,Honey 500g,FMCG,28,189.24,0.96,2026-08-23
2026-08-23,Andheri,SKU2017,Pickle Mango 400g,FMCG,20,91.59,1.39,2026-08-21
2026-08-23,Andheri,SKU2018,Baking Soda 100g,FMCG,9,17.5,0.61,2026-08-23
2026-08-23,Andheri,SKU2019,Custard Powder 100g,FMCG,52,34.56,1.61,2026-08-23
2026-08-23,Andheri,SKU2020,Muesli 500g,FMCG,11,256.62,0.54,2026-08-22
2026-08-23,Andheri,SKU3001,Sandwich Bread 400g,Bakery,5,35.1,0.54,2026-08-21
2026-08-23,Andheri,SKU3002,Brown Bread 400g,Bakery,6,41.8,0.14,2026-08-16
2026-08-23,Andheri,SKU3003,Multigrain Bread 400g,Bakery,13,48.1,0.07,2026-08-07
2026-08-23,Andheri,SKU3004,Pav 6-pack,Bakery,11,22.5,0.5,2026-08-22
2026-08-23,Andheri,SKU3005,Butter Croissant,Bakery,85,34.1,6.43,2026-08-23
2026-08-23,Andheri,SKU3006,Chocolate Muffin,Bakery,27,36.0,0.39,2026-08-23
2026-08-23,Andheri,SKU3007,Plum Cake 300g,Bakery,284,118.8,16.18,2026-08-23
2026-08-23,Andheri,SKU3008,Garlic Bread,Bakery,20,60.8,0.75,2026-08-21
2026-08-23,Andheri,SKU3009,Rusk 300g,Bakery,10,51.1,0.68,2026-08-14
2026-08-23,Andheri,SKU3010,Fruit Bun,Bakery,9,16.75,0.5,2026-08-16
2026-08-23,Andheri,SKU3011,Cheese Danish,Bakery,220,51.85,8.61,2026-08-23
2026-08-23,Andheri,SKU3012,Burger Buns 4-pack,Bakery,13,36.0,0.57,2026-08-23
2026-08-23,Andheri,SKU3013,Whole Wheat Cookies 250g,Bakery,9,71.5,0.5,2026-08-20
2026-08-23,Andheri,SKU3014,Banana Walnut Loaf,Bakery,59,138.6,2.07,2026-08-23
2026-08-23,Andheri,SKU3015,Cinnamon Roll,Bakery,12,44.25,0.57,2026-08-20
2026-08-23,Andheri,SKU3016,Pizza Base 2-pack,Bakery,29,42.0,1.25,2026-08-22
2026-08-23,Andheri,SKU4001,Mineral Water 1L,Beverages,23,15.0,0.54,2026-08-23
2026-08-23,Andheri,SKU4002,Orange Juice 1L,Beverages,24,98.75,1.04,2026-08-23
2026-08-23,Andheri,SKU4003,Mango Drink 1.2L,Beverages,14,70.2,0.68,2026-08-23
2026-08-23,Andheri,SKU4004,Cola 2L,Beverages,21,77.9,0.43,2026-08-21
2026-08-23,Andheri,SKU4005,Lemon Soda 750ml,Beverages,21,30.8,0.79,2026-08-23
2026-08-23,Andheri,SKU4006,Coconut Water 200ml,Beverages,10,36.0,0.54,2026-08-22
2026-08-23,Andheri,SKU4007,Energy Drink 250ml,Beverages,26,85.1,0.61,2026-08-21
2026-08-23,Andheri,SKU4008,Cold Coffee 200ml,Beverages,30,38.0,2.21,2026-08-23
2026-08-23,Andheri,SKU4009,Buttermilk 500ml,Beverages,12,24.3,0.5,2026-08-23
2026-08-23,Andheri,SKU4010,Flavoured Milk 200ml,Beverages,25,28.7,1.07,2026-08-23
2026-08-23,Andheri,SKU4011,Green Tea 25 bags,Beverages,158,113.6,2.71,2026-08-23
2026-08-23,Andheri,SKU4012,Apple Juice 1L,Beverages,24,106.65,0.39,2026-08-23
2026-08-23,Andheri,SKU4013,Soda Water 750ml,Beverages,27,18.25,1.32,2026-08-22
2026-08-23,Andheri,SKU4014,Iced Tea 500ml,Beverages,30,45.0,0.54,2026-08-20
2026-08-23,Andheri,SKU5001,Herbal Shampoo 340ml,Personal Care,44,178.85,1.86,2026-08-23
2026-08-23,Andheri,SKU5002,Anti-dandruff Shampoo 180ml,Personal Care,30,143.28,0.93,2026-08-21
2026-08-23,Andheri,SKU5003,Bath Soap 4-pack,Personal Care,17,140.4,0.89,2026-08-23
2026-08-23,Andheri,SKU5004,Toothpaste 150g,Personal Care,21,75.24,0.39,2026-08-20
2026-08-23,Andheri,SKU5005,Toothbrush Soft,Personal Care,70,26.0,1.21,2026-08-19
2026-08-23,Andheri,SKU5006,Face Wash 100ml,Personal Care,23,117.25,1.14,2026-08-23
2026-08-23,Andheri,SKU5007,Body Lotion 400ml,Personal Care,28,206.31,0.79,2026-08-23
2026-08-23,Andheri,SKU5008,Coconut Hair Oil 500ml,Personal Care,37,145.53,0.46,2026-08-22
2026-08-23,Andheri,SKU5009,Hand Wash Refill 750ml,Personal Care,26,81.65,0.46,2026-08-23
2026-08-23,Andheri,SKU5010,Deodorant 150ml,Personal Care,9,148.5,0.29,2026-08-15
2026-08-23,Andheri,SKU5011,Talcum Powder 300g,Personal Care,9,118.4,0.57,2026-08-19
2026-08-23,Andheri,SKU5012,Shaving Foam 200g,Personal Care,19,133.0,0.29,2026-08-18
2026-08-23,Andheri,SKU5013,Sanitary Pads 20s,Personal Care,77,142.2,5.18,2026-08-23
2026-08-23,Andheri,SKU5014,Lip Balm 4.5g,Personal Care,2,57.0,0.11,2026-08-22
2026-08-23,Andheri,SKU5015,Sunscreen SPF50 50ml,Personal Care,51,223.36,2.11,2026-08-23
2026-08-23,Andheri,SKU5016,Cotton Buds 100s,Personal Care,5,34.1,0.18,2026-08-16
2026-08-23,Andheri,SKU6001,Detergent Powder 4kg,Household,41,414.17,0.61,2026-08-19
2026-08-23,Andheri,SKU6002,Liquid Detergent 2L,Household,35,306.99,1.57,2026-08-23
2026-08-23,Andheri,SKU6003,Dishwash Bar 3-pack,Household,18,47.4,1.14,2026-08-23
2026-08-23,Andheri,SKU6004,Dishwash Gel 750ml,Household,54,110.2,1.14,2026-08-23
2026-08-23,Andheri,SKU6005,Floor Cleaner 1L,Household,13,134.25,0.54,2026-08-23
2026-08-23,Andheri,SKU6006,Toilet Cleaner 1L,Household,19,117.8,0.89,2026-08-23
2026-08-23,Andheri,SKU6007,Glass Cleaner 500ml,Household,48,79.2,2.5,2026-08-23
2026-08-23,Andheri,SKU6008,Garbage Bags 30s,Household,16,81.6,0.61,2026-08-23
2026-08-23,Andheri,SKU6009,Kitchen Towels 2-roll,Household,60,109.5,1.46,2026-08-23
2026-08-23,Andheri,SKU6010,Toilet Rolls 6-pack,Household,173,169.4,2.36,2026-08-23
2026-08-23,Andheri,SKU6011,Aluminium Foil 9m,Household,15,73.26,0.32,2026-08-19
2026-08-23,Andheri,SKU6012,Scrub Pads 3-pack,Household,2,33.0,0.0,
2026-08-23,Andheri,SKU6013,Mosquito Repellent Refill,Household,22,60.35,0.39,2026-08-21
2026-08-23,Andheri,SKU6014,Air Freshener 240ml,Household,45,133.33,1.14,2026-08-21
2026-08-23,Andheri,SKU6015,Phenyl 1L,Household,11,63.0,0.32,2026-08-18
2026-08-23,Andheri,SKU6016,LED Bulb 9W,Household,39,71.5,2.25,2026-08-23
2026-08-23,Mumbai Central,SKU1001,Basmati Rice 5kg,Grocery,21,558.14,0.79,2026-08-17
2026-08-23,Mumbai Central,SKU1002,Sona Masoori Rice 10kg,Grocery,40,703.12,1.89,2026-08-23
2026-08-23,Mumbai Central,SKU1003,Whole Wheat Atta 10kg,Grocery,31,435.21,0.71,2026-08-17
2026-08-23,Mumbai Central,SKU1004,Toor Dal 1kg,Grocery,20,147.03,1.68,2026-08-23
2026-08-23,Mumbai Central,SKU1005,Moong Dal 1kg,Grocery,55,129.63,1.43,2026-08-23
2026-08-23,Mumbai Central,SKU1006,Chana Dal 1kg,Grocery,14,93.74,0.32,2026-08-10
2026-08-23,Mumbai Central,SKU1007,Sugar 1kg,Grocery,47,45.12,0.96,2026-08-23
2026-08-23,Mumbai Central,SKU1008,Iodised Salt 1kg,Grocery,36,22.96,1.07,2026-08-22
2026-08-23,Mumbai Central,SKU1009,Sunflower Oil 1L,Grocery,8,144.69,0.21,2026-08-11
2026-08-23,Mumbai Central,SKU1010,Mustard Oil 1L,Grocery,10,170.1,0.32,2026-08-16
2026-08-23,Mumbai Central,SKU1011,Poha 500g,Grocery,225,36.0,11.11,2026-08-23
2026-08-23,Mumbai Central,SKU1012,Rava 1kg,Grocery,75,50.22,1.36,2026-08-23
2026-08-23,Mumbai Central,SKU1013,Turmeric Powder 200g,Grocery,16,41.76,1.5,2026-08-22
2026-08-23,Mumbai Central,SKU1014,Red Chilli Powder 200g,Grocery,8,52.56,0.5,2026-08-22
2026-08-23,Mumbai Central,SKU1015,Garam Masala 100g,Grocery,33,57.8,0.79,2026-08-13
2026-08-23,Mumbai Central,SKU1016,Groundnuts 500g,Grocery,7,78.85,0.04,2026-08-14
2026-08-23,Mumbai Central,SKU1017,Kabuli Chana 1kg,Grocery,40,118.15,0.54,2026-08-19
2026-08-23,Mumbai Central,SKU1018,Rajma 1kg,Grocery,14,140.25,0.57,2026-08-23
2026-08-23,Mumbai Central,SKU1019,Jaggery 1kg,Grocery,116,66.36,5.25,2026-08-23
2026-08-23,Mumbai Central,SKU1020,Vermicelli 400g,Grocery,17,32.76,0.29,2026-08-20
2026-08-23,Mumbai Central,SKU2001,Instant Noodles 4-pack,FMCG,10,47.04,0.25,2026-08-21
2026-08-23,Mumbai Central,SKU2002,Tomato Ketchup 1kg,FMCG,2,109.81,0.0,
2026-08-23,Mumbai Central,SKU2003,Corn Flakes 875g,FMCG,27,286.18,1.43,2026-08-23
2026-08-23,Mumbai Central,SKU2004,Oats 1kg,FMCG,14,161.19,0.36,2026-08-13
2026-08-23,Mumbai Central,SKU2005,Peanut Butter 340g,FMCG,44,137.83,4.71,2026-08-23
2026-08-23,Mumbai Central,SKU2006,Mixed Fruit Jam 500g,FMCG,39,116.22,0.82,2026-08-22
2026-08-23,Mumbai Central,SKU2007,Glucose Biscuits 800g,FMCG,9,77.4,0.25,2026-08-18
2026-08-23,Mumbai Central,SKU2008,Cream Biscuits 300g,FMCG,0,49.8,0.0,
2026-08-23,Mumbai Central,SKU2009,Potato Chips 150g,FMCG,10,38.0,0.5,2026-08-20
2026-08-23,Mumbai Central,SKU2010,Namkeen Mix 400g,FMCG,14,74.25,0.43,2026-08-22
2026-08-23,Mumbai Central,SKU2011,Dark Chocolate 100g,FMCG,38,84.0,0.75,2026-08-23
2026-08-23,Mumbai Central,SKU2012,Instant Coffee 100g,FMCG,295,239.2,24.21,2026-08-23
2026-08-23,Mumbai Central,SKU2013,Tea Leaves 500g,FMCG,42,217.3,0.68,2026-08-22
2026-08-23,Mumbai Central,SKU2014,Pasta Penne 500g,FMCG,0,85.1,0.0,
2026-08-23,Mumbai Central,SKU2015,Soya Chunks 200g,FMCG,44,33.88,2.93,2026-08-22
2026-08-23,Mumbai Central,SKU2016,Honey 500g,FMCG,20,189.24,1.07,2026-08-22
2026-08-23,Mumbai Central,SKU2017,Pickle Mango 400g,FMCG,24,91.59,0.71,2026-08-23
2026-08-23,Mumbai Central,SKU2018,Baking Soda 100g,FMCG,19,17.5,0.86,2026-08-22
2026-08-23,Mumbai Central,SKU2019,Custard Powder 100g,FMCG,56,34.56,1.57,2026-08-22
2026-08-23,Mumbai Central,SKU2020,Muesli 500g,FMCG,30,256.62,1.11,2026-08-20
2026-08-23,Mumbai Central,SKU3001,Sandwich Bread 400g,Bakery,26,35.1,0.43,2026-08-17
2026-08-23,Mumbai Central,SKU3002,Brown Bread 400g,Bakery,3,41.8,0.0,
2026-08-23,Mumbai Central,SKU3003,Multigrain Bread 400g,Bakery,5,48.1,0.0,
2026-08-23,Mumbai Central,SKU3004,Pav 6-pack,Bakery,20,22.5,0.64,2026-08-15
2026-08-23,Mumbai Central,SKU3005,Butter Croissant,Bakery,73,34.1,7.21,2026-08-23
2026-08-23,Mumbai Central,SKU3006,Chocolate Muffin,Bakery,22,36.0,0.89,2026-08-19
2026-08-23,Mumbai Central,SKU3007,Plum Cake 300g,Bakery,204,118.8,21.21,2026-08-23
2026-08-23,Mumbai Central,SKU3008,Garlic Bread,Bakery,27,60.8,1.07,2026-08-22
2026-08-23,Mumbai Central,SKU3009,Rusk 300g,Bakery,13,51.1,0.36,2026-08-08
2026-08-23,Mumbai Central,SKU3010,Fruit Bun,Bakery,15,16.75,1.0,2026-08-23
2026-08-23,Mumbai Central,SKU3011,Cheese Danish,Bakery,157,51.85,11.5,2026-08-23
2026-08-23,Mumbai Central,SKU3012,Burger Buns 4-pack,Bakery,0,36.0,1.21,2026-08-23
2026-08-23,Mumbai Central,SKU3013,Whole Wheat Cookies 250g,Bakery,5,71.5,0.29,2026-08-20
2026-08-23,Mumbai Central,SKU3014,Banana Walnut Loaf,Bakery,112,138.6,2.32,2026-08-23
2026-08-23,Mumbai Central,SKU3015,Cinnamon Roll,Bakery,17,44.25,0.46,2026-08-12
2026-08-23,Mumbai Central,SKU3016,Pizza Base 2-pack,Bakery,9,42.0,1.0,2026-08-22
2026-08-23,Mumbai Central,SKU4001,Mineral Water 1L,Beverages,4,15.0,0.36,2026-08-22
2026-08-23,Mumbai Central,SKU4002,Orange Juice 1L,Beverages,18,98.75,1.18,2026-08-23
2026-08-23,Mumbai Central,SKU4003,Mango Drink 1.2L,Beverages,12,70.2,0.68,2026-08-15
2026-08-23,Mumbai Central,SKU4004,Cola 2L,Beverages,15,77.9,0.5,2026-08-23
2026-08-23,Mumbai Central,SKU4005,Lemon Soda 750ml,Beverages,38,30.8,2.04,2026-08-23
2026-08-23,Mumbai Central,SKU4006,Coconut Water 200ml,Beverages,11,36.0,0.29,2026-08-21
2026-08-23,Mumbai Central,SKU4007,Energy Drink 250ml,Beverages,7,85.1,0.39,2026-08-23
2026-08-23,Mumbai Central,SKU4008,Cold Coffee 200ml,Beverages,42,38.0,1.89,2026-08-23
2026-08-23,Mumbai Central,SKU4009,Buttermilk 500ml,Beverages,17,24.3,0.71,2026-08-23
2026-08-23,Mumbai Central,SKU4010,Flavoured Milk 200ml,Beverages,19,28.7,0.71,2026-08-21
2026-08-23,Mumbai Central,SKU4011,Green Tea 25 bags,Beverages,88,113.6,3.0,2026-08-23
2026-08-23,Mumbai Central,SKU4012,Apple Juice 1L,Beverages,16,106.65,0.46,2026-08-20
2026-08-23,Mumbai Central,SKU4013,Soda Water 750ml,Beverages,32,18.25,0.89,2026-08-22
2026-08-23,Mumbai Central,SKU4014,Iced Tea 500ml,Beverages,15,45.0,0.32,2026-08-19
2026-08-23,Mumbai Central,SKU5001,Herbal Shampoo 340ml,Personal Care,20,178.85,1.96,2026-08-23
2026-08-23,Mumbai Central,SKU5002,Anti-dandruff Shampoo 180ml,Personal Care,52,143.28,1.68,2026-08-21
2026-08-23,Mumbai Central,SKU5003,Bath Soap 4-pack,Personal Care,11,140.4,0.54,2026-08-20
2026-08-23,Mumbai Central,SKU5004,Toothpaste 150g,Personal Care,24,75.24,0.86,2026-08-22
2026-08-23,Mumbai Central,SKU5005,Toothbrush Soft,Personal Care,35,26.0,1.25,2026-08-20
2026-08-23,Mumbai Central,SKU5006,Face Wash 100ml,Personal Care,18,117.25,1.29,2026-08-23
2026-08-23,Mumbai Central,SKU5007,Body Lotion 400ml,Personal Care,19,206.31,0.57,2026-08-23
2026-08-23,Mumbai Central,SKU5008,Coconut Hair Oil 500ml,Personal Care,17,145.53,0.68,2026-08-17
2026-08-23,Mumbai Central,SKU5009,Hand Wash Refill 750ml,Personal Care,13,81.65,0.29,2026-08-20
2026-08-23,Mumbai Central,SKU5010,Deodorant 150ml,Personal Care,10,148.5,0.18,2026-08-18
2026-08-23,Mumbai Central,SKU5011,Talcum Powder 300g,Personal Care,22,118.4,0.64,2026-08-23
2026-08-23,Mumbai Central,SKU5012,Shaving Foam 200g,Personal Care,17,133.0,0.54,2026-08-22
2026-08-23,Mumbai Central,SKU5013,Sanitary Pads 20s,Personal Care,42,142.2,5.21,2026-08-23
2026-08-23,Mumbai Central,SKU5014,Lip Balm 4.5g,Personal Care,19,57.0,0.54,2026-08-23
2026-08-23,Mumbai Central,SKU5015,Sunscreen SPF50 50ml,Personal Care,75,223.36,2.89,2026-08-22
2026-08-23,Mumbai Central,SKU5016,Cotton Buds 100s,Personal Care,23,34.1,0.25,2026-08-16
2026-08-23,Mumbai Central,SKU6001,Detergent Powder 4kg,Household,28,414.17,0.79,2026-08-23
2026-08-23,Mumbai Central,SKU6002,Liquid Detergent 2L,Household,57,306.99,1.5,2026-08-20
2026-08-23,Mumbai Central,SKU6003,Dishwash Bar 3-pack,Household,84,47.4,2.21,2026-08-23
2026-08-23,Mumbai Central,SKU6004,Dishwash Gel 750ml,Household,35,110.2,1.46,2026-08-23
2026-08-23,Mumbai Central,SKU6005,Floor Cleaner 1L,Household,10,134.25,0.68,2026-08-20
2026-08-23,Mumbai Central,SKU6006,Toilet Cleaner 1L,Household,18,117.8,0.57,2026-08-21
2026-08-23,Mumbai Central,SKU6007,Glass Cleaner 500ml,Household,52,79.2,1.71,2026-08-23
2026-08-23,Mumbai Central,SKU6008,Garbage Bags 30s,Household,16,81.6,0.68,2026-08-23
2026-08-23,Mumbai Central,SKU6009,Kitchen Towels 2-roll,Household,18,109.5,2.32,2026-08-23
2026-08-23,Mumbai Central,SKU6010,Toilet Rolls 6-pack,Household,46,169.4,3.39,2026-08-23
2026-08-23,Mumbai Central,SKU6011,Aluminium Foil 9m,Household,11,73.26,0.46,2026-08-20
2026-08-23,Mumbai Central,SKU6012,Scrub Pads 3-pack,Household,0,33.0,0.0,
2026-08-23,Mumbai Central,SKU6013,Mosquito Repellent Refill,Household,11,60.35,0.5,2026-08-20
2026-08-23,Mumbai Central,SKU6014,Air Freshener 240ml,Household,47,133.33,0.46,2026-08-20
2026-08-23,Mumbai Central,SKU6015,Phenyl 1L,Household,13,63.0,0.36,2026-08-16
2026-08-23,Mumbai Central,SKU6016,LED Bulb 9W,Household,66,71.5,3.32,2026-08-23
2026-08-23,Navi Mumbai,SKU1001,Basmati Rice 5kg,Grocery,14,558.14,0.39,2026-08-22
2026-08-23,Navi Mumbai,SKU1002,Sona Masoori Rice 10kg,Grocery,0,703.12,0.75,2026-08-17
2026-08-23,Navi Mumbai,SKU1003,Whole Wheat Atta 10kg,Grocery,7,435.21,0.21,2026-08-23
2026-08-23,Navi Mumbai,SKU1004,Toor Dal 1kg,Grocery,22,147.03,0.82,2026-08-22
2026-08-23,Navi Mumbai,SKU1005,Moong Dal 1kg,Grocery,17,129.63,0.32,2026-08-23
2026-08-23,Navi Mumbai,SKU1006,Chana Dal 1kg,Grocery,22,93.74,0.5,2026-08-19
2026-08-23,Navi Mumbai,SKU1007,Sugar 1kg,Grocery,7,45.12,0.21,2026-08-21
2026-08-23,Navi Mumbai,SKU1008,Iodised Salt 1kg,Grocery,14,22.96,0.61,2026-08-21
2026-08-23,Navi Mumbai,SKU1009,Sunflower Oil 1L,Grocery,12,144.69,0.21,2026-08-23
2026-08-23,Navi Mumbai,SKU1010,Mustard Oil 1L,Grocery,8,170.1,0.25,2026-08-16
2026-08-23,Navi Mumbai,SKU1011,Poha 500g,Grocery,232,36.0,5.21,2026-08-23
2026-08-23,Navi Mumbai,SKU1012,Rava 1kg,Grocery,9,50.22,0.82,2026-08-20
2026-08-23,Navi Mumbai,SKU1013,Turmeric Powder 200g,Grocery,45,41.76,0.79,2026-08-22
2026-08-23,Navi Mumbai,SKU1014,Red Chilli Powder 200g,Grocery,19,52.56,0.36,2026-08-23
2026-08-23,Navi Mumbai,SKU1015,Garam Masala 100g,Grocery,7,57.8,0.32,2026-08-23
2026-08-23,Navi Mumbai,SKU1016,Groundnuts 500g,Grocery,10,78.85,0.25,2026-08-23
2026-08-23,Navi Mumbai,SKU1017,Kabuli Chana 1kg,Grocery,13,118.15,0.46,2026-08-17
2026-08-23,Navi Mumbai,SKU1018,Rajma 1kg,Grocery,5,140.25,0.11,2026-08-15
2026-08-23,Navi Mumbai,SKU1019,Jaggery 1kg,Grocery,90,66.36,3.0,2026-08-23
2026-08-23,Navi Mumbai,SKU1020,Vermicelli 400g,Grocery,7,32.76,0.14,2026-08-16
2026-08-23,Navi Mumbai,SKU2001,Instant Noodles 4-pack,FMCG,7,47.04,0.18,2026-08-18
2026-08-23,Navi Mumbai,SKU2002,Tomato Ketchup 1kg,FMCG,3,109.81,0.0,
2026-08-23,Navi Mumbai,SKU2003,Corn Flakes 875g,FMCG,9,286.18,1.18,2026-08-20
2026-08-23,Navi Mumbai,SKU2004,Oats 1kg,FMCG,11,161.19,0.46,2026-08-22
2026-08-23,Navi Mumbai,SKU2005,Peanut Butter 340g,FMCG,52,137.83,2.36,2026-08-23
2026-08-23,Navi Mumbai,SKU2006,Mixed Fruit Jam 500g,FMCG,11,116.22,0.57,2026-08-17
2026-08-23,Navi Mumbai,SKU2007,Glucose Biscuits 800g,FMCG,27,77.4,0.36,2026-08-12
2026-08-23,Navi Mumbai,SKU2008,Cream Biscuits 300g,FMCG,0,49.8,0.0,
2026-08-23,Navi Mumbai,SKU2009,Potato Chips 150g,FMCG,10,38.0,0.21,2026-08-23
2026-08-23,Navi Mumbai,SKU2010,Namkeen Mix 400g,FMCG,8,74.25,0.14,2026-08-11
2026-08-23,Navi Mumbai,SKU2011,Dark Chocolate 100g,FMCG,26,84.0,0.71,2026-08-16
2026-08-23,Navi Mumbai,SKU2012,Instant Coffee 100g,FMCG,469,239.2,14.68,2026-08-23
2026-08-23,Navi Mumbai,SKU2013,Tea Leaves 500g,FMCG,12,217.3,0.29,2026-08-21
2026-08-23,Navi Mumbai,SKU2014,Pasta Penne 500g,FMCG,4,85.1,0.0,
2026-08-23,Navi Mumbai,SKU2015,Soya Chunks 200g,FMCG,86,33.88,1.32,2026-08-23
2026-08-23,Navi Mumbai,SKU2016,Honey 500g,FMCG,0,189.24,1.07,2026-08-23
2026-08-23,Navi Mumbai,SKU2017,Pickle Mango 400g,FMCG,14,91.59,0.21,2026-08-18
2026-08-23,Navi Mumbai,SKU2018,Baking Soda 100g,FMCG,5,17.5,0.21,2026-08-15
2026-08-23,Navi Mumbai,SKU2019,Custard Powder 100g,FMCG,14,34.56,1.04,2026-08-23
2026-08-23,Navi Mumbai,SKU2020,Muesli 500g,FMCG,16,256.62,0.39,2026-08-23
2026-08-23,Navi Mumbai,SKU3001,Sandwich Bread 400g,Bakery,23,35.1,0.46,2026-08-21
2026-08-23,Navi Mumbai,SKU3002,Brown Bread 400g,Bakery,1,41.8,0.0,
2026-08-23,Navi Mumbai,SKU3003,Multigrain Bread 400g,Bakery,5,48.1,0.0,
2026-08-23,Navi Mumbai,SKU3004,Pav 6-pack,Bakery,9,22.5,0.5,2026-08-22
2026-08-23,Navi Mumbai,SKU3005,Butter Croissant,Bakery,121,34.1,3.93,2026-08-21
2026-08-23,Navi Mumbai,SKU3006,Chocolate Muffin,Bakery,9,36.0,0.32,2026-08-23
2026-08-23,Navi Mumbai,SKU3007,Plum Cake 300g,Bakery,439,118.8,10.68,2026-08-23
2026-08-23,Navi Mumbai,SKU3008,Garlic Bread,Bakery,17,60.8,0.64,2026-08-23
2026-08-23,Navi Mumbai,SKU3009,Rusk 300g,Bakery,12,51.1,0.54,2026-08-19
2026-08-23,Navi Mumbai,SKU3010,Fruit Bun,Bakery,16,16.75,0.71,2026-08-23
2026-08-23,Navi Mumbai,SKU3011,Cheese Danish,Bakery,79,51.85,4.86,2026-08-23
2026-08-23,Navi Mumbai,SKU3012,Burger Buns 4-pack,Bakery,8,36.0,0.18,2026-08-23
2026-08-23,Navi Mumbai,SKU3013,Whole Wheat Cookies 250g,Bakery,15,71.5,0.43,2026-08-17
2026-08-23,Navi Mumbai,SKU3014,Banana Walnut Loaf,Bakery,32,138.6,1.11,2026-08-22
2026-08-23,Navi Mumbai,SKU3015,Cinnamon Roll,Bakery,2,44.25,0.07,2026-07-29
2026-08-23,Navi Mumbai,SKU3016,Pizza Base 2-pack,Bakery,38,42.0,0.75,2026-08-23
2026-08-23,Navi Mumbai,SKU4001,Mineral Water 1L,Beverages,12,15.0,0.25,2026-08-19
2026-08-23,Navi Mumbai,SKU4002,Orange Juice 1L,Beverages,26,98.75,0.82,2026-08-20
2026-08-23,Navi Mumbai,SKU4003,Mango Drink 1.2L,Beverages,10,70.2,0.43,2026-08-21
2026-08-23,Navi Mumbai,SKU4004,Cola 2L,Beverages,12,77.9,0.36,2026-08-20
2026-08-23,Navi Mumbai,SKU4005,Lemon Soda 750ml,Beverages,29,30.8,1.18,2026-08-23
2026-08-23,Navi Mumbai,SKU4006,Coconut Water 200ml,Beverages,7,36.0,0.29,2026-08-18
2026-08-23,Navi Mumbai,SKU4007,Energy Drink 250ml,Beverages,7,85.1,0.29,2026-08-20
2026-08-23,Navi Mumbai,SKU4008,Cold Coffee 200ml,Beverages,21,38.0,1.32,2026-08-23
2026-08-23,Navi Mumbai,SKU4009,Buttermilk 500ml,Beverages,17,24.3,0.32,2026-08-23
2026-08-23,Navi Mumbai,SKU4010,Flavoured Milk 200ml,Beverages,9,28.7,0.29,2026-08-19
2026-08-23,Navi Mumbai,SKU4011,Green Tea 25 bags,Beverages,35,113.6,1.11,2026-08-23
2026-08-23,Navi Mumbai,SKU4012,Apple Juice 1L,Beverages,7,106.65,0.18,2026-08-22
2026-08-23,Navi Mumbai,SKU4013,Soda Water 750ml,Beverages,11,18.25,0.75,2026-08-22
2026-08-23,Navi Mumbai,SKU4014,Iced Tea 500ml,Beverages,19,45.0,0.43,2026-08-23
2026-08-23,Navi Mumbai,SKU5001,Herbal Shampoo 340ml,Personal Care,20,178.85,1.21,2026-08-19
2026-08-23,Navi Mumbai,SKU5002,Anti-dandruff Shampoo 180ml,Personal Care,15,143.28,0.14,2026-08-18
2026-08-23,Navi Mumbai,SKU5003,Bath Soap 4-pack,Personal Care,8,140.4,0.46,2026-08-22
2026-08-23,Navi Mumbai,SKU5004,Toothpaste 150g,Personal Care,7,75.24,0.18,2026-08-09
2026-08-23,Navi Mumbai,SKU5005,Toothbrush Soft,Personal Care,13,26.0,0.61,2026-08-18
2026-08-23,Navi Mumbai,SKU5006,Face Wash 100ml,Personal Care,11,117.25,0.82,2026-08-23
2026-08-23,Navi Mumbai,SKU5007,Body Lotion 400ml,Personal Care,24,206.31,0.21,2026-08-13
2026-08-23,Navi Mumbai,SKU5008,Coconut Hair Oil 500ml,Personal Care,10,145.53,0.25,2026-08-23
2026-08-23,Navi Mumbai,SKU5009,Hand Wash Refill 750ml,Personal Care,7,81.65,0.25,2026-08-20
2026-08-23,Navi Mumbai,SKU5010,Deodorant 150ml,Personal Care,10,148.5,0.32,2026-08-23
2026-08-23,Navi Mumbai,SKU5011,Talcum Powder 300g,Personal Care,4,118.4,0.14,2026-08-23
2026-08-23,Navi Mumbai,SKU5012,Shaving Foam 200g,Personal Care,24,133.0,0.75,2026-08-22
2026-08-23,Navi Mumbai,SKU5013,Sanitary Pads 20s,Personal Care,40,142.2,2.82,2026-08-23
2026-08-23,Navi Mumbai,SKU5014,Lip Balm 4.5g,Personal Care,12,57.0,0.18,2026-08-21
2026-08-23,Navi Mumbai,SKU5015,Sunscreen SPF50 50ml,Personal Care,51,223.36,1.04,2026-08-23
2026-08-23,Navi Mumbai,SKU5016,Cotton Buds 100s,Personal Care,9,34.1,0.32,2026-08-23
2026-08-23,Navi Mumbai,SKU6001,Detergent Powder 4kg,Household,47,414.17,0.39,2026-08-21
2026-08-23,Navi Mumbai,SKU6002,Liquid Detergent 2L,Household,8,306.99,0.61,2026-08-23
2026-08-23,Navi Mumbai,SKU6003,Dishwash Bar 3-pack,Household,20,47.4,1.68,2026-08-20
2026-08-23,Navi Mumbai,SKU6004,Dishwash Gel 750ml,Household,0,110.2,0.32,2026-08-23
2026-08-23,Navi Mumbai,SKU6005,Floor Cleaner 1L,Household,10,134.25,0.39,2026-08-15
2026-08-23,Navi Mumbai,SKU6006,Toilet Cleaner 1L,Household,18,117.8,0.46,2026-08-17
2026-08-23,Navi Mumbai,SKU6007,Glass Cleaner 500ml,Household,87,79.2,2.29,2026-08-23
2026-08-23,Navi Mumbai,SKU6008,Garbage Bags 30s,Household,16,81.6,0.36,2026-08-23
2026-08-23,Navi Mumbai,SKU6009,Kitchen Towels 2-roll,Household,28,109.5,1.21,2026-08-23
2026-08-23,Navi Mumbai,SKU6010,Toilet Rolls 6-pack,Household,18,169.4,1.68,2026-08-23
2026-08-23,Navi Mumbai,SKU6011,Aluminium Foil 9m,Household,5,73.26,0.25,2026-08-18
2026-08-23,Navi Mumbai,SKU6012,Scrub Pads 3-pack,Household,4,33.0,0.07,2026-08-16
2026-08-23,Navi Mumbai,SKU6013,Mosquito Repellent Refill,Household,17,60.35,0.29,2026-08-16
2026-08-23,Navi Mumbai,SKU6014,Air Freshener 240ml,Household,7,133.33,0.46,2026-08-23
2026-08-23,Navi Mumbai,SKU6015,Phenyl 1L,Household,13,63.0,0.39,2026-08-18
2026-08-23,Navi Mumbai,SKU6016,LED Bulb 9W,Household,57,71.5,2.21,2026-08-23
2026-08-23,Powai,SKU1001,Basmati Rice 5kg,Grocery,8,558.14,0.32,2026-08-22
2026-08-23,Powai,SKU1002,Sona Masoori Rice 10kg,Grocery,25,703.12,0.89,2026-08-22
2026-08-23,Powai,SKU1003,Whole Wheat Atta 10kg,Grocery,16,435.21,0.5,2026-08-13
2026-08-23,Powai,SKU1004,Toor Dal 1kg,Grocery,52,147.03,1.64,2026-08-21
2026-08-23,Powai,SKU1005,Moong Dal 1kg,Grocery,11,129.63,0.89,2026-08-23
2026-08-23,Powai,SKU1006,Chana Dal 1kg,Grocery,16,93.74,0.43,2026-08-22
2026-08-23,Powai,SKU1007,Sugar 1kg,Grocery,42,45.12,0.96,2026-08-21
2026-08-23,Powai,SKU1008,Iodised Salt 1kg,Grocery,24,22.96,0.61,2026-08-23
2026-08-23,Powai,SKU1009,Sunflower Oil 1L,Grocery,6,144.69,0.18,2026-08-22
2026-08-23,Powai,SKU1010,Mustard Oil 1L,Grocery,7,170.1,0.07,2026-07-29
2026-08-23,Powai,SKU1011,Poha 500g,Grocery,168,36.0,5.93,2026-08-23
2026-08-23,Powai,SKU1012,Rava 1kg,Grocery,14,50.22,0.39,2026-08-23
2026-08-23,Powai,SKU1013,Turmeric Powder 200g,Grocery,27,41.76,1.14,2026-08-23
2026-08-23,Powai,SKU1014,Red Chilli Powder 200g,Grocery,19,52.56,0.54,2026-08-19
2026-08-23,Powai,SKU1015,Garam Masala 100g,Grocery,7,57.8,0.14,2026-08-23
2026-08-23,Powai,SKU1016,Groundnuts 500g,Grocery,6,78.85,0.18,2026-08-15
2026-08-23,Powai,SKU1017,Kabuli Chana 1kg,Grocery,12,118.15,0.32,2026-08-19
2026-08-23,Powai,SKU1018,Rajma 1kg,Grocery,22,140.25,0.64,2026-08-20
2026-08-23,Powai,SKU1019,Jaggery 1kg,Grocery,110,66.36,5.64,2026-08-23
2026-08-23,Powai,SKU1020,Vermicelli 400g,Grocery,0,32.76,0.0,2026-07-22
2026-08-23,Powai,SKU2001,Instant Noodles 4-pack,FMCG,11,47.04,0.29,2026-08-23
2026-08-23,Powai,SKU2002,Tomato Ketchup 1kg,FMCG,2,109.81,0.0,
2026-08-23,Powai,SKU2003,Corn Flakes 875g,FMCG,17,286.18,0.75,2026-08-23
2026-08-23,Powai,SKU2004,Oats 1kg,FMCG,13,161.19,0.32,2026-08-23
2026-08-23,Powai,SKU2005,Peanut Butter 340g,FMCG,95,137.83,3.64,2026-08-23
2026-08-23,Powai,SKU2006,Mixed Fruit Jam 500g,FMCG,7,116.22,0.29,2026-08-19
2026-08-23,Powai,SKU2007,Glucose Biscuits 800g,FMCG,4,77.4,0.18,2026-08-23
2026-08-23,Powai,SKU2008,Cream Biscuits 300g,FMCG,1,49.8,0.0,
2026-08-23,Powai,SKU2009,Potato Chips 150g,FMCG,9,38.0,0.29,2026-08-06
2026-08-23,Powai,SKU2010,Namkeen Mix 400g,FMCG,19,74.25,0.54,2026-08-22
2026-08-23,Powai,SKU2011,Dark Chocolate 100g,FMCG,19,84.0,0.96,2026-08-22
2026-08-23,Powai,SKU2012,Instant Coffee 100g,FMCG,1189,239.2,18.54,2026-08-23
2026-08-23,Powai,SKU2013,Tea Leaves 500g,FMCG,16,217.3,0.36,2026-08-18
2026-08-23,Powai,SKU2014,Pasta Penne 500g,FMCG,3,85.1,0.0,
2026-08-23,Powai,SKU2015,Soya Chunks 200g,FMCG,51,33.88,2.54,2026-08-23
2026-08-23,Powai,SKU2016,Honey 500g,FMCG,17,189.24,0.75,2026-08-22
2026-08-23,Powai,SKU2017,Pickle Mango 400g,FMCG,25,91.59,0.5,2026-08-18
2026-08-23,Powai,SKU2018,Baking Soda 100g,FMCG,7,17.5,0.43,2026-08-19
2026-08-23,Powai,SKU2019,Custard Powder 100g,FMCG,28,34.56,1.04,2026-08-22
2026-08-23,Powai,SKU2020,Muesli 500g,FMCG,31,256.62,0.82,2026-08-23
2026-08-23,Powai,SKU3001,Sandwich Bread 400g,Bakery,7,35.1,0.21,2026-08-16
2026-08-23,Powai,SKU3002,Brown Bread 400g,Bakery,1,41.8,0.0,
2026-08-23,Powai,SKU3003,Multigrain Bread 400g,Bakery,0,48.1,0.0,
2026-08-23,Powai,SKU3004,Pav 6-pack,Bakery,22,22.5,0.54,2026-08-21
2026-08-23,Powai,SKU3005,Butter Croissant,Bakery,85,34.1,6.82,2026-08-23
2026-08-23,Powai,SKU3006,Chocolate Muffin,Bakery,16,36.0,0.75,2026-08-17
2026-08-23,Powai,SKU3007,Plum Cake 300g,Bakery,329,118.8,12.71,2026-08-23
2026-08-23,Powai,SKU3008,Garlic Bread,Bakery,13,60.8,0.25,2026-07-30
2026-08-23,Powai,SKU3009,Rusk 300g,Bakery,33,51.1,0.79,2026-08-22
2026-08-23,Powai,SKU3010,Fruit Bun,Bakery,41,16.75,0.96,2026-08-23
2026-08-23,Powai,SKU3011,Cheese Danish,Bakery,0,51.85,9.25,2026-08-23
2026-08-23,Powai,SKU3012,Burger Buns 4-pack,Bakery,10,36.0,0.39,2026-08-18
2026-08-23,Powai,SKU3013,Whole Wheat Cookies 250g,Bakery,4,71.5,0.36,2026-08-20
2026-08-23,Powai,SKU3014,Banana Walnut Loaf,Bakery,31,138.6,2.14,2026-08-22
2026-08-23,Powai,SKU3015,Cinnamon Roll,Bakery,12,44.25,0.29,2026-08-23
2026-08-23,Powai,SKU3016,Pizza Base 2-pack,Bakery,13,42.0,1.07,2026-08-22
2026-08-23,Powai,SKU4001,Mineral Water 1L,Beverages,9,15.0,0.07,2026-08-22
2026-08-23,Powai,SKU4002,Orange Juice 1L,Beverages,9,98.75,0.93,2026-08-22
2026-08-23,Powai,SKU4003,Mango Drink 1.2L,Beverages,0,70.2,0.79,2026-08-23
2026-08-23,Powai,SKU4004,Cola 2L,Beverages,5,77.9,0.18,2026-08-20
2026-08-23,Powai,SKU4005,Lemon Soda 750ml,Beverages,13,30.8,0.57,2026-08-23
2026-08-23,Powai,SKU4006,Coconut Water 200ml,Beverages,12,36.0,0.43,2026-08-12
2026-08-23,Powai,SKU4007,Energy Drink 250ml,Beverages,10,85.1,0.5,2026-08-23
2026-08-23,Powai,SKU4008,Cold Coffee 200ml,Beverages,31,38.0,1.18,2026-08-22
2026-08-23,Powai,SKU4009,Buttermilk 500ml,Beverages,23,24.3,0.46,2026-08-23
2026-08-23,Powai,SKU4010,Flavoured Milk 200ml,Beverages,13,28.7,0.79,2026-08-22
2026-08-23,Powai,SKU4011,Green Tea 25 bags,Beverages,67,113.6,3.29,2026-08-23
2026-08-23,Powai,SKU4012,Apple Juice 1L,Beverages,9,106.65,0.36,2026-08-15
2026-08-23,Powai,SKU4013,Soda Water 750ml,Beverages,7,18.25,0.79,2026-08-23
2026-08-23,Powai,SKU4014,Iced Tea 500ml,Beverages,4,45.0,0.32,2026-08-20
2026-08-23,Powai,SKU5001,Herbal Shampoo 340ml,Personal Care,13,178.85,0.93,2026-08-22
2026-08-23,Powai,SKU5002,Anti-dandruff Shampoo 180ml,Personal Care,31,143.28,1.0,2026-08-22
2026-08-23,Powai,SKU5003,Bath Soap 4-pack,Personal Care,7,140.4,0.39,2026-08-18
2026-08-23,Powai,SKU5004,Toothpaste 150g,Personal Care,23,75.24,0.46,2026-08-20
2026-08-23,Powai,SKU5005,Toothbrush Soft,Personal Care,33,26.0,0.93,2026-08-21
2026-08-23,Powai,SKU5006,Face Wash 100ml,Personal Care,13,117.25,0.71,2026-08-22
2026-08-23,Powai,SKU5007,Body Lotion 400ml,Personal Care,24,206.31,0.57,2026-08-23
2026-08-23,Powai,SKU5008,Coconut Hair Oil 500ml,Personal Care,7,145.53,0.54,2026-08-23
2026-08-23,Powai,SKU5009,Hand Wash Refill 750ml,Personal Care,13,81.65,0.5,2026-08-23
2026-08-23,Powai,SKU5010,Deodorant 150ml,Personal Care,14,148.5,0.36,2026-08-23
2026-08-23,Powai,SKU5011,Talcum Powder 300g,Personal Care,49,118.4,0.57,2026-08-23
2026-08-23,Powai,SKU5012,Shaving Foam 200g,Personal Care,11,133.0,0.39,2026-08-22
2026-08-23,Powai,SKU5013,Sanitary Pads 20s,Personal Care,73,142.2,3.61,2026-08-23
2026-08-23,Powai,SKU5014,Lip Balm 4.5g,Personal Care,6,57.0,0.18,2026-08-19
2026-08-23,Powai,SKU5015,Sunscreen SPF50 50ml,Personal Care,31,223.36,1.32,2026-08-23
2026-08-23,Powai,SKU5016,Cotton Buds 100s,Personal Care,12,34.1,0.25,2026-08-17
2026-08-23,Powai,SKU6001,Detergent Powder 4kg,Household,10,414.17,0.57,2026-08-23
2026-08-23,Powai,SKU6002,Liquid Detergent 2L,Household,59,306.99,1.04,2026-08-23
2026-08-23,Powai,SKU6003,Dishwash Bar 3-pack,Household,12,47.4,0.96,2026-08-23
2026-08-23,Powai,SKU6004,Dishwash Gel 750ml,Household,38,110.2,0.82,2026-08-22
2026-08-23,Powai,SKU6005,Floor Cleaner 1L,Household,41,134.25,0.68,2026-08-20
2026-08-23,Powai,SKU6006,Toilet Cleaner 1L,Household,6,117.8,0.25,2026-08-23
2026-08-23,Powai,SKU6007,Glass Cleaner 500ml,Household,74,79.2,1.79,2026-08-23
2026-08-23,Powai,SKU6008,Garbage Bags 30s,Household,11,81.6,0.54,2026-08-23
2026-08-23,Powai,SKU6009,Kitchen Towels 2-roll,Household,37,109.5,1.82,2026-08-23
2026-08-23,Powai,SKU6010,Toilet Rolls 6-pack,Household,35,169.4,1.29,2026-08-19
2026-08-23,Powai,SKU6011,Aluminium Foil 9m,Household,7,73.26,0.21,2026-08-23
2026-08-23,Powai,SKU6012,Scrub Pads 3-pack,Household,3,33.0,0.0,
2026-08-23,Powai,SKU6013,Mosquito Repellent Refill,Household,10,60.35,0.18,2026-08-18
2026-08-23,Powai,SKU6014,Air Freshener 240ml,Household,6,133.33,0.18,2026-08-22
2026-08-23,Powai,SKU6015,Phenyl 1L,Household,9,63.0,0.21,2026-08-02
2026-08-23,Powai,SKU6016,LED Bulb 9W,Household,62,71.5,2.18,2026-08-23
2026-08-23,Thane,SKU1001,Basmati Rice 5kg,Grocery,14,558.14,0.46,2026-08-19
2026-08-23,Thane,SKU1002,Sona Masoori Rice 10kg,Grocery,28,703.12,1.04,2026-08-22
2026-08-23,Thane,SKU1003,Whole Wheat Atta 10kg,Grocery,8,435.21,0.18,2026-08-14
2026-08-23,Thane,SKU1004,Toor Dal 1kg,Grocery,128,147.03,1.43,2026-08-22
2026-08-23,Thane,SKU1005,Moong Dal 1kg,Grocery,11,129.63,0.54,2026-08-18
2026-08-23,Thane,SKU1006,Chana Dal 1kg,Grocery,10,93.74,0.43,2026-08-19
2026-08-23,Thane,SKU1007,Sugar 1kg,Grocery,29,45.12,0.79,2026-08-23
2026-08-23,Thane,SKU1008,Iodised Salt 1kg,Grocery,22,22.96,0.75,2026-08-23
2026-08-23,Thane,SKU1009,Sunflower Oil 1L,Grocery,3,144.69,0.14,2026-08-22
2026-08-23,Thane,SKU1010,Mustard Oil 1L,Grocery,5,170.1,0.32,2026-08-23
2026-08-23,Thane,SKU1011,Poha 500g,Grocery,100,36.0,7.18,2026-08-23
2026-08-23,Thane,SKU1012,Rava 1kg,Grocery,11,50.22,1.07,2026-08-22
2026-08-23,Thane,SKU1013,Turmeric Powder 200g,Grocery,20,41.76,1.04,2026-08-22
2026-08-23,Thane,SKU1014,Red Chilli Powder 200g,Grocery,5,52.56,0.07,2026-08-08
2026-08-23,Thane,SKU1015,Garam Masala 100g,Grocery,6,57.8,0.18,2026-08-16
2026-08-23,Thane,SKU1016,Groundnuts 500g,Grocery,21,78.85,0.29,2026-08-15
2026-08-23,Thane,SKU1017,Kabuli Chana 1kg,Grocery,6,118.15,0.36,2026-08-22
2026-08-23,Thane,SKU1018,Rajma 1kg,Grocery,9,140.25,0.39,2026-08-16
2026-08-23,Thane,SKU1019,Jaggery 1kg,Grocery,70,66.36,3.5,2026-08-23
2026-08-23,Thane,SKU1020,Vermicelli 400g,Grocery,5,32.76,0.21,2026-08-19
2026-08-23,Thane,SKU2001,Instant Noodles 4-pack,FMCG,9,47.04,0.18,2026-08-14
2026-08-23,Thane,SKU2002,Tomato Ketchup 1kg,FMCG,1,109.81,0.0,
2026-08-23,Thane,SKU2003,Corn Flakes 875g,FMCG,23,286.18,0.89,2026-08-21
2026-08-23,Thane,SKU2004,Oats 1kg,FMCG,10,161.19,0.32,2026-08-22
2026-08-23,Thane,SKU2005,Peanut Butter 340g,FMCG,48,137.83,2.79,2026-08-23
2026-08-23,Thane,SKU2006,Mixed Fruit Jam 500g,FMCG,8,116.22,0.5,2026-08-21
2026-08-23,Thane,SKU2007,Glucose Biscuits 800g,FMCG,19,77.4,0.39,2026-08-21
2026-08-23,Thane,SKU2008,Cream Biscuits 300g,FMCG,0,49.8,0.0,
2026-08-23,Thane,SKU2009,Potato Chips 150g,FMCG,13,38.0,0.29,2026-08-22
2026-08-23,Thane,SKU2010,Namkeen Mix 400g,FMCG,7,74.25,0.29,2026-08-16
2026-08-23,Thane,SKU2011,Dark Chocolate 100g,FMCG,83,84.0,0.86,2026-08-23
2026-08-23,Thane,SKU2012,Instant Coffee 100g,FMCG,815,239.2,19.57,2026-08-23
2026-08-23,Thane,SKU2013,Tea Leaves 500g,FMCG,15,217.3,0.25,2026-08-18
2026-08-23,Thane,SKU2014,Pasta Penne 500g,FMCG,0,85.1,0.0,
2026-08-23,Thane,SKU2015,Soya Chunks 200g,FMCG,104,33.88,2.57,2026-08-23
2026-08-23,Thane,SKU2016,Honey 500g,FMCG,10,189.24,0.86,2026-08-23
2026-08-23,Thane,SKU2017,Pickle Mango 400g,FMCG,25,91.59,0.71,2026-08-22
2026-08-23,Thane,SKU2018,Baking Soda 100g,FMCG,15,17.5,0.39,2026-08-19
2026-08-23,Thane,SKU2019,Custard Powder 100g,FMCG,17,34.56,0.96,2026-08-23
2026-08-23,Thane,SKU2020,Muesli 500g,FMCG,20,256.62,0.79,2026-08-22
2026-08-23,Thane,SKU3001,Sandwich Bread 400g,Bakery,13,35.1,0.43,2026-08-14
2026-08-23,Thane,SKU3002,Brown Bread 400g,Bakery,3,41.8,0.0,
2026-08-23,Thane,SKU3003,Multigrain Bread 400g,Bakery,2,48.1,0.07,2026-07-28
2026-08-23,Thane,SKU3004,Pav 6-pack,Bakery,8,22.5,0.29,2026-08-23
2026-08-23,Thane,SKU3005,Butter Croissant,Bakery,120,34.1,4.25,2026-08-23
2026-08-23,Thane,SKU3006,Chocolate Muffin,Bakery,69,36.0,1.36,2026-08-23
2026-08-23,Thane,SKU3007,Plum Cake 300g,Bakery,706,118.8,14.21,2026-08-23
2026-08-23,Thane,SKU3008,Garlic Bread,Bakery,8,60.8,0.43,2026-08-18
2026-08-23,Thane,SKU3009,Rusk 300g,Bakery,14,51.1,0.57,2026-08-11
2026-08-23,Thane,SKU3010,Fruit Bun,Bakery,8,16.75,0.32,2026-08-22
2026-08-23,Thane,SKU3011,Cheese Danish,Bakery,173,51.85,7.64,2026-08-23
2026-08-23,Thane,SKU3012,Burger Buns 4-pack,Bakery,18,36.0,0.29,2026-08-17
2026-08-23,Thane,SKU3013,Whole Wheat Cookies 250g,Bakery,10,71.5,0.21,2026-08-14
2026-08-23,Thane,SKU3014,Banana Walnut Loaf,Bakery,36,138.6,1.61,2026-08-22
2026-08-23,Thane,SKU3015,Cinnamon Roll,Bakery,0,44.25,0.43,2026-08-18
2026-08-23,Thane,SKU3016,Pizza Base 2-pack,Bakery,19,42.0,1.25,2026-08-21
2026-08-23,Thane,SKU4001,Mineral Water 1L,Beverages,10,15.0,0.54,2026-08-22
2026-08-23,Thane,SKU4002,Orange Juice 1L,Beverages,23,98.75,0.57,2026-08-18
2026-08-23,Thane,SKU4003,Mango Drink 1.2L,Beverages,8,70.2,0.46,2026-08-21
2026-08-23,Thane,SKU4004,Cola 2L,Beverages,2,77.9,0.18,2026-08-09
2026-08-23,Thane,SKU4005,Lemon Soda 750ml,Beverages,61,30.8,1.39,2026-08-23
2026-08-23,Thane,SKU4006,Coconut Water 200ml,Beverages,10,36.0,0.32,2026-08-19
2026-08-23,Thane,SKU4007,Energy Drink 250ml,Beverages,18,85.1,0.36,2026-08-23
2026-08-23,Thane,SKU4008,Cold Coffee 200ml,Beverages,22,38.0,1.82,2026-08-23
2026-08-23,Thane,SKU4009,Buttermilk 500ml,Beverages,22,24.3,0.71,2026-08-23
2026-08-23,Thane,SKU4010,Flavoured Milk 200ml,Beverages,13,28.7,0.32,2026-08-22
2026-08-23,Thane,SKU4011,Green Tea 25 bags,Beverages,94,113.6,2.43,2026-08-23
2026-08-23,Thane,SKU4012,Apple Juice 1L,Beverages,10,106.65,0.54,2026-08-22
2026-08-23,Thane,SKU4013,Soda Water 750ml,Beverages,10,18.25,0.86,2026-08-23
2026-08-23,Thane,SKU4014,Iced Tea 500ml,Beverages,12,45.0,0.54,2026-08-20
2026-08-23,Thane,SKU5001,Herbal Shampoo 340ml,Personal Care,33,178.85,1.57,2026-08-23
2026-08-23,Thane,SKU5002,Anti-dandruff Shampoo 180ml,Personal Care,62,143.28,1.0,2026-08-23
2026-08-23,Thane,SKU5003,Bath Soap 4-pack,Personal Care,3,140.4,0.21,2026-08-18
2026-08-23,Thane,SKU5004,Toothpaste 150g,Personal Care,7,75.24,0.18,2026-08-16
2026-08-23,Thane,SKU5005,Toothbrush Soft,Personal Care,28,26.0,0.75,2026-08-21
2026-08-23,Thane,SKU5006,Face Wash 100ml,Personal Care,43,117.25,1.14,2026-08-22
2026-08-23,Thane,SKU5007,Body Lotion 400ml,Personal Care,9,206.31,0.61,2026-08-21
2026-08-23,Thane,SKU5008,Coconut Hair Oil 500ml,Personal Care,10,145.53,0.54,2026-08-18
2026-08-23,Thane,SKU5009,Hand Wash Refill 750ml,Personal Care,9,81.65,0.29,2026-08-14
2026-08-23,Thane,SKU5010,Deodorant 150ml,Personal Care,8,148.5,0.25,2026-08-18
2026-08-23,Thane,SKU5011,Talcum Powder 300g,Personal Care,27,118.4,0.64,2026-08-19
2026-08-23,Thane,SKU5012,Shaving Foam 200g,Personal Care,50,133.0,0.75,2026-08-22
2026-08-23,Thane,SKU5013,Sanitary Pads 20s,Personal Care,54,142.2,3.04,2026-08-23
2026-08-23,Thane,SKU5014,Lip Balm 4.5g,Personal Care,15,57.0,0.68,2026-08-22
2026-08-23,Thane,SKU5015,Sunscreen SPF50 50ml,Personal Care,71,223.36,1.54,2026-08-22
2026-08-23,Thane,SKU5016,Cotton Buds 100s,Personal Care,19,34.1,0.36,2026-08-22
2026-08-23,Thane,SKU6001,Detergent Powder 4kg,Household,16,414.17,0.68,2026-08-21
2026-08-23,Thane,SKU6002,Liquid Detergent 2L,Household,22,306.99,1.39,2026-08-23
2026-08-23,Thane,SKU6003,Dishwash Bar 3-pack,Household,22,47.4,1.46,2026-08-23
2026-08-23,Thane,SKU6004,Dishwash Gel 750ml,Household,74,110.2,0.75,2026-08-20
2026-08-23,Thane,SKU6005,Floor Cleaner 1L,Household,7,134.25,0.11,2026-08-16
2026-08-23,Thane,SKU6006,Toilet Cleaner 1L,Household,14,117.8,0.46,2026-08-21
2026-08-23,Thane,SKU6007,Glass Cleaner 500ml,Household,42,79.2,1.68,2026-08-23
2026-08-23,Thane,SKU6008,Garbage Bags 30s,Household,12,81.6,0.25,2026-08-22
2026-08-23,Thane,SKU6009,Kitchen Towels 2-roll,Household,34,109.5,2.07,2026-08-23
2026-08-23,Thane,SKU6010,Toilet Rolls 6-pack,Household,18,169.4,2.11,2026-08-23
2026-08-23,Thane,SKU6011,Aluminium Foil 9m,Household,10,73.26,0.29,2026-08-23
2026-08-23,Thane,SKU6012,Scrub Pads 3-pack,Household,2,33.0,0.0,
2026-08-23,Thane,SKU6013,Mosquito Repellent Refill,Household,8,60.35,0.29,2026-08-19
2026-08-23,Thane,SKU6014,Air Freshener 240ml,Household,18,133.33,0.89,2026-08-23
2026-08-23,Thane,SKU6015,Phenyl 1L,Household,9,63.0,0.29,2026-08-14
2026-08-23,Thane,SKU6016,LED Bulb 9W,Household,41,71.5,2.71,2026-08-23
2026-08-30,Andheri,SKU1001,Basmati Rice 5kg,Grocery,22,558.14,0.61,2026-08-29
2026-08-30,Andheri,SKU1002,Sona Masoori Rice 10kg,Grocery,19,703.12,1.46,2026-08-30
2026-08-30,Andheri,SKU1003,Whole Wheat Atta 10kg,Grocery,7,435.21,0.57,2026-08-30
2026-08-30,Andheri,SKU1004,Toor Dal 1kg,Grocery,127,147.03,1.71,2026-08-30
2026-08-30,Andheri,SKU1005,Moong Dal 1kg,Grocery,28,129.63,0.5,2026-08-29
2026-08-30,Andheri,SKU1006,Chana Dal 1kg,Grocery,65,93.74,1.07,2026-08-29
2026-08-30,Andheri,SKU1007,Sugar 1kg,Grocery,18,45.12,0.71,2026-08-30
2026-08-30,Andheri,SKU1008,Iodised Salt 1kg,Grocery,0,22.96,1.43,2026-08-30
2026-08-30,Andheri,SKU1009,Sunflower Oil 1L,Grocery,12,144.69,0.29,2026-08-23
2026-08-30,Andheri,SKU1010,Mustard Oil 1L,Grocery,19,170.1,0.57,2026-08-30
2026-08-30,Andheri,SKU1011,Poha 500g,Grocery,389,36.0,8.32,2026-08-30
2026-08-30,Andheri,SKU1012,Rava 1kg,Grocery,44,50.22,0.93,2026-08-30
2026-08-30,Andheri,SKU1013,Turmeric Powder 200g,Grocery,35,41.76,1.32,2026-08-30
2026-08-30,Andheri,SKU1014,Red Chilli Powder 200g,Grocery,5,52.56,0.29,2026-08-30
2026-08-30,Andheri,SKU1015,Garam Masala 100g,Grocery,21,57.8,0.36,2026-08-26
2026-08-30,Andheri,SKU1016,Groundnuts 500g,Grocery,6,78.85,0.46,2026-08-21
2026-08-30,Andheri,SKU1017,Kabuli Chana 1kg,Grocery,19,118.15,1.18,2026-08-28
2026-08-30,Andheri,SKU1018,Rajma 1kg,Grocery,13,140.25,0.71,2026-08-29
2026-08-30,Andheri,SKU1019,Jaggery 1kg,Grocery,78,66.36,5.86,2026-08-30
2026-08-30,Andheri,SKU1020,Vermicelli 400g,Grocery,19,32.76,0.57,2026-08-28
2026-08-30,Andheri,SKU2001,Instant Noodles 4-pack,FMCG,11,47.04,0.54,2026-08-30
2026-08-30,Andheri,SKU2002,Tomato Ketchup 1kg,FMCG,4,109.81,0.0,
2026-08-30,Andheri,SKU2003,Corn Flakes 875g,FMCG,11,286.18,0.71,2026-08-27
2026-08-30,Andheri,SKU2004,Oats 1kg,FMCG,15,161.19,0.43,2026-08-30
2026-08-30,Andheri,SKU2005,Peanut Butter 340g,FMCG,102,137.83,3.96,2026-08-30
2026-08-30,Andheri,SKU2006,Mixed Fruit Jam 500g,FMCG,16,116.22,0.71,2026-08-28
2026-08-30,Andheri,SKU2007,Glucose Biscuits 800g,FMCG,18,77.4,0.57,2026-08-19
2026-08-30,Andheri,SKU2008,Cream Biscuits 300g,FMCG,3,49.8,0.0,
2026-08-30,Andheri,SKU2009,Potato Chips 150g,FMCG,17,38.0,0.54,2026-08-28
2026-08-30,Andheri,SKU2010,Namkeen Mix 400g,FMCG,14,74.25,0.29,2026-08-30
2026-08-30,Andheri,SKU2011,Dark Chocolate 100g,FMCG,14,84.0,0.82,2026-08-28
2026-08-30,Andheri,SKU2012,Instant Coffee 100g,FMCG,393,239.2,25.86,2026-08-30
2026-08-30,Andheri,SKU2013,Tea Leaves 500g,FMCG,8,217.3,0.32,2026-08-22
2026-08-30,Andheri,SKU2014,Pasta Penne 500g,FMCG,1,85.1,0.0,
2026-08-30,Andheri,SKU2015,Soya Chunks 200g,FMCG,49,33.88,3.14,2026-08-30
2026-08-30,Andheri,SKU2016,Honey 500g,FMCG,9,189.24,0.82,2026-08-25
2026-08-30,Andheri,SKU2017,Pickle Mango 400g,FMCG,72,91.59,1.11,2026-08-24
2026-08-30,Andheri,SKU2018,Baking Soda 100g,FMCG,13,17.5,0.54,2026-08-27
2026-08-30,Andheri,SKU2019,Custard Powder 100g,FMCG,28,34.56,1.29,2026-08-29
2026-08-30,Andheri,SKU2020,Muesli 500g,FMCG,27,256.62,0.61,2026-08-29
2026-08-30,Andheri,SKU3001,Sandwich Bread 400g,Bakery,41,35.1,0.93,2026-08-29
2026-08-30,Andheri,SKU3002,Brown Bread 400g,Bakery,8,41.8,0.14,2026-08-16
2026-08-30,Andheri,SKU3003,Multigrain Bread 400g,Bakery,4,48.1,0.07,2026-08-07
2026-08-30,Andheri,SKU3004,Pav 6-pack,Bakery,12,22.5,0.39,2026-08-22
2026-08-30,Andheri,SKU3005,Butter Croissant,Bakery,220,34.1,5.96,2026-08-30
2026-08-30,Andheri,SKU3006,Chocolate Muffin,Bakery,9,36.0,0.39,2026-08-28
2026-08-30,Andheri,SKU3007,Plum Cake 300g,Bakery,291,118.8,18.25,2026-08-30
2026-08-30,Andheri,SKU3008,Garlic Bread,Bakery,18,60.8,0.68,2026-08-21
2026-08-30,Andheri,SKU3009,Rusk 300g,Bakery,12,51.1,0.71,2026-08-25
2026-08-30,Andheri,SKU3010,Fruit Bun,Bakery,14,16.75,0.36,2026-08-30
2026-08-30,Andheri,SKU3011,Cheese Danish,Bakery,160,51.85,8.5,2026-08-30
2026-08-30,Andheri,SKU3012,Burger Buns 4-pack,Bakery,16,36.0,0.54,2026-08-27
2026-08-30,Andheri,SKU3013,Whole Wheat Cookies 250g,Bakery,9,71.5,0.39,2026-08-20
2026-08-30,Andheri,SKU3014,Banana Walnut Loaf,Bakery,68,138.6,2.57,2026-08-30
2026-08-30,Andheri,SKU3015,Cinnamon Roll,Bakery,20,44.25,0.75,2026-08-28
2026-08-30,Andheri,SKU3016,Pizza Base 2-pack,Bakery,30,42.0,1.43,2026-08-30
2026-08-30,Andheri,SKU4001,Mineral Water 1L,Beverages,13,15.0,0.5,2026-08-25
2026-08-30,Andheri,SKU4002,Orange Juice 1L,Beverages,27,98.75,0.89,2026-08-29
2026-08-30,Andheri,SKU4003,Mango Drink 1.2L,Beverages,24,70.2,0.86,2026-08-30
2026-08-30,Andheri,SKU4004,Cola 2L,Beverages,17,77.9,0.43,2026-08-24
2026-08-30,Andheri,SKU4005,Lemon Soda 750ml,Beverages,14,30.8,1.0,2026-08-30
2026-08-30,Andheri,SKU4006,Coconut Water 200ml,Beverages,10,36.0,0.43,2026-08-28
2026-08-30,Andheri,SKU4007,Energy Drink 250ml,Beverages,34,85.1,0.64,2026-08-30
2026-08-30,Andheri,SKU4008,Cold Coffee 200ml,Beverages,46,38.0,2.18,2026-08-30
2026-08-30,Andheri,SKU4009,Buttermilk 500ml,Beverages,16,24.3,0.46,2026-08-29
2026-08-30,Andheri,SKU4010,Flavoured Milk 200ml,Beverages,24,28.7,0.96,2026-08-28
2026-08-30,Andheri,SKU4011,Green Tea 25 bags,Beverages,43,113.6,2.86,2026-08-30
2026-08-30,Andheri,SKU4012,Apple Juice 1L,Beverages,7,106.65,0.61,2026-08-30
2026-08-30,Andheri,SKU4013,Soda Water 750ml,Beverages,13,18.25,1.11,2026-08-30
2026-08-30,Andheri,SKU4014,Iced Tea 500ml,Beverages,0,45.0,0.46,2026-08-29
2026-08-30,Andheri,SKU5001,Herbal Shampoo 340ml,Personal Care,85,178.85,1.54,2026-08-30
2026-08-30,Andheri,SKU5002,Anti-dandruff Shampoo 180ml,Personal Care,31,143.28,0.71,2026-08-25
2026-08-30,Andheri,SKU5003,Bath Soap 4-pack,Personal Care,59,140.4,1.14,2026-08-29
2026-08-30,Andheri,SKU5004,Toothpaste 150g,Personal Care,13,75.24,0.39,2026-08-29
2026-08-30,Andheri,SKU5005,Toothbrush Soft,Personal Care,15,26.0,1.0,2026-08-29
2026-08-30,Andheri,SKU5006,Face Wash 100ml,Personal Care,40,117.25,1.29,2026-08-28
2026-08-30,Andheri,SKU5007,Body Lotion 400ml,Personal Care,23,206.31,0.89,2026-08-30
2026-08-30,Andheri,SKU5008,Coconut Hair Oil 500ml,Personal Care,6,145.53,0.36,2026-08-29
2026-08-30,Andheri,SKU5009,Hand Wash Refill 750ml,Personal Care,6,81.65,0.32,2026-08-28
2026-08-30,Andheri,SKU5010,Deodorant 150ml,Personal Care,0,148.5,0.36,2026-08-26
2026-08-30,Andheri,SKU5011,Talcum Powder 300g,Personal Care,20,118.4,0.46,2026-08-25
2026-08-30,Andheri,SKU5012,Shaving Foam 200g,Personal Care,34,133.0,0.54,2026-08-30
2026-08-30,Andheri,SKU5013,Sanitary Pads 20s,Personal Care,74,142.2,4.5,2026-08-28
2026-08-30,Andheri,SKU5014,Lip Balm 4.5g,Personal Care,5,57.0,0.11,2026-08-27
2026-08-30,Andheri,SKU5015,Sunscreen SPF50 50ml,Personal Care,39,223.36,2.29,2026-08-30
2026-08-30,Andheri,SKU5016,Cotton Buds 100s,Personal Care,13,34.1,0.21,2026-08-29
2026-08-30,Andheri,SKU6001,Detergent Powder 4kg,Household,27,414.17,0.57,2026-08-30
2026-08-30,Andheri,SKU6002,Liquid Detergent 2L,Household,21,306.99,1.07,2026-08-23
2026-08-30,Andheri,SKU6003,Dishwash Bar 3-pack,Household,33,47.4,1.46,2026-08-30
2026-08-30,Andheri,SKU6004,Dishwash Gel 750ml,Household,24,110.2,1.14,2026-08-30
2026-08-30,Andheri,SKU6005,Floor Cleaner 1L,Household,34,134.25,0.54,2026-08-30
2026-08-30,Andheri,SKU6006,Toilet Cleaner 1L,Household,25,117.8,1.25,2026-08-30
2026-08-30,Andheri,SKU6007,Glass Cleaner 500ml,Household,99,79.2,2.5,2026-08-30
2026-08-30,Andheri,SKU6008,Garbage Bags 30s,Household,32,81.6,0.61,2026-08-29
2026-08-30,Andheri,SKU6009,Kitchen Towels 2-roll,Household,31,109.5,1.54,2026-08-30
2026-08-30,Andheri,SKU6010,Toilet Rolls 6-pack,Household,96,169.4,2.43,2026-08-30
2026-08-30,Andheri,SKU6011,Aluminium Foil 9m,Household,11,73.26,0.43,2026-08-29
2026-08-30,Andheri,SKU6012,Scrub Pads 3-pack,Household,3,33.0,0.0,
2026-08-30,Andheri,SKU6013,Mosquito Repellent Refill,Household,14,60.35,0.32,2026-08-29
2026-08-30,Andheri,SKU6014,Air Freshener 240ml,Household,18,133.33,0.96,2026-08-28
2026-08-30,Andheri,SKU6015,Phenyl 1L,Household,18,63.0,0.5,2026-08-29
2026-08-30,Andheri,SKU6016,LED Bulb 9W,Household,29,71.5,2.29,2026-08-29
2026-08-30,Mumbai Central,SKU1001,Basmati Rice 5kg,Grocery,21,558.14,0.79,2026-08-28
2026-08-30,Mumbai Central,SKU1002,Sona Masoori Rice 10kg,Grocery,30,703.12,2.25,2026-08-30
2026-08-30,Mumbai Central,SKU1003,Whole Wheat Atta 10kg,Grocery,19,435.21,0.71,2026-08-29
2026-08-30,Mumbai Central,SKU1004,Toor Dal 1kg,Grocery,41,147.03,1.75,2026-08-30
2026-08-30,Mumbai Central,SKU1005,Moong Dal 1kg,Grocery,28,129.63,1.43,2026-08-27
2026-08-30,Mumbai Central,SKU1006,Chana Dal 1kg,Grocery,0,93.74,0.32,2026-08-30
2026-08-30,Mumbai Central,SKU1007,Sugar 1kg,Grocery,10,45.12,0.82,2026-08-29
2026-08-30,Mumbai Central,SKU1008,Iodised Salt 1kg,Grocery,32,22.96,1.0,2026-08-29
2026-08-30,Mumbai Central,SKU1009,Sunflower Oil 1L,Grocery,16,144.69,0.39,2026-08-28
2026-08-30,Mumbai Central,SKU1010,Mustard Oil 1L,Grocery,6,170.1,0.32,2026-08-16
2026-08-30,Mumbai Central,SKU1011,Poha 500g,Grocery,439,36.0,11.0,2026-08-30
2026-08-30,Mumbai Central,SKU1012,Rava 1kg,Grocery,11,50.22,1.36,2026-08-28
2026-08-30,Mumbai Central,SKU1013,Turmeric Powder 200g,Grocery,16,41.76,1.32,2026-08-30
2026-08-30,Mumbai Central,SKU1014,Red Chilli Powder 200g,Grocery,58,52.56,0.75,2026-08-30
2026-08-30,Mumbai Central,SKU1015,Garam Masala 100g,Grocery,17,57.8,0.46,2026-08-26
2026-08-30,Mumbai Central,SKU1016,Groundnuts 500g,Grocery,2,78.85,0.11,2026-08-30
2026-08-30,Mumbai Central,SKU1017,Kabuli Chana 1kg,Grocery,15,118.15,0.61,2026-08-28
2026-08-30,Mumbai Central,SKU1018,Rajma 1kg,Grocery,10,140.25,0.39,2026-08-23
2026-08-30,Mumbai Central,SKU1019,Jaggery 1kg,Grocery,262,66.36,5.29,2026-08-30
2026-08-30,Mumbai Central,SKU1020,Vermicelli 400g,Grocery,23,32.76,0.46,2026-08-30
2026-08-30,Mumbai Central,SKU2001,Instant Noodles 4-pack,FMCG,5,47.04,0.32,2026-08-29
2026-08-30,Mumbai Central,SKU2002,Tomato Ketchup 1kg,FMCG,0,109.81,0.0,
2026-08-30,Mumbai Central,SKU2003,Corn Flakes 875g,FMCG,36,286.18,1.39,2026-08-30
2026-08-30,Mumbai Central,SKU2004,Oats 1kg,FMCG,10,161.19,0.18,2026-08-28
2026-08-30,Mumbai Central,SKU2005,Peanut Butter 340g,FMCG,45,137.83,3.82,2026-08-30
2026-08-30,Mumbai Central,SKU2006,Mixed Fruit Jam 500g,FMCG,23,116.22,0.89,2026-08-29
2026-08-30,Mumbai Central,SKU2007,Glucose Biscuits 800g,FMCG,7,77.4,0.32,2026-08-29
2026-08-30,Mumbai Central,SKU2008,Cream Biscuits 300g,FMCG,5,49.8,0.0,
2026-08-30,Mumbai Central,SKU2009,Potato Chips 150g,FMCG,31,38.0,0.82,2026-08-30
2026-08-30,Mumbai Central,SKU2010,Namkeen Mix 400g,FMCG,6,74.25,0.39,2026-08-24
2026-08-30,Mumbai Central,SKU2011,Dark Chocolate 100g,FMCG,16,84.0,0.93,2026-08-30
2026-08-30,Mumbai Central,SKU2012,Instant Coffee 100g,FMCG,325,239.2,25.39,2026-08-30
2026-08-30,Mumbai Central,SKU2013,Tea Leaves 500g,FMCG,14,217.3,0.43,2026-08-28
2026-08-30,Mumbai Central,SKU2014,Pasta Penne 500g,FMCG,1,85.1,0.0,
2026-08-30,Mumbai Central,SKU2015,Soya Chunks 200g,FMCG,96,33.88,2.93,2026-08-30
2026-08-30,Mumbai Central,SKU2016,Honey 500g,FMCG,49,189.24,1.0,2026-08-29
2026-08-30,Mumbai Central,SKU2017,Pickle Mango 400g,FMCG,27,91.59,0.79,2026-08-28
2026-08-30,Mumbai Central,SKU2018,Baking Soda 100g,FMCG,15,17.5,0.71,2026-08-27
2026-08-30,Mumbai Central,SKU2019,Custard Powder 100g,FMCG,62,34.56,1.68,2026-08-30
2026-08-30,Mumbai Central,SKU2020,Muesli 500g,FMCG,11,256.62,0.79,2026-08-20
2026-08-30,Mumbai Central,SKU3001,Sandwich Bread 400g,Bakery,8,35.1,0.39,2026-08-28
2026-08-30,Mumbai Central,SKU3002,Brown Bread 400g,Bakery,0,41.8,0.0,
2026-08-30,Mumbai Central,SKU3003,Multigrain Bread 400g,Bakery,0,48.1,0.0,
2026-08-30,Mumbai Central,SKU3004,Pav 6-pack,Bakery,7,22.5,0.54,2026-08-30
2026-08-30,Mumbai Central,SKU3005,Butter Croissant,Bakery,196,34.1,8.14,2026-08-30
2026-08-30,Mumbai Central,SKU3006,Chocolate Muffin,Bakery,12,36.0,0.89,2026-08-30
2026-08-30,Mumbai Central,SKU3007,Plum Cake 300g,Bakery,0,118.8,20.64,2026-08-30
2026-08-30,Mumbai Central,SKU3008,Garlic Bread,Bakery,27,60.8,1.0,2026-08-25
2026-08-30,Mumbai Central,SKU3009,Rusk 300g,Bakery,10,51.1,0.32,2026-08-08
2026-08-30,Mumbai Central,SKU3010,Fruit Bun,Bakery,29,16.75,1.11,2026-08-30
2026-08-30,Mumbai Central,SKU3011,Cheese Danish,Bakery,258,51.85,12.04,2026-08-30
2026-08-30,Mumbai Central,SKU3012,Burger Buns 4-pack,Bakery,16,36.0,1.21,2026-08-30
2026-08-30,Mumbai Central,SKU3013,Whole Wheat Cookies 250g,Bakery,63,71.5,0.43,2026-08-24
2026-08-30,Mumbai Central,SKU3014,Banana Walnut Loaf,Bakery,54,138.6,2.71,2026-08-30
2026-08-30,Mumbai Central,SKU3015,Cinnamon Roll,Bakery,15,44.25,0.32,2026-08-12
2026-08-30,Mumbai Central,SKU3016,Pizza Base 2-pack,Bakery,35,42.0,1.0,2026-08-30
2026-08-30,Mumbai Central,SKU4001,Mineral Water 1L,Beverages,11,15.0,0.39,2026-08-30
2026-08-30,Mumbai Central,SKU4002,Orange Juice 1L,Beverages,22,98.75,1.25,2026-08-30
2026-08-30,Mumbai Central,SKU4003,Mango Drink 1.2L,Beverages,8,70.2,0.25,2026-08-28
2026-08-30,Mumbai Central,SKU4004,Cola 2L,Beverages,18,77.9,0.46,2026-08-24
2026-08-30,Mumbai Central,SKU4005,Lemon Soda 750ml,Beverages,16,30.8,1.71,2026-08-29
2026-08-30,Mumbai Central,SKU4006,Coconut Water 200ml,Beverages,7,36.0,0.18,2026-08-30
2026-08-30,Mumbai Central,SKU4007,Energy Drink 250ml,Beverages,10,85.1,0.54,2026-08-28
2026-08-30,Mumbai Central,SKU4008,Cold Coffee 200ml,Beverages,93,38.0,1.86,2026-08-29
2026-08-30,Mumbai Central,SKU4009,Buttermilk 500ml,Beverages,33,24.3,0.64,2026-08-26
2026-08-30,Mumbai Central,SKU4010,Flavoured Milk 200ml,Beverages,16,28.7,0.68,2026-08-21
2026-08-30,Mumbai Central,SKU4011,Green Tea 25 bags,Beverages,38,113.6,3.46,2026-08-30
2026-08-30,Mumbai Central,SKU4012,Apple Juice 1L,Beverages,8,106.65,0.46,2026-08-29
2026-08-30,Mumbai Central,SKU4013,Soda Water 750ml,Beverages,36,18.25,1.25,2026-08-30
2026-08-30,Mumbai Central,SKU4014,Iced Tea 500ml,Beverages,12,45.0,0.36,2026-08-30
2026-08-30,Mumbai Central,SKU5001,Herbal Shampoo 340ml,Personal Care,129,178.85,2.04,2026-08-30
2026-08-30,Mumbai Central,SKU5002,Anti-dandruff Shampoo 180ml,Personal Care,32,143.28,2.04,2026-08-30
2026-08-30,Mumbai Central,SKU5003,Bath Soap 4-pack,Personal Care,9,140.4,0.54,2026-08-30
2026-08-30,Mumbai Central,SKU5004,Toothpaste 150g,Personal Care,17,75.24,0.96,2026-08-30
2026-08-30,Mumbai Central,SKU5005,Toothbrush Soft,Personal Care,47,26.0,1.5,2026-08-30
2026-08-30,Mumbai Central,SKU5006,Face Wash 100ml,Personal Care,24,117.25,1.71,2026-08-30
2026-08-30,Mumbai Central,SKU5007,Body Lotion 400ml,Personal Care,20,206.31,0.71,2026-08-30
2026-08-30,Mumbai Central,SKU5008,Coconut Hair Oil 500ml,Personal Care,16,145.53,0.68,2026-08-29
2026-08-30,Mumbai Central,SKU5009,Hand Wash Refill 750ml,Personal Care,6,81.65,0.5,2026-08-30
2026-08-30,Mumbai Central,SKU5010,Deodorant 150ml,Personal Care,15,148.5,0.29,2026-08-27
2026-08-30,Mumbai Central,SKU5011,Talcum Powder 300g,Personal Care,33,118.4,0.79,2026-08-29
2026-08-30,Mumbai Central,SKU5012,Shaving Foam 200g,Personal Care,9,133.0,0.43,2026-08-22
2026-08-30,Mumbai Central,SKU5013,Sanitary Pads 20s,Personal Care,188,142.2,5.11,2026-08-30
2026-08-30,Mumbai Central,SKU5014,Lip Balm 4.5g,Personal Care,26,57.0,0.5,2026-08-30
2026-08-30,Mumbai Central,SKU5015,Sunscreen SPF50 50ml,Personal Care,0,223.36,2.54,2026-08-30
2026-08-30,Mumbai Central,SKU5016,Cotton Buds 100s,Personal Care,0,34.1,0.43,2026-08-28
2026-08-30,Mumbai Central,SKU6001,Detergent Powder 4kg,Household,51,414.17,1.07,2026-08-29
2026-08-30,Mumbai Central,SKU6002,Liquid Detergent 2L,Household,35,306.99,1.36,2026-08-30
2026-08-30,Mumbai Central,SKU6003,Dishwash Bar 3-pack,Household,37,47.4,2.29,2026-08-29
2026-08-30,Mumbai Central,SKU6004,Dishwash Gel 750ml,Household,47,110.2,1.18,2026-08-29
2026-08-30,Mumbai Central,SKU6005,Floor Cleaner 1L,Household,16,134.25,0.61,2026-08-24
2026-08-30,Mumbai Central,SKU6006,Toilet Cleaner 1L,Household,19,117.8,0.71,2026-08-30
2026-08-30,Mumbai Central,SKU6007,Glass Cleaner 500ml,Household,55,79.2,1.64,2026-08-27
2026-08-30,Mumbai Central,SKU6008,Garbage Bags 30s,Household,18,81.6,0.64,2026-08-30
2026-08-30,Mumbai Central,SKU6009,Kitchen Towels 2-roll,Household,0,109.5,2.07,2026-08-30
2026-08-30,Mumbai Central,SKU6010,Toilet Rolls 6-pack,Household,93,169.4,3.54,2026-08-30
2026-08-30,Mumbai Central,SKU6011,Aluminium Foil 9m,Household,11,73.26,0.71,2026-08-30
2026-08-30,Mumbai Central,SKU6012,Scrub Pads 3-pack,Household,1,33.0,0.0,
2026-08-30,Mumbai Central,SKU6013,Mosquito Repellent Refill,Household,19,60.35,0.46,2026-08-29
2026-08-30,Mumbai Central,SKU6014,Air Freshener 240ml,Household,12,133.33,0.61,2026-08-30
2026-08-30,Mumbai Central,SKU6015,Phenyl 1L,Household,16,63.0,0.25,2026-08-30
2026-08-30,Mumbai Central,SKU6016,LED Bulb 9W,Household,82,71.5,4.0,2026-08-30
2026-08-30,Navi Mumbai,SKU1001,Basmati Rice 5kg,Grocery,5,558.14,0.32,2026-08-26
2026-08-30,Navi Mumbai,SKU1002,Sona Masoori Rice 10kg,Grocery,9,703.12,0.68,2026-08-30
2026-08-30,Navi Mumbai,SKU1003,Whole Wheat Atta 10kg,Grocery,14,435.21,0.18,2026-08-23
2026-08-30,Navi Mumbai,SKU1004,Toor Dal 1kg,Grocery,19,147.03,0.82,2026-08-30
2026-08-30,Navi Mumbai,SKU1005,Moong Dal 1kg,Grocery,7,129.63,0.32,2026-08-28
2026-08-30,Navi Mumbai,SKU1006,Chana Dal 1kg,Grocery,8,93.74,0.39,2026-08-30
2026-08-30,Navi Mumbai,SKU1007,Sugar 1kg,Grocery,14,45.12,0.21,2026-08-21
2026-08-30,Navi Mumbai,SKU1008,Iodised Salt 1kg,Grocery,59,22.96,0.57,2026-08-30
2026-08-30,Navi Mumbai,SKU1009,Sunflower Oil 1L,Grocery,7,144.69,0.14,2026-08-23
2026-08-30,Navi Mumbai,SKU1010,Mustard Oil 1L,Grocery,12,170.1,0.32,2026-08-29
2026-08-30,Navi Mumbai,SKU1011,Poha 500g,Grocery,103,36.0,4.54,2026-08-30
2026-08-30,Navi Mumbai,SKU1012,Rava 1kg,Grocery,24,50.22,0.75,2026-08-27
2026-08-30,Navi Mumbai,SKU1013,Turmeric Powder 200g,Grocery,85,41.76,0.79,2026-08-29
2026-08-30,Navi Mumbai,SKU1014,Red Chilli Powder 200g,Grocery,14,52.56,0.46,2026-08-28
2026-08-30,Navi Mumbai,SKU1015,Garam Masala 100g,Grocery,9,57.8,0.21,2026-08-23
2026-08-30,Navi Mumbai,SKU1016,Groundnuts 500g,Grocery,6,78.85,0.25,2026-08-23
2026-08-30,Navi Mumbai,SKU1017,Kabuli Chana 1kg,Grocery,11,118.15,0.36,2026-08-29
2026-08-30,Navi Mumbai,SKU1018,Rajma 1kg,Grocery,7,140.25,0.11,2026-08-15
2026-08-30,Navi Mumbai,SKU1019,Jaggery 1kg,Grocery,102,66.36,2.61,2026-08-29
2026-08-30,Navi Mumbai,SKU1020,Vermicelli 400g,Grocery,5,32.76,0.14,2026-08-16
2026-08-30,Navi Mumbai,SKU2001,Instant Noodles 4-pack,FMCG,2,47.04,0.11,2026-08-18
2026-08-30,Navi Mumbai,SKU2002,Tomato Ketchup 1kg,FMCG,1,109.81,0.0,
2026-08-30,Navi Mumbai,SKU2003,Corn Flakes 875g,FMCG,13,286.18,0.96,2026-08-29
2026-08-30,Navi Mumbai,SKU2004,Oats 1kg,FMCG,10,161.19,0.43,2026-08-30
2026-08-30,Navi Mumbai,SKU2005,Peanut Butter 340g,FMCG,81,137.83,2.21,2026-08-30
2026-08-30,Navi Mumbai,SKU2006,Mixed Fruit Jam 500g,FMCG,8,116.22,0.39,2026-08-29
2026-08-30,Navi Mumbai,SKU2007,Glucose Biscuits 800g,FMCG,13,77.4,0.25,2026-08-30
2026-08-30,Navi Mumbai,SKU2008,Cream Biscuits 300g,FMCG,0,49.8,0.0,
2026-08-30,Navi Mumbai,SKU2009,Potato Chips 150g,FMCG,16,38.0,0.5,2026-08-26
2026-08-30,Navi Mumbai,SKU2010,Namkeen Mix 400g,FMCG,12,74.25,0.36,2026-08-30
2026-08-30,Navi Mumbai,SKU2011,Dark Chocolate 100g,FMCG,18,84.0,0.64,2026-08-30
2026-08-30,Navi Mumbai,SKU2012,Instant Coffee 100g,FMCG,333,239.2,15.11,2026-08-30
2026-08-30,Navi Mumbai,SKU2013,Tea Leaves 500g,FMCG,0,217.3,0.43,2026-08-29
2026-08-30,Navi Mumbai,SKU2014,Pasta Penne 500g,FMCG,2,85.1,0.0,
2026-08-30,Navi Mumbai,SKU2015,Soya Chunks 200g,FMCG,36,33.88,1.43,2026-08-30
2026-08-30,Navi Mumbai,SKU2016,Honey 500g,FMCG,19,189.24,0.75,2026-08-23
2026-08-30,Navi Mumbai,SKU2017,Pickle Mango 400g,FMCG,19,91.59,0.25,2026-08-29
2026-08-30,Navi Mumbai,SKU2018,Baking Soda 100g,FMCG,7,17.5,0.18,2026-08-15
2026-08-30,Navi Mumbai,SKU2019,Custard Powder 100g,FMCG,79,34.56,1.29,2026-08-30
2026-08-30,Navi Mumbai,SKU2020,Muesli 500g,FMCG,14,256.62,0.36,2026-08-28
2026-08-30,Navi Mumbai,SKU3001,Sandwich Bread 400g,Bakery,7,35.1,0.21,2026-08-26
2026-08-30,Navi Mumbai,SKU3002,Brown Bread 400g,Bakery,1,41.8,0.0,
2026-08-30,Navi Mumbai,SKU3003,Multigrain Bread 400g,Bakery,5,48.1,0.0,
2026-08-30,Navi Mumbai,SKU3004,Pav 6-pack,Bakery,9,22.5,0.32,2026-08-22
2026-08-30,Navi Mumbai,SKU3005,Butter Croissant,Bakery,45,34.1,3.75,2026-08-30
2026-08-30,Navi Mumbai,SKU3006,Chocolate Muffin,Bakery,10,36.0,0.39,2026-08-26
2026-08-30,Navi Mumbai,SKU3007,Plum Cake 300g,Bakery,488,118.8,10.61,2026-08-30
2026-08-30,Navi Mumbai,SKU3008,Garlic Bread,Bakery,29,60.8,0.57,2026-08-24
2026-08-30,Navi Mumbai,SKU3009,Rusk 300g,Bakery,6,51.1,0.54,2026-08-19
2026-08-30,Navi Mumbai,SKU3010,Fruit Bun,Bakery,26,16.75,0.54,2026-08-23
2026-08-30,Navi Mumbai,SKU3011,Cheese Danish,Bakery,173,51.85,4.43,2026-08-30
2026-08-30,Navi Mumbai,SKU3012,Burger Buns 4-pack,Bakery,2,36.0,0.07,2026-08-23
2026-08-30,Navi Mumbai,SKU3013,Whole Wheat Cookies 250g,Bakery,13,71.5,0.46,2026-08-24
2026-08-30,Navi Mumbai,SKU3014,Banana Walnut Loaf,Bakery,13,138.6,1.18,2026-08-29
2026-08-30,Navi Mumbai,SKU3015,Cinnamon Roll,Bakery,0,44.25,0.11,2026-08-30
2026-08-30,Navi Mumbai,SKU3016,Pizza Base 2-pack,Bakery,0,42.0,1.14,2026-08-29
2026-08-30,Navi Mumbai,SKU4001,Mineral Water 1L,Beverages,9,15.0,0.29,2026-08-24
2026-08-30,Navi Mumbai,SKU4002,Orange Juice 1L,Beverages,8,98.75,0.64,2026-08-29
2026-08-30,Navi Mumbai,SKU4003,Mango Drink 1.2L,Beverages,7,70.2,0.32,2026-08-26
2026-08-30,Navi Mumbai,SKU4004,Cola 2L,Beverages,13,77.9,0.36,2026-08-20
2026-08-30,Navi Mumbai,SKU4005,Lemon Soda 750ml,Beverages,30,30.8,0.93,2026-08-28
2026-08-30,Navi Mumbai,SKU4006,Coconut Water 200ml,Beverages,11,36.0,0.29,2026-08-28
2026-08-30,Navi Mumbai,SKU4007,Energy Drink 250ml,Beverages,10,85.1,0.18,2026-08-24
2026-08-30,Navi Mumbai,SKU4008,Cold Coffee 200ml,Beverages,36,38.0,1.71,2026-08-29
2026-08-30,Navi Mumbai,SKU4009,Buttermilk 500ml,Beverages,16,24.3,0.54,2026-08-28
2026-08-30,Navi Mumbai,SKU4010,Flavoured Milk 200ml,Beverages,1,28.7,0.07,2026-08-19
2026-08-30,Navi Mumbai,SKU4011,Green Tea 25 bags,Beverages,20,113.6,1.32,2026-08-30
2026-08-30,Navi Mumbai,SKU4012,Apple Juice 1L,Beverages,8,106.65,0.21,2026-08-29
2026-08-30,Navi Mumbai,SKU4013,Soda Water 750ml,Beverages,19,18.25,0.57,2026-08-30
2026-08-30,Navi Mumbai,SKU4014,Iced Tea 500ml,Beverages,26,45.0,0.57,2026-08-29
2026-08-30,Navi Mumbai,SKU5001,Herbal Shampoo 340ml,Personal Care,39,178.85,1.32,2026-08-30
2026-08-30,Navi Mumbai,SKU5002,Anti-dandruff Shampoo 180ml,Personal Care,6,143.28,0.36,2026-08-28
2026-08-30,Navi Mumbai,SKU5003,Bath Soap 4-pack,Personal Care,7,140.4,0.43,2026-08-28
2026-08-30,Navi Mumbai,SKU5004,Toothpaste 150g,Personal Care,6,75.24,0.21,2026-08-28
2026-08-30,Navi Mumbai,SKU5005,Toothbrush Soft,Personal Care,17,26.0,0.71,2026-08-26
2026-08-30,Navi Mumbai,SKU5006,Face Wash 100ml,Personal Care,42,117.25,0.79,2026-08-30
2026-08-30,Navi Mumbai,SKU5007,Body Lotion 400ml,Personal Care,13,206.31,0.18,2026-08-30
2026-08-30,Navi Mumbai,SKU5008,Coconut Hair Oil 500ml,Personal Care,5,145.53,0.25,2026-08-29
2026-08-30,Navi Mumbai,SKU5009,Hand Wash Refill 750ml,Personal Care,12,81.65,0.18,2026-08-29
2026-08-30,Navi Mumbai,SKU5010,Deodorant 150ml,Personal Care,12,148.5,0.36,2026-08-26
2026-08-30,Navi Mumbai,SKU5011,Talcum Powder 300g,Personal Care,5,118.4,0.21,2026-08-25
2026-08-30,Navi Mumbai,SKU5012,Shaving Foam 200g,Personal Care,14,133.0,0.5,2026-08-30
2026-08-30,Navi Mumbai,SKU5013,Sanitary Pads 20s,Personal Care,70,142.2,2.68,2026-08-30
2026-08-30,Navi Mumbai,SKU5014,Lip Balm 4.5g,Personal Care,7,57.0,0.14,2026-08-24
2026-08-30,Navi Mumbai,SKU5015,Sunscreen SPF50 50ml,Personal Care,46,223.36,1.36,2026-08-30
2026-08-30,Navi Mumbai,SKU5016,Cotton Buds 100s,Personal Care,7,34.1,0.32,2026-08-23
2026-08-30,Navi Mumbai,SKU6001,Detergent Powder 4kg,Household,4,414.17,0.25,2026-08-21
2026-08-30,Navi Mumbai,SKU6002,Liquid Detergent 2L,Household,19,306.99,0.89,2026-08-30
2026-08-30,Navi Mumbai,SKU6003,Dishwash Bar 3-pack,Household,30,47.4,1.32,2026-08-26
2026-08-30,Navi Mumbai,SKU6004,Dishwash Gel 750ml,Household,20,110.2,0.32,2026-08-30
2026-08-30,Navi Mumbai,SKU6005,Floor Cleaner 1L,Household,18,134.25,0.32,2026-08-28
2026-08-30,Navi Mumbai,SKU6006,Toilet Cleaner 1L,Household,7,117.8,0.5,2026-08-29
2026-08-30,Navi Mumbai,SKU6007,Glass Cleaner 500ml,Household,39,79.2,2.29,2026-08-30
2026-08-30,Navi Mumbai,SKU6008,Garbage Bags 30s,Household,6,81.6,0.36,2026-08-25
2026-08-30,Navi Mumbai,SKU6009,Kitchen Towels 2-roll,Household,72,109.5,1.46,2026-08-30
2026-08-30,Navi Mumbai,SKU6010,Toilet Rolls 6-pack,Household,111,169.4,1.68,2026-08-30
2026-08-30,Navi Mumbai,SKU6011,Aluminium Foil 9m,Household,10,73.26,0.32,2026-08-25
2026-08-30,Navi Mumbai,SKU6012,Scrub Pads 3-pack,Household,6,33.0,0.07,2026-08-16
2026-08-30,Navi Mumbai,SKU6013,Mosquito Repellent Refill,Household,16,60.35,0.29,2026-08-29
2026-08-30,Navi Mumbai,SKU6014,Air Freshener 240ml,Household,29,133.33,0.32,2026-08-27
2026-08-30,Navi Mumbai,SKU6015,Phenyl 1L,Household,12,63.0,0.46,2026-08-24
2026-08-30,Navi Mumbai,SKU6016,LED Bulb 9W,Household,86,71.5,2.43,2026-08-30
2026-08-30,Powai,SKU1001,Basmati Rice 5kg,Grocery,16,558.14,0.36,2026-08-26
2026-08-30,Powai,SKU1002,Sona Masoori Rice 10kg,Grocery,21,703.12,1.39,2026-08-30
2026-08-30,Powai,SKU1003,Whole Wheat Atta 10kg,Grocery,26,435.21,0.57,2026-08-28
2026-08-30,Powai,SKU1004,Toor Dal 1kg,Grocery,90,147.03,1.61,2026-08-29
2026-08-30,Powai,SKU1005,Moong Dal 1kg,Grocery,18,129.63,1.11,2026-08-30
2026-08-30,Powai,SKU1006,Chana Dal 1kg,Grocery,24,93.74,0.57,2026-08-29
2026-08-30,Powai,SKU1007,Sugar 1kg,Grocery,22,45.12,1.18,2026-08-30
2026-08-30,Powai,SKU1008,Iodised Salt 1kg,Grocery,22,22.96,0.71,2026-08-29
2026-08-30,Powai,SKU1009,Sunflower Oil 1L,Grocery,11,144.69,0.18,2026-08-29
2026-08-30,Powai,SKU1010,Mustard Oil 1L,Grocery,6,170.1,0.11,2026-08-28
2026-08-30,Powai,SKU1011,Poha 500g,Grocery,46,36.0,5.89,2026-08-30
2026-08-30,Powai,SKU1012,Rava 1kg,Grocery,0,50.22,0.57,2026-08-30
2026-08-30,Powai,SKU1013,Turmeric Powder 200g,Grocery,65,41.76,1.21,2026-08-29
2026-08-30,Powai,SKU1014,Red Chilli Powder 200g,Grocery,12,52.56,0.57,2026-08-30
2026-08-30,Powai,SKU1015,Garam Masala 100g,Grocery,17,57.8,0.36,2026-08-30
2026-08-30,Powai,SKU1016,Groundnuts 500g,Grocery,10,78.85,0.25,2026-08-29
2026-08-30,Powai,SKU1017,Kabuli Chana 1kg,Grocery,12,118.15,0.39,2026-08-25
2026-08-30,Powai,SKU1018,Rajma 1kg,Grocery,18,140.25,0.36,2026-08-20
2026-08-30,Powai,SKU1019,Jaggery 1kg,Grocery,116,66.36,5.36,2026-08-30
2026-08-30,Powai,SKU1020,Vermicelli 400g,Grocery,7,32.76,0.11,2026-08-25
2026-08-30,Powai,SKU2001,Instant Noodles 4-pack,FMCG,9,47.04,0.32,2026-08-26
2026-08-30,Powai,SKU2002,Tomato Ketchup 1kg,FMCG,5,109.81,0.0,
2026-08-30,Powai,SKU2003,Corn Flakes 875g,FMCG,20,286.18,0.93,2026-08-29
2026-08-30,Powai,SKU2004,Oats 1kg,FMCG,13,161.19,0.39,2026-08-28
2026-08-30,Powai,SKU2005,Peanut Butter 340g,FMCG,115,137.83,3.5,2026-08-29
2026-08-30,Powai,SKU2006,Mixed Fruit Jam 500g,FMCG,6,116.22,0.32,2026-08-24
2026-08-30,Powai,SKU2007,Glucose Biscuits 800g,FMCG,9,77.4,0.21,2026-08-28
2026-08-30,Powai,SKU2008,Cream Biscuits 300g,FMCG,0,49.8,0.0,
2026-08-30,Powai,SKU2009,Potato Chips 150g,FMCG,7,38.0,0.25,2026-08-30
2026-08-30,Powai,SKU2010,Namkeen Mix 400g,FMCG,20,74.25,0.61,2026-08-29
2026-08-30,Powai,SKU2011,Dark Chocolate 100g,FMCG,14,84.0,0.96,2026-08-25
2026-08-30,Powai,SKU2012,Instant Coffee 100g,FMCG,871,239.2,17.43,2026-08-30
2026-08-30,Powai,SKU2013,Tea Leaves 500g,FMCG,7,217.3,0.11,2026-08-18
2026-08-30,Powai,SKU2014,Pasta Penne 500g,FMCG,0,85.1,0.0,
2026-08-30,Powai,SKU2015,Soya Chunks 200g,FMCG,35,33.88,2.43,2026-08-30
2026-08-30,Powai,SKU2016,Honey 500g,FMCG,10,189.24,0.46,2026-08-29
2026-08-30,Powai,SKU2017,Pickle Mango 400g,FMCG,18,91.59,0.5,2026-08-29
2026-08-30,Powai,SKU2018,Baking Soda 100g,FMCG,30,17.5,0.39,2026-08-29
2026-08-30,Powai,SKU2019,Custard Powder 100g,FMCG,32,34.56,0.86,2026-08-29
2026-08-30,Powai,SKU2020,Muesli 500g,FMCG,11,256.62,0.64,2026-08-28
2026-08-30,Powai,SKU3001,Sandwich Bread 400g,Bakery,9,35.1,0.21,2026-08-16
2026-08-30,Powai,SKU3002,Brown Bread 400g,Bakery,1,41.8,0.0,
2026-08-30,Powai,SKU3003,Multigrain Bread 400g,Bakery,1,48.1,0.0,
2026-08-30,Powai,SKU3004,Pav 6-pack,Bakery,17,22.5,0.75,2026-08-29
2026-08-30,Powai,SKU3005,Butter Croissant,Bakery,87,34.1,5.89,2026-08-29
2026-08-30,Powai,SKU3006,Chocolate Muffin,Bakery,19,36.0,0.54,2026-08-27
2026-08-30,Powai,SKU3007,Plum Cake 300g,Bakery,78,118.8,12.25,2026-08-30
2026-08-30,Powai,SKU3008,Garlic Bread,Bakery,5,60.8,0.04,2026-08-30
2026-08-30,Powai,SKU3009,Rusk 300g,Bakery,22,51.1,0.54,2026-08-22
2026-08-30,Powai,SKU3010,Fruit Bun,Bakery,17,16.75,1.32,2026-08-30
2026-08-30,Powai,SKU3011,Cheese Danish,Bakery,235,51.85,9.39,2026-08-30
2026-08-30,Powai,SKU3012,Burger Buns 4-pack,Bakery,10,36.0,0.43,2026-08-27
2026-08-30,Powai,SKU3013,Whole Wheat Cookies 250g,Bakery,8,71.5,0.39,2026-08-29
2026-08-30,Powai,SKU3014,Banana Walnut Loaf,Bakery,70,138.6,1.46,2026-08-29
2026-08-30,Powai,SKU3015,Cinnamon Roll,Bakery,40,44.25,0.64,2026-08-30
2026-08-30,Powai,SKU3016,Pizza Base 2-pack,Bakery,42,42.0,1.14,2026-08-29
2026-08-30,Powai,SKU4001,Mineral Water 1L,Beverages,1,15.0,0.07,2026-08-22
2026-08-30,Powai,SKU4002,Orange Juice 1L,Beverages,39,98.75,1.04,2026-08-30
2026-08-30,Powai,SKU4003,Mango Drink 1.2L,Beverages,15,70.2,0.5,2026-08-30
2026-08-30,Powai,SKU4004,Cola 2L,Beverages,5,77.9,0.29,2026-08-30
2026-08-30,Powai,SKU4005,Lemon Soda 750ml,Beverages,35,30.8,0.64,2026-08-28
2026-08-30,Powai,SKU4006,Coconut Water 200ml,Beverages,9,36.0,0.29,2026-08-29
2026-08-30,Powai,SKU4007,Energy Drink 250ml,Beverages,8,85.1,0.57,2026-08-30
2026-08-30,Powai,SKU4008,Cold Coffee 200ml,Beverages,37,38.0,1.39,2026-08-29
2026-08-30,Powai,SKU4009,Buttermilk 500ml,Beverages,11,24.3,0.32,2026-08-29
2026-08-30,Powai,SKU4010,Flavoured Milk 200ml,Beverages,14,28.7,0.96,2026-08-30
2026-08-30,Powai,SKU4011,Green Tea 25 bags,Beverages,80,113.6,2.86,2026-08-28
2026-08-30,Powai,SKU4012,Apple Juice 1L,Beverages,18,106.65,0.46,2026-08-29
2026-08-30,Powai,SKU4013,Soda Water 750ml,Beverages,20,18.25,0.93,2026-08-29
2026-08-30,Powai,SKU4014,Iced Tea 500ml,Beverages,11,45.0,0.25,2026-08-20
2026-08-30,Powai,SKU5001,Herbal Shampoo 340ml,Personal Care,39,178.85,1.07,2026-08-29
2026-08-30,Powai,SKU5002,Anti-dandruff Shampoo 180ml,Personal Care,11,143.28,0.86,2026-08-30
2026-08-30,Powai,SKU5003,Bath Soap 4-pack,Personal Care,17,140.4,0.43,2026-08-26
2026-08-30,Powai,SKU5004,Toothpaste 150g,Personal Care,12,75.24,0.64,2026-08-26
2026-08-30,Powai,SKU5005,Toothbrush Soft,Personal Care,33,26.0,0.89,2026-08-26
2026-08-30,Powai,SKU5006,Face Wash 100ml,Personal Care,19,117.25,0.68,2026-08-29
2026-08-30,Powai,SKU5007,Body Lotion 400ml,Personal Care,19,206.31,0.54,2026-08-29
2026-08-30,Powai,SKU5008,Coconut Hair Oil 500ml,Personal Care,9,145.53,0.39,2026-08-26
2026-08-30,Powai,SKU5009,Hand Wash Refill 750ml,Personal Care,14,81.65,0.39,2026-08-24
2026-08-30,Powai,SKU5010,Deodorant 150ml,Personal Care,14,148.5,0.32,2026-08-23
2026-08-30,Powai,SKU5011,Talcum Powder 300g,Personal Care,16,118.4,0.5,2026-08-30
2026-08-30,Powai,SKU5012,Shaving Foam 200g,Personal Care,39,133.0,0.39,2026-08-29
2026-08-30,Powai,SKU5013,Sanitary Pads 20s,Personal Care,49,142.2,2.86,2026-08-30
2026-08-30,Powai,SKU5014,Lip Balm 4.5g,Personal Care,11,57.0,0.29,2026-08-26
2026-08-30,Powai,SKU5015,Sunscreen SPF50 50ml,Personal Care,70,223.36,1.54,2026-08-30
2026-08-30,Powai,SKU5016,Cotton Buds 100s,Personal Care,15,34.1,0.25,2026-08-28
2026-08-30,Powai,SKU6001,Detergent Powder 4kg,Household,9,414.17,0.46,2026-08-27
2026-08-30,Powai,SKU6002,Liquid Detergent 2L,Household,28,306.99,0.89,2026-08-30
2026-08-30,Powai,SKU6003,Dishwash Bar 3-pack,Household,27,47.4,1.04,2026-08-30
2026-08-30,Powai,SKU6004,Dishwash Gel 750ml,Household,13,110.2,1.0,2026-08-30
2026-08-30,Powai,SKU6005,Floor Cleaner 1L,Household,12,134.25,0.61,2026-08-29
2026-08-30,Powai,SKU6006,Toilet Cleaner 1L,Household,8,117.8,0.46,2026-08-30
2026-08-30,Powai,SKU6007,Glass Cleaner 500ml,Household,25,79.2,1.32,2026-08-30
2026-08-30,Powai,SKU6008,Garbage Bags 30s,Household,30,81.6,0.5,2026-08-28
2026-08-30,Powai,SKU6009,Kitchen Towels 2-roll,Household,16,109.5,1.39,2026-08-29
2026-08-30,Powai,SKU6010,Toilet Rolls 6-pack,Household,36,169.4,1.5,2026-08-30
2026-08-30,Powai,SKU6011,Aluminium Foil 9m,Household,0,73.26,0.29,2026-08-29
2026-08-30,Powai,SKU6012,Scrub Pads 3-pack,Household,2,33.0,0.0,
2026-08-30,Powai,SKU6013,Mosquito Repellent Refill,Household,10,60.35,0.32,2026-08-26
2026-08-30,Powai,SKU6014,Air Freshener 240ml,Household,12,133.33,0.39,2026-08-29
2026-08-30,Powai,SKU6015,Phenyl 1L,Household,2,63.0,0.04,2026-08-27
2026-08-30,Powai,SKU6016,LED Bulb 9W,Household,38,71.5,2.43,2026-08-30
2026-08-30,Thane,SKU1001,Basmati Rice 5kg,Grocery,8,558.14,0.64,2026-08-26
2026-08-30,Thane,SKU1002,Sona Masoori Rice 10kg,Grocery,43,703.12,1.21,2026-08-30
2026-08-30,Thane,SKU1003,Whole Wheat Atta 10kg,Grocery,0,435.21,0.43,2026-08-30
2026-08-30,Thane,SKU1004,Toor Dal 1kg,Grocery,49,147.03,1.82,2026-08-30
2026-08-30,Thane,SKU1005,Moong Dal 1kg,Grocery,17,129.63,0.64,2026-08-30
2026-08-30,Thane,SKU1006,Chana Dal 1kg,Grocery,0,93.74,0.46,2026-08-30
2026-08-30,Thane,SKU1007,Sugar 1kg,Grocery,0,45.12,0.64,2026-08-30
2026-08-30,Thane,SKU1008,Iodised Salt 1kg,Grocery,20,22.96,0.79,2026-08-28
2026-08-30,Thane,SKU1009,Sunflower Oil 1L,Grocery,9,144.69,0.25,2026-08-30
2026-08-30,Thane,SKU1010,Mustard Oil 1L,Grocery,5,170.1,0.36,2026-08-28
2026-08-30,Thane,SKU1011,Poha 500g,Grocery,173,36.0,7.68,2026-08-30
2026-08-30,Thane,SKU1012,Rava 1kg,Grocery,17,50.22,0.96,2026-08-30
2026-08-30,Thane,SKU1013,Turmeric Powder 200g,Grocery,44,41.76,1.04,2026-08-30
2026-08-30,Thane,SKU1014,Red Chilli Powder 200g,Grocery,3,52.56,0.18,2026-08-27
2026-08-30,Thane,SKU1015,Garam Masala 100g,Grocery,10,57.8,0.29,2026-08-28
2026-08-30,Thane,SKU1016,Groundnuts 500g,Grocery,7,78.85,0.25,2026-08-24
2026-08-30,Thane,SKU1017,Kabuli Chana 1kg,Grocery,8,118.15,0.25,2026-08-22
2026-08-30,Thane,SKU1018,Rajma 1kg,Grocery,23,140.25,0.39,2026-08-30
2026-08-30,Thane,SKU1019,Jaggery 1kg,Grocery,60,66.36,3.75,2026-08-30
2026-08-30,Thane,SKU1020,Vermicelli 400g,Grocery,9,32.76,0.21,2026-08-19
2026-08-30,Thane,SKU2001,Instant Noodles 4-pack,FMCG,10,47.04,0.25,2026-08-29
2026-08-30,Thane,SKU2002,Tomato Ketchup 1kg,FMCG,2,109.81,0.0,
2026-08-30,Thane,SKU2003,Corn Flakes 875g,FMCG,20,286.18,0.89,2026-08-30
2026-08-30,Thane,SKU2004,Oats 1kg,FMCG,13,161.19,0.32,2026-08-27
2026-08-30,Thane,SKU2005,Peanut Butter 340g,FMCG,173,137.83,2.54,2026-08-30
2026-08-30,Thane,SKU2006,Mixed Fruit Jam 500g,FMCG,9,116.22,0.39,2026-08-28
2026-08-30,Thane,SKU2007,Glucose Biscuits 800g,FMCG,9,77.4,0.46,2026-08-30
2026-08-30,Thane,SKU2008,Cream Biscuits 300g,FMCG,1,49.8,0.0,
2026-08-30,Thane,SKU2009,Potato Chips 150g,FMCG,17,38.0,0.29,2026-08-22
2026-08-30,Thane,SKU2010,Namkeen Mix 400g,FMCG,11,74.25,0.39,2026-08-28
2026-08-30,Thane,SKU2011,Dark Chocolate 100g,FMCG,13,84.0,0.79,2026-08-29
2026-08-30,Thane,SKU2012,Instant Coffee 100g,FMCG,1502,239.2,21.18,2026-08-30
2026-08-30,Thane,SKU2013,Tea Leaves 500g,FMCG,7,217.3,0.14,2026-08-18
2026-08-30,Thane,SKU2014,Pasta Penne 500g,FMCG,2,85.1,0.0,
2026-08-30,Thane,SKU2015,Soya Chunks 200g,FMCG,141,33.88,2.04,2026-08-29
2026-08-30,Thane,SKU2016,Honey 500g,FMCG,12,189.24,0.93,2026-08-29
2026-08-30,Thane,SKU2017,Pickle Mango 400g,FMCG,14,91.59,0.79,2026-08-30
2026-08-30,Thane,SKU2018,Baking Soda 100g,FMCG,22,17.5,0.32,2026-08-29
2026-08-30,Thane,SKU2019,Custard Powder 100g,FMCG,14,34.56,1.11,2026-08-30
2026-08-30,Thane,SKU2020,Muesli 500g,FMCG,9,256.62,0.96,2026-08-29
2026-08-30,Thane,SKU3001,Sandwich Bread 400g,Bakery,14,35.1,0.43,2026-08-28
2026-08-30,Thane,SKU3002,Brown Bread 400g,Bakery,3,41.8,0.0,
2026-08-30,Thane,SKU3003,Multigrain Bread 400g,Bakery,0,48.1,0.0,2026-07-28
2026-08-30,Thane,SKU3004,Pav 6-pack,Bakery,8,22.5,0.36,2026-08-28
2026-08-30,Thane,SKU3005,Butter Croissant,Bakery,51,34.1,4.64,2026-08-30
2026-08-30,Thane,SKU3006,Chocolate Muffin,Bakery,33,36.0,1.25,2026-08-27
2026-08-30,Thane,SKU3007,Plum Cake 300g,Bakery,276,118.8,14.21,2026-08-30
2026-08-30,Thane,SKU3008,Garlic Bread,Bakery,14,60.8,0.57,2026-08-28
2026-08-30,Thane,SKU3009,Rusk 300g,Bakery,34,51.1,0.57,2026-08-25
2026-08-30,Thane,SKU3010,Fruit Bun,Bakery,12,16.75,0.36,2026-08-25
2026-08-30,Thane,SKU3011,Cheese Danish,Bakery,163,51.85,7.11,2026-08-30
2026-08-30,Thane,SKU3012,Burger Buns 4-pack,Bakery,8,36.0,0.29,2026-08-30
2026-08-30,Thane,SKU3013,Whole Wheat Cookies 250g,Bakery,9,71.5,0.21,2026-08-14
2026-08-30,Thane,SKU3014,Banana Walnut Loaf,Bakery,78,138.6,1.54,2026-08-29
2026-08-30,Thane,SKU3015,Cinnamon Roll,Bakery,9,44.25,0.46,2026-08-28
2026-08-30,Thane,SKU3016,Pizza Base 2-pack,Bakery,33,42.0,1.29,2026-08-30
2026-08-30,Thane,SKU4001,Mineral Water 1L,Beverages,10,15.0,0.39,2026-08-24
2026-08-30,Thane,SKU4002,Orange Juice 1L,Beverages,19,98.75,0.68,2026-08-29
2026-08-30,Thane,SKU4003,Mango Drink 1.2L,Beverages,16,70.2,0.79,2026-08-29
2026-08-30,Thane,SKU4004,Cola 2L,Beverages,8,77.9,0.32,2026-08-30
2026-08-30,Thane,SKU4005,Lemon Soda 750ml,Beverages,16,30.8,1.43,2026-08-29
2026-08-30,Thane,SKU4006,Coconut Water 200ml,Beverages,11,36.0,0.29,2026-08-19
2026-08-30,Thane,SKU4007,Energy Drink 250ml,Beverages,16,85.1,0.36,2026-08-25
2026-08-30,Thane,SKU4008,Cold Coffee 200ml,Beverages,61,38.0,1.61,2026-08-28
2026-08-30,Thane,SKU4009,Buttermilk 500ml,Beverages,12,24.3,0.79,2026-08-30
2026-08-30,Thane,SKU4010,Flavoured Milk 200ml,Beverages,25,28.7,0.36,2026-08-30
2026-08-30,Thane,SKU4011,Green Tea 25 bags,Beverages,100,113.6,2.64,2026-08-30
2026-08-30,Thane,SKU4012,Apple Juice 1L,Beverages,11,106.65,0.57,2026-08-26
2026-08-30,Thane,SKU4013,Soda Water 750ml,Beverages,31,18.25,1.18,2026-08-30
2026-08-30,Thane,SKU4014,Iced Tea 500ml,Beverages,7,45.0,0.57,2026-08-29
2026-08-30,Thane,SKU5001,Herbal Shampoo 340ml,Personal Care,53,178.85,1.79,2026-08-30
2026-08-30,Thane,SKU5002,Anti-dandruff Shampoo 180ml,Personal Care,25,143.28,1.32,2026-08-28
2026-08-30,Thane,SKU5003,Bath Soap 4-pack,Personal Care,8,140.4,0.46,2026-08-29
2026-08-30,Thane,SKU5004,Toothpaste 150g,Personal Care,11,75.24,0.32,2026-08-30
2026-08-30,Thane,SKU5005,Toothbrush Soft,Personal Care,9,26.0,0.54,2026-08-21
2026-08-30,Thane,SKU5006,Face Wash 100ml,Personal Care,20,117.25,1.32,2026-08-30
2026-08-30,Thane,SKU5007,Body Lotion 400ml,Personal Care,24,206.31,0.79,2026-08-24
2026-08-30,Thane,SKU5008,Coconut Hair Oil 500ml,Personal Care,12,145.53,0.64,2026-08-28
2026-08-30,Thane,SKU5009,Hand Wash Refill 750ml,Personal Care,10,81.65,0.32,2026-08-28
2026-08-30,Thane,SKU5010,Deodorant 150ml,Personal Care,8,148.5,0.25,2026-08-18
2026-08-30,Thane,SKU5011,Talcum Powder 300g,Personal Care,16,118.4,0.54,2026-08-30
2026-08-30,Thane,SKU5012,Shaving Foam 200g,Personal Care,12,133.0,0.61,2026-08-22
2026-08-30,Thane,SKU5013,Sanitary Pads 20s,Personal Care,44,142.2,3.5,2026-08-30
2026-08-30,Thane,SKU5014,Lip Balm 4.5g,Personal Care,11,57.0,0.57,2026-08-22
2026-08-30,Thane,SKU5015,Sunscreen SPF50 50ml,Personal Care,32,223.36,1.93,2026-08-30
2026-08-30,Thane,SKU5016,Cotton Buds 100s,Personal Care,6,34.1,0.43,2026-08-27
2026-08-30,Thane,SKU6001,Detergent Powder 4kg,Household,14,414.17,0.54,2026-08-21
2026-08-30,Thane,SKU6002,Liquid Detergent 2L,Household,14,306.99,1.43,2026-08-30
2026-08-30,Thane,SKU6003,Dishwash Bar 3-pack,Household,22,47.4,1.39,2026-08-30
2026-08-30,Thane,SKU6004,Dishwash Gel 750ml,Household,16,110.2,0.68,2026-08-29
2026-08-30,Thane,SKU6005,Floor Cleaner 1L,Household,7,134.25,0.11,2026-08-24
2026-08-30,Thane,SKU6006,Toilet Cleaner 1L,Household,10,117.8,0.5,2026-08-30
2026-08-30,Thane,SKU6007,Glass Cleaner 500ml,Household,58,79.2,2.04,2026-08-30
2026-08-30,Thane,SKU6008,Garbage Bags 30s,Household,6,81.6,0.5,2026-08-30
2026-08-30,Thane,SKU6009,Kitchen Towels 2-roll,Household,74,109.5,2.04,2026-08-30
2026-08-30,Thane,SKU6010,Toilet Rolls 6-pack,Household,26,169.4,1.68,2026-08-29
2026-08-30,Thane,SKU6011,Aluminium Foil 9m,Household,8,73.26,0.29,2026-08-28
2026-08-30,Thane,SKU6012,Scrub Pads 3-pack,Household,3,33.0,0.0,
2026-08-30,Thane,SKU6013,Mosquito Repellent Refill,Household,10,60.35,0.18,2026-08-28
2026-08-30,Thane,SKU6014,Air Freshener 240ml,Household,21,133.33,0.82,2026-08-25
2026-08-30,Thane,SKU6015,Phenyl 1L,Household,4,63.0,0.11,2026-08-14
2026-08-30,Thane,SKU6016,LED Bulb 9W,Household,23,71.5,3.04,2026-08-30
2026-09-06,Andheri,SKU1001,Basmati Rice 5kg,Grocery,14,558.14,0.57,2026-09-02
2026-09-06,Andheri,SKU1002,Sona Masoori Rice 10kg,Grocery,33,703.12,1.32,2026-09-04
2026-09-06,Andheri,SKU1003,Whole Wheat Atta 10kg,Grocery,29,435.21,0.46,2026-08-30
2026-09-06,Andheri,SKU1004,Toor Dal 1kg,Grocery,51,147.03,1.93,2026-09-06
2026-09-06,Andheri,SKU1005,Moong Dal 1kg,Grocery,8,129.63,0.54,2026-09-04
2026-09-06,Andheri,SKU1006,Chana Dal 1kg,Grocery,13,93.74,0.82,2026-09-05
2026-09-06,Andheri,SKU1007,Sugar 1kg,Grocery,11,45.12,0.89,2026-09-06
2026-09-06,Andheri,SKU1008,Iodised Salt 1kg,Grocery,58,22.96,1.64,2026-09-06
2026-09-06,Andheri,SKU1009,Sunflower Oil 1L,Grocery,7,144.69,0.25,2026-09-01
2026-09-06,Andheri,SKU1010,Mustard Oil 1L,Grocery,23,170.1,0.64,2026-09-05
2026-09-06,Andheri,SKU1011,Poha 500g,Grocery,107,36.0,7.86,2026-09-06
2026-09-06,Andheri,SKU1012,Rava 1kg,Grocery,19,50.22,0.96,2026-09-05
2026-09-06,Andheri,SKU1013,Turmeric Powder 200g,Grocery,28,41.76,1.07,2026-09-05
2026-09-06,Andheri,SKU1014,Red Chilli Powder 200g,Grocery,31,52.56,0.39,2026-09-06
2026-09-06,Andheri,SKU1015,Garam Masala 100g,Grocery,7,57.8,0.39,2026-08-31
2026-09-06,Andheri,SKU1016,Groundnuts 500g,Grocery,13,78.85,0.43,2026-08-31
2026-09-06,Andheri,SKU1017,Kabuli Chana 1kg,Grocery,18,118.15,1.25,2026-09-04
2026-09-06,Andheri,SKU1018,Rajma 1kg,Grocery,12,140.25,0.75,2026-09-04
2026-09-06,Andheri,SKU1019,Jaggery 1kg,Grocery,199,66.36,5.86,2026-09-06
2026-09-06,Andheri,SKU1020,Vermicelli 400g,Grocery,20,32.76,0.5,2026-09-06
2026-09-06,Andheri,SKU2001,Instant Noodles 4-pack,FMCG,5,47.04,0.46,2026-09-04
2026-09-06,Andheri,SKU2002,Tomato Ketchup 1kg,FMCG,0,109.81,0.0,
2026-09-06,Andheri,SKU2003,Corn Flakes 875g,FMCG,30,286.18,1.18,2026-09-06
2026-09-06,Andheri,SKU2004,Oats 1kg,FMCG,23,161.19,0.68,2026-09-05
2026-09-06,Andheri,SKU2005,Peanut Butter 340g,FMCG,183,137.83,4.68,2026-09-06
2026-09-06,Andheri,SKU2006,Mixed Fruit Jam 500g,FMCG,9,116.22,0.36,2026-08-28
2026-09-06,Andheri,SKU2007,Glucose Biscuits 800g,FMCG,19,77.4,0.79,2026-09-06
2026-09-06,Andheri,SKU2008,Cream Biscuits 300g,FMCG,2,49.8,0.0,
2026-09-06,Andheri,SKU2009,Potato Chips 150g,FMCG,4,38.0,0.57,2026-09-06
2026-09-06,Andheri,SKU2010,Namkeen Mix 400g,FMCG,8,74.25,0.29,2026-09-03
2026-09-06,Andheri,SKU2011,Dark Chocolate 100g,FMCG,20,84.0,1.0,2026-09-06
2026-09-06,Andheri,SKU2012,Instant Coffee 100g,FMCG,453,239.2,25.46,2026-09-06
2026-09-06,Andheri,SKU2013,Tea Leaves 500g,FMCG,16,217.3,0.36,2026-09-05
2026-09-06,Andheri,SKU2014,Pasta Penne 500g,FMCG,5,85.1,0.0,
2026-09-06,Andheri,SKU2015,Soya Chunks 200g,FMCG,43,33.88,2.93,2026-09-06
2026-09-06,Andheri,SKU2016,Honey 500g,FMCG,20,189.24,0.89,2026-09-06
2026-09-06,Andheri,SKU2017,Pickle Mango 400g,FMCG,15,91.59,0.86,2026-08-24
2026-09-06,Andheri,SKU2018,Baking Soda 100g,FMCG,30,17.5,0.68,2026-09-06
2026-09-06,Andheri,SKU2019,Custard Powder 100g,FMCG,19,34.56,1.64,2026-09-06
2026-09-06,Andheri,SKU2020,Muesli 500g,FMCG,8,256.62,0.68,2026-09-06
2026-09-06,Andheri,SKU3001,Sandwich Bread 400g,Bakery,22,35.1,1.11,2026-09-06
2026-09-06,Andheri,SKU3002,Brown Bread 400g,Bakery,4,41.8,0.14,2026-08-16
2026-09-06,Andheri,SKU3003,Multigrain Bread 400g,Bakery,3,48.1,0.04,2026-09-06
2026-09-06,Andheri,SKU3004,Pav 6-pack,Bakery,18,22.5,0.64,2026-09-05
2026-09-06,Andheri,SKU3005,Butter Croissant,Bakery,153,34.1,5.57,2026-09-06
2026-09-06,Andheri,SKU3006,Chocolate Muffin,Bakery,22,36.0,0.61,2026-09-06
2026-09-06,Andheri,SKU3007,Plum Cake 300g,Bakery,271,118.8,18.39,2026-09-06
2026-09-06,Andheri,SKU3008,Garlic Bread,Bakery,38,60.8,1.14,2026-09-05
2026-09-06,Andheri,SKU3009,Rusk 300g,Bakery,18,51.1,0.89,2026-09-06
2026-09-06,Andheri,SKU3010,Fruit Bun,Bakery,46,16.75,0.82,2026-09-06
2026-09-06,Andheri,SKU3011,Cheese Danish,Bakery,284,51.85,8.64,2026-09-06
2026-09-06,Andheri,SKU3012,Burger Buns 4-pack,Bakery,22,36.0,0.64,2026-09-05
2026-09-06,Andheri,SKU3013,Whole Wheat Cookies 250g,Bakery,12,71.5,0.32,2026-08-20
2026-09-06,Andheri,SKU3014,Banana Walnut Loaf,Bakery,38,138.6,2.36,2026-09-06
2026-09-06,Andheri,SKU3015,Cinnamon Roll,Bakery,15,44.25,0.89,2026-09-06
2026-09-06,Andheri,SKU3016,Pizza Base 2-pack,Bakery,37,42.0,1.71,2026-09-06
2026-09-06,Andheri,SKU4001,Mineral Water 1L,Beverages,38,15.0,0.75,2026-09-04
2026-09-06,Andheri,SKU4002,Orange Juice 1L,Beverages,11,98.75,0.61,2026-08-29
2026-09-06,Andheri,SKU4003,Mango Drink 1.2L,Beverages,30,70.2,0.68,2026-09-06
2026-09-06,Andheri,SKU4004,Cola 2L,Beverages,12,77.9,0.43,2026-09-06
2026-09-06,Andheri,SKU4005,Lemon Soda 750ml,Beverages,23,30.8,1.0,2026-09-04
2026-09-06,Andheri,SKU4006,Coconut Water 200ml,Beverages,7,36.0,0.29,2026-09-06
2026-09-06,Andheri,SKU4007,Energy Drink 250ml,Beverages,9,85.1,0.71,2026-09-06
2026-09-06,Andheri,SKU4008,Cold Coffee 200ml,Beverages,29,38.0,2.04,2026-09-06
2026-09-06,Andheri,SKU4009,Buttermilk 500ml,Beverages,21,24.3,0.5,2026-09-03
2026-09-06,Andheri,SKU4010,Flavoured Milk 200ml,Beverages,28,28.7,1.0,2026-09-06
2026-09-06,Andheri,SKU4011,Green Tea 25 bags,Beverages,0,113.6,2.75,2026-09-06
2026-09-06,Andheri,SKU4012,Apple Juice 1L,Beverages,13,106.65,0.39,2026-09-01
2026-09-06,Andheri,SKU4013,Soda Water 750ml,Beverages,40,18.25,1.04,2026-09-06
2026-09-06,Andheri,SKU4014,Iced Tea 500ml,Beverages,22,45.0,0.39,2026-09-03
2026-09-06,Andheri,SKU5001,Herbal Shampoo 340ml,Personal Care,70,178.85,1.82,2026-09-06
2026-09-06,Andheri,SKU5002,Anti-dandruff Shampoo 180ml,Personal Care,17,143.28,0.79,2026-09-05
2026-09-06,Andheri,SKU5003,Bath Soap 4-pack,Personal Care,46,140.4,0.93,2026-08-31
2026-09-06,Andheri,SKU5004,Toothpaste 150g,Personal Care,17,75.24,0.39,2026-08-29
2026-09-06,Andheri,SKU5005,Toothbrush Soft,Personal Care,23,26.0,1.04,2026-09-05
2026-09-06,Andheri,SKU5006,Face Wash 100ml,Personal Care,12,117.25,0.96,2026-09-05
2026-09-06,Andheri,SKU5007,Body Lotion 400ml,Personal Care,10,206.31,0.93,2026-09-04
2026-09-06,Andheri,SKU5008,Coconut Hair Oil 500ml,Personal Care,6,145.53,0.25,2026-08-29
2026-09-06,Andheri,SKU5009,Hand Wash Refill 750ml,Personal Care,6,81.65,0.46,2026-09-05
2026-09-06,Andheri,SKU5010,Deodorant 150ml,Personal Care,5,148.5,0.25,2026-08-26
2026-09-06,Andheri,SKU5011,Talcum Powder 300g,Personal Care,11,118.4,0.46,2026-09-01
2026-09-06,Andheri,SKU5012,Shaving Foam 200g,Personal Care,13,133.0,0.68,2026-09-06
2026-09-06,Andheri,SKU5013,Sanitary Pads 20s,Personal Care,165,142.2,4.0,2026-09-06
2026-09-06,Andheri,SKU5014,Lip Balm 4.5g,Personal Care,5,57.0,0.14,2026-09-06
2026-09-06,Andheri,SKU5015,Sunscreen SPF50 50ml,Personal Care,181,223.36,2.21,2026-09-06
2026-09-06,Andheri,SKU5016,Cotton Buds 100s,Personal Care,6,34.1,0.18,2026-08-29
2026-09-06,Andheri,SKU6001,Detergent Powder 4kg,Household,9,414.17,0.39,2026-09-03
2026-09-06,Andheri,SKU6002,Liquid Detergent 2L,Household,33,306.99,0.96,2026-09-06
2026-09-06,Andheri,SKU6003,Dishwash Bar 3-pack,Household,70,47.4,1.75,2026-09-05
2026-09-06,Andheri,SKU6004,Dishwash Gel 750ml,Household,27,110.2,1.18,2026-09-04
2026-09-06,Andheri,SKU6005,Floor Cleaner 1L,Household,13,134.25,0.57,2026-09-03
2026-09-06,Andheri,SKU6006,Toilet Cleaner 1L,Household,38,117.8,1.18,2026-09-06
2026-09-06,Andheri,SKU6007,Glass Cleaner 500ml,Household,41,79.2,2.29,2026-09-06
2026-09-06,Andheri,SKU6008,Garbage Bags 30s,Household,16,81.6,0.79,2026-09-01
2026-09-06,Andheri,SKU6009,Kitchen Towels 2-roll,Household,44,109.5,1.46,2026-09-05
2026-09-06,Andheri,SKU6010,Toilet Rolls 6-pack,Household,35,169.4,2.04,2026-09-06
2026-09-06,Andheri,SKU6011,Aluminium Foil 9m,Household,27,73.26,0.79,2026-09-05
2026-09-06,Andheri,SKU6012,Scrub Pads 3-pack,Household,2,33.0,0.0,
2026-09-06,Andheri,SKU6013,Mosquito Repellent Refill,Household,11,60.35,0.36,2026-09-06
2026-09-06,Andheri,SKU6014,Air Freshener 240ml,Household,22,133.33,1.07,2026-09-01
2026-09-06,Andheri,SKU6015,Phenyl 1L,Household,13,63.0,0.36,2026-09-06
2026-09-06,Andheri,SKU6016,LED Bulb 9W,Household,72,71.5,2.43,2026-09-06
2026-09-06,Mumbai Central,SKU1001,Basmati Rice 5kg,Grocery,23,558.14,0.46,2026-09-06
2026-09-06,Mumbai Central,SKU1002,Sona Masoori Rice 10kg,Grocery,34,703.12,2.25,2026-09-06
2026-09-06,Mumbai Central,SKU1003,Whole Wheat Atta 10kg,Grocery,20,435.21,0.54,2026-09-01
2026-09-06,Mumbai Central,SKU1004,Toor Dal 1kg,Grocery,38,147.03,1.61,2026-09-06
2026-09-06,Mumbai Central,SKU1005,Moong Dal 1kg,Grocery,20,129.63,1.07,2026-09-05
2026-09-06,Mumbai Central,SKU1006,Chana Dal 1kg,Grocery,10,93.74,0.39,2026-09-04
2026-09-06,Mumbai Central,SKU1007,Sugar 1kg,Grocery,14,45.12,0.71,2026-09-03
2026-09-06,Mumbai Central,SKU1008,Iodised Salt 1kg,Grocery,31,22.96,1.04,2026-09-06
2026-09-06,Mumbai Central,SKU1009,Sunflower Oil 1L,Grocery,16,144.69,0.5,2026-09-04
2026-09-06,Mumbai Central,SKU1010,Mustard Oil 1L,Grocery,8,170.1,0.29,2026-09-03
2026-09-06,Mumbai Central,SKU1011,Poha 500g,Grocery,1051,36.0,11.0,2026-09-06
2026-09-06,Mumbai Central,SKU1012,Rava 1kg,Grocery,80,50.22,1.64,2026-09-04
2026-09-06,Mumbai Central,SKU1013,Turmeric Powder 200g,Grocery,17,41.76,1.07,2026-09-06
2026-09-06,Mumbai Central,SKU1014,Red Chilli Powder 200g,Grocery,29,52.56,1.11,2026-09-06
2026-09-06,Mumbai Central,SKU1015,Garam Masala 100g,Grocery,9,57.8,0.68,2026-09-06
2026-09-06,Mumbai Central,SKU1016,Groundnuts 500g,Grocery,12,78.85,0.25,2026-09-06
2026-09-06,Mumbai Central,SKU1017,Kabuli Chana 1kg,Grocery,22,118.15,0.54,2026-09-04
2026-09-06,Mumbai Central,SKU1018,Rajma 1kg,Grocery,12,140.25,0.54,2026-09-03
2026-09-06,Mumbai Central,SKU1019,Jaggery 1kg,Grocery,143,66.36,6.07,2026-09-06
2026-09-06,Mumbai Central,SKU1020,Vermicelli 400g,Grocery,14,32.76,0.54,2026-09-02
2026-09-06,Mumbai Central,SKU2001,Instant Noodles 4-pack,FMCG,7,47.04,0.36,2026-09-03
2026-09-06,Mumbai Central,SKU2002,Tomato Ketchup 1kg,FMCG,0,109.81,0.0,
2026-09-06,Mumbai Central,SKU2003,Corn Flakes 875g,FMCG,26,286.18,1.21,2026-09-05
2026-09-06,Mumbai Central,SKU2004,Oats 1kg,FMCG,12,161.19,0.18,2026-08-31
2026-09-06,Mumbai Central,SKU2005,Peanut Butter 340g,FMCG,100,137.83,3.5,2026-09-06
2026-09-06,Mumbai Central,SKU2006,Mixed Fruit Jam 500g,FMCG,18,116.22,0.61,2026-09-04
2026-09-06,Mumbai Central,SKU2007,Glucose Biscuits 800g,FMCG,6,77.4,0.32,2026-08-29
2026-09-06,Mumbai Central,SKU2008,Cream Biscuits 300g,FMCG,2,49.8,0.0,
2026-09-06,Mumbai Central,SKU2009,Potato Chips 150g,FMCG,23,38.0,0.68,2026-09-05
2026-09-06,Mumbai Central,SKU2010,Namkeen Mix 400g,FMCG,14,74.25,0.43,2026-09-04
2026-09-06,Mumbai Central,SKU2011,Dark Chocolate 100g,FMCG,38,84.0,0.93,2026-09-02
2026-09-06,Mumbai Central,SKU2012,Instant Coffee 100g,FMCG,405,239.2,26.21,2026-09-06
2026-09-06,Mumbai Central,SKU2013,Tea Leaves 500g,FMCG,19,217.3,0.46,2026-09-06
2026-09-06,Mumbai Central,SKU2014,Pasta Penne 500g,FMCG,5,85.1,0.0,
2026-09-06,Mumbai Central,SKU2015,Soya Chunks 200g,FMCG,32,33.88,2.25,2026-09-06
2026-09-06,Mumbai Central,SKU2016,Honey 500g,FMCG,27,189.24,0.93,2026-09-04
2026-09-06,Mumbai Central,SKU2017,Pickle Mango 400g,FMCG,53,91.59,0.57,2026-09-05
2026-09-06,Mumbai Central,SKU2018,Baking Soda 100g,FMCG,15,17.5,1.04,2026-09-06
2026-09-06,Mumbai Central,SKU2019,Custard Powder 100g,FMCG,52,34.56,1.89,2026-09-06
2026-09-06,Mumbai Central,SKU2020,Muesli 500g,FMCG,25,256.62,0.64,2026-09-02
2026-09-06,Mumbai Central,SKU3001,Sandwich Bread 400g,Bakery,6,35.1,0.43,2026-09-03
2026-09-06,Mumbai Central,SKU3002,Brown Bread 400g,Bakery,0,41.8,0.0,
2026-09-06,Mumbai Central,SKU3003,Multigrain Bread 400g,Bakery,2,48.1,0.0,
2026-09-06,Mumbai Central,SKU3004,Pav 6-pack,Bakery,15,22.5,0.61,2026-09-06
2026-09-06,Mumbai Central,SKU3005,Butter Croissant,Bakery,210,34.1,8.79,2026-09-06
2026-09-06,Mumbai Central,SKU3006,Chocolate Muffin,Bakery,66,36.0,0.96,2026-09-03
2026-09-06,Mumbai Central,SKU3007,Plum Cake 300g,Bakery,491,118.8,19.43,2026-09-06
2026-09-06,Mumbai Central,SKU3008,Garlic Bread,Bakery,31,60.8,0.71,2026-09-06
2026-09-06,Mumbai Central,SKU3009,Rusk 300g,Bakery,6,51.1,0.14,2026-09-03
2026-09-06,Mumbai Central,SKU3010,Fruit Bun,Bakery,22,16.75,1.04,2026-09-06
2026-09-06,Mumbai Central,SKU3011,Cheese Danish,Bakery,305,51.85,12.07,2026-09-06
2026-09-06,Mumbai Central,SKU3012,Burger Buns 4-pack,Bakery,53,36.0,1.46,2026-09-06
2026-09-06,Mumbai Central,SKU3013,Whole Wheat Cookies 250g,Bakery,5,71.5,0.5,2026-09-02
2026-09-06,Mumbai Central,SKU3014,Banana Walnut Loaf,Bakery,51,138.6,2.39,2026-09-06
2026-09-06,Mumbai Central,SKU3015,Cinnamon Roll,Bakery,6,44.25,0.18,2026-09-01
2026-09-06,Mumbai Central,SKU3016,Pizza Base 2-pack,Bakery,16,42.0,0.93,2026-09-04
2026-09-06,Mumbai Central,SKU4001,Mineral Water 1L,Beverages,16,15.0,0.43,2026-09-06
2026-09-06,Mumbai Central,SKU4002,Orange Juice 1L,Beverages,32,98.75,1.04,2026-09-06
2026-09-06,Mumbai Central,SKU4003,Mango Drink 1.2L,Beverages,18,70.2,0.32,2026-09-04
2026-09-06,Mumbai Central,SKU4004,Cola 2L,Beverages,11,77.9,0.36,2026-09-05
2026-09-06,Mumbai Central,SKU4005,Lemon Soda 750ml,Beverages,18,30.8,1.71,2026-09-06
2026-09-06,Mumbai Central,SKU4006,Coconut Water 200ml,Beverages,5,36.0,0.32,2026-09-06
2026-09-06,Mumbai Central,SKU4007,Energy Drink 250ml,Beverages,15,85.1,0.54,2026-09-04
2026-09-06,Mumbai Central,SKU4008,Cold Coffee 200ml,Beverages,23,38.0,1.39,2026-09-06
2026-09-06,Mumbai Central,SKU4009,Buttermilk 500ml,Beverages,23,24.3,0.64,2026-09-05
2026-09-06,Mumbai Central,SKU4010,Flavoured Milk 200ml,Beverages,17,28.7,0.64,2026-09-05
2026-09-06,Mumbai Central,SKU4011,Green Tea 25 bags,Beverages,226,113.6,3.54,2026-09-06
2026-09-06,Mumbai Central,SKU4012,Apple Juice 1L,Beverages,3,106.65,0.61,2026-09-06
2026-09-06,Mumbai Central,SKU4013,Soda Water 750ml,Beverages,66,18.25,1.21,2026-09-04
2026-09-06,Mumbai Central,SKU4014,Iced Tea 500ml,Beverages,8,45.0,0.25,2026-09-04
2026-09-06,Mumbai Central,SKU5001,Herbal Shampoo 340ml,Personal Care,37,178.85,2.0,2026-09-05
2026-09-06,Mumbai Central,SKU5002,Anti-dandruff Shampoo 180ml,Personal Care,40,143.28,2.04,2026-09-06
2026-09-06,Mumbai Central,SKU5003,Bath Soap 4-pack,Personal Care,6,140.4,0.54,2026-09-05
2026-09-06,Mumbai Central,SKU5004,Toothpaste 150g,Personal Care,31,75.24,0.86,2026-09-05
2026-09-06,Mumbai Central,SKU5005,Toothbrush Soft,Personal Care,29,26.0,1.11,2026-09-06
2026-09-06,Mumbai Central,SKU5006,Face Wash 100ml,Personal Care,34,117.25,1.71,2026-09-05
2026-09-06,Mumbai Central,SKU5007,Body Lotion 400ml,Personal Care,43,206.31,0.79,2026-09-03
2026-09-06,Mumbai Central,SKU5008,Coconut Hair Oil 500ml,Personal Care,9,145.53,0.68,2026-09-04
2026-09-06,Mumbai Central,SKU5009,Hand Wash Refill 750ml,Personal Care,11,81.65,0.36,2026-08-31
2026-09-06,Mumbai Central,SKU5010,Deodorant 150ml,Personal Care,13,148.5,0.25,2026-08-27
2026-09-06,Mumbai Central,SKU5011,Talcum Powder 300g,Personal Care,18,118.4,0.75,2026-09-04
2026-09-06,Mumbai Central,SKU5012,Shaving Foam 200g,Personal Care,11,133.0,0.46,2026-09-06
2026-09-06,Mumbai Central,SKU5013,Sanitary Pads 20s,Personal Care,162,142.2,5.57,2026-09-06
2026-09-06,Mumbai Central,SKU5014,Lip Balm 4.5g,Personal Care,10,57.0,0.36,2026-09-03
2026-09-06,Mumbai Central,SKU5015,Sunscreen SPF50 50ml,Personal Care,171,223.36,2.18,2026-09-06
2026-09-06,Mumbai Central,SKU5016,Cotton Buds 100s,Personal Care,8,34.1,0.39,2026-09-05
2026-09-06,Mumbai Central,SKU6001,Detergent Powder 4kg,Household,16,414.17,1.14,2026-09-03
2026-09-06,Mumbai Central,SKU6002,Liquid Detergent 2L,Household,42,306.99,1.39,2026-09-06
2026-09-06,Mumbai Central,SKU6003,Dishwash Bar 3-pack,Household,69,47.4,2.0,2026-09-06
2026-09-06,Mumbai Central,SKU6004,Dishwash Gel 750ml,Household,26,110.2,1.36,2026-09-06
2026-09-06,Mumbai Central,SKU6005,Floor Cleaner 1L,Household,31,134.25,0.82,2026-09-04
2026-09-06,Mumbai Central,SKU6006,Toilet Cleaner 1L,Household,14,117.8,0.5,2026-09-06
2026-09-06,Mumbai Central,SKU6007,Glass Cleaner 500ml,Household,33,79.2,1.54,2026-09-04
2026-09-06,Mumbai Central,SKU6008,Garbage Bags 30s,Household,42,81.6,0.61,2026-09-03
2026-09-06,Mumbai Central,SKU6009,Kitchen Towels 2-roll,Household,40,109.5,2.11,2026-09-06
2026-09-06,Mumbai Central,SKU6010,Toilet Rolls 6-pack,Household,53,169.4,2.96,2026-09-05
2026-09-06,Mumbai Central,SKU6011,Aluminium Foil 9m,Household,58,73.26,0.93,2026-09-04
2026-09-06,Mumbai Central,SKU6012,Scrub Pads 3-pack,Household,0,33.0,0.0,
2026-09-06,Mumbai Central,SKU6013,Mosquito Repellent Refill,Household,13,60.35,0.54,2026-09-05
2026-09-06,Mumbai Central,SKU6014,Air Freshener 240ml,Household,30,133.33,0.57,2026-08-31
2026-09-06,Mumbai Central,SKU6015,Phenyl 1L,Household,13,63.0,0.46,2026-09-04
2026-09-06,Mumbai Central,SKU6016,LED Bulb 9W,Household,80,71.5,3.68,2026-09-06
2026-09-06,Navi Mumbai,SKU1001,Basmati Rice 5kg,Grocery,23,558.14,0.5,2026-09-05
2026-09-06,Navi Mumbai,SKU1002,Sona Masoori Rice 10kg,Grocery,16,703.12,0.57,2026-09-05
2026-09-06,Navi Mumbai,SKU1003,Whole Wheat Atta 10kg,Grocery,7,435.21,0.32,2026-09-05
2026-09-06,Navi Mumbai,SKU1004,Toor Dal 1kg,Grocery,0,147.03,0.89,2026-09-06
2026-09-06,Navi Mumbai,SKU1005,Moong Dal 1kg,Grocery,9,129.63,0.43,2026-09-03
2026-09-06,Navi Mumbai,SKU1006,Chana Dal 1kg,Grocery,14,93.74,0.36,2026-08-30
2026-09-06,Navi Mumbai,SKU1007,Sugar 1kg,Grocery,10,45.12,0.29,2026-09-04
2026-09-06,Navi Mumbai,SKU1008,Iodised Salt 1kg,Grocery,19,22.96,0.57,2026-09-04
2026-09-06,Navi Mumbai,SKU1009,Sunflower Oil 1L,Grocery,9,144.69,0.21,2026-09-06
2026-09-06,Navi Mumbai,SKU1010,Mustard Oil 1L,Grocery,9,170.1,0.36,2026-09-02
2026-09-06,Navi Mumbai,SKU1011,Poha 500g,Grocery,83,36.0,4.64,2026-09-06
2026-09-06,Navi Mumbai,SKU1012,Rava 1kg,Grocery,25,50.22,0.68,2026-09-06
2026-09-06,Navi Mumbai,SKU1013,Turmeric Powder 200g,Grocery,41,41.76,0.79,2026-09-06
2026-09-06,Navi Mumbai,SKU1014,Red Chilli Powder 200g,Grocery,14,52.56,0.39,2026-08-28
2026-09-06,Navi Mumbai,SKU1015,Garam Masala 100g,Grocery,10,57.8,0.29,2026-09-05
2026-09-06,Navi Mumbai,SKU1016,Groundnuts 500g,Grocery,3,78.85,0.07,2026-08-23
2026-09-06,Navi Mumbai,SKU1017,Kabuli Chana 1kg,Grocery,7,118.15,0.25,2026-09-05
2026-09-06,Navi Mumbai,SKU1018,Rajma 1kg,Grocery,12,140.25,0.25,2026-09-01
2026-09-06,Navi Mumbai,SKU1019,Jaggery 1kg,Grocery,53,66.36,2.75,2026-09-06
2026-09-06,Navi Mumbai,SKU1020,Vermicelli 400g,Grocery,6,32.76,0.18,2026-09-05
2026-09-06,Navi Mumbai,SKU2001,Instant Noodles 4-pack,FMCG,2,47.04,0.07,2026-09-03
2026-09-06,Navi Mumbai,SKU2002,Tomato Ketchup 1kg,FMCG,3,109.81,0.0,
2026-09-06,Navi Mumbai,SKU2003,Corn Flakes 875g,FMCG,0,286.18,0.96,2026-09-06
2026-09-06,Navi Mumbai,SKU2004,Oats 1kg,FMCG,13,161.19,0.36,2026-09-05
2026-09-06,Navi Mumbai,SKU2005,Peanut Butter 340g,FMCG,87,137.83,2.64,2026-09-05
2026-09-06,Navi Mumbai,SKU2006,Mixed Fruit Jam 500g,FMCG,14,116.22,0.46,2026-09-06
2026-09-06,Navi Mumbai,SKU2007,Glucose Biscuits 800g,FMCG,6,77.4,0.11,2026-08-30
2026-09-06,Navi Mumbai,SKU2008,Cream Biscuits 300g,FMCG,0,49.8,0.0,
2026-09-06,Navi Mumbai,SKU2009,Potato Chips 150g,FMCG,16,38.0,0.64,2026-09-06
2026-09-06,Navi Mumbai,SKU2010,Namkeen Mix 400g,FMCG,8,74.25,0.29,2026-09-06
2026-09-06,Navi Mumbai,SKU2011,Dark Chocolate 100g,FMCG,21,84.0,0.39,2026-09-06
2026-09-06,Navi Mumbai,SKU2012,Instant Coffee 100g,FMCG,0,239.2,15.54,2026-09-06
2026-09-06,Navi Mumbai,SKU2013,Tea Leaves 500g,FMCG,9,217.3,0.46,2026-09-01
2026-09-06,Navi Mumbai,SKU2014,Pasta Penne 500g,FMCG,1,85.1,0.0,
2026-09-06,Navi Mumbai,SKU2015,Soya Chunks 200g,FMCG,43,33.88,1.93,2026-09-06
2026-09-06,Navi Mumbai,SKU2016,Honey 500g,FMCG,8,189.24,0.86,2026-09-06
2026-09-06,Navi Mumbai,SKU2017,Pickle Mango 400g,FMCG,9,91.59,0.29,2026-09-05
2026-09-06,Navi Mumbai,SKU2018,Baking Soda 100g,FMCG,15,17.5,0.43,2026-09-05
2026-09-06,Navi Mumbai,SKU2019,Custard Powder 100g,FMCG,58,34.56,1.36,2026-09-06
2026-09-06,Navi Mumbai,SKU2020,Muesli 500g,FMCG,10,256.62,0.5,2026-09-05
2026-09-06,Navi Mumbai,SKU3001,Sandwich Bread 400g,Bakery,9,35.1,0.29,2026-09-01
2026-09-06,Navi Mumbai,SKU3002,Brown Bread 400g,Bakery,3,41.8,0.0,
2026-09-06,Navi Mumbai,SKU3003,Multigrain Bread 400g,Bakery,4,48.1,0.0,
2026-09-06,Navi Mumbai,SKU3004,Pav 6-pack,Bakery,6,22.5,0.36,2026-09-06
2026-09-06,Navi Mumbai,SKU3005,Butter Croissant,Bakery,46,34.1,4.18,2026-09-06
2026-09-06,Navi Mumbai,SKU3006,Chocolate Muffin,Bakery,10,36.0,0.43,2026-09-05
2026-09-06,Navi Mumbai,SKU3007,Plum Cake 300g,Bakery,479,118.8,12.25,2026-09-06
2026-09-06,Navi Mumbai,SKU3008,Garlic Bread,Bakery,12,60.8,0.5,2026-08-24
2026-09-06,Navi Mumbai,SKU3009,Rusk 300g,Bakery,11,51.1,0.36,2026-08-19
2026-09-06,Navi Mumbai,SKU3010,Fruit Bun,Bakery,44,16.75,1.0,2026-09-05
2026-09-06,Navi Mumbai,SKU3011,Cheese Danish,Bakery,0,51.85,4.75,2026-09-06
2026-09-06,Navi Mumbai,SKU3012,Burger Buns 4-pack,Bakery,5,36.0,0.07,2026-08-23
2026-09-06,Navi Mumbai,SKU3013,Whole Wheat Cookies 250g,Bakery,22,71.5,0.36,2026-08-24
2026-09-06,Navi Mumbai,SKU3014,Banana Walnut Loaf,Bakery,14,138.6,1.0,2026-09-06
2026-09-06,Navi Mumbai,SKU3015,Cinnamon Roll,Bakery,22,44.25,0.39,2026-09-06
2026-09-06,Navi Mumbai,SKU3016,Pizza Base 2-pack,Bakery,26,42.0,1.43,2026-09-02
2026-09-06,Navi Mumbai,SKU4001,Mineral Water 1L,Beverages,5,15.0,0.18,2026-09-04
2026-09-06,Navi Mumbai,SKU4002,Orange Juice 1L,Beverages,20,98.75,0.71,2026-09-02
2026-09-06,Navi Mumbai,SKU4003,Mango Drink 1.2L,Beverages,6,70.2,0.39,2026-09-03
2026-09-06,Navi Mumbai,SKU4004,Cola 2L,Beverages,11,77.9,0.36,2026-09-06
2026-09-06,Navi Mumbai,SKU4005,Lemon Soda 750ml,Beverages,21,30.8,0.71,2026-09-06
2026-09-06,Navi Mumbai,SKU4006,Coconut Water 200ml,Beverages,6,36.0,0.29,2026-08-28
2026-09-06,Navi Mumbai,SKU4007,Energy Drink 250ml,Beverages,10,85.1,0.29,2026-09-05
2026-09-06,Navi Mumbai,SKU4008,Cold Coffee 200ml,Beverages,37,38.0,1.61,2026-09-06
2026-09-06,Navi Mumbai,SKU4009,Buttermilk 500ml,Beverages,13,24.3,0.79,2026-09-06
2026-09-06,Navi Mumbai,SKU4010,Flavoured Milk 200ml,Beverages,4,28.7,0.21,2026-09-03
2026-09-06,Navi Mumbai,SKU4011,Green Tea 25 bags,Beverages,66,113.6,1.54,2026-09-06
2026-09-06,Navi Mumbai,SKU4012,Apple Juice 1L,Beverages,6,106.65,0.25,2026-09-06
2026-09-06,Navi Mumbai,SKU4013,Soda Water 750ml,Beverages,13,18.25,0.5,2026-09-05
2026-09-06,Navi Mumbai,SKU4014,Iced Tea 500ml,Beverages,22,45.0,0.5,2026-09-02
2026-09-06,Navi Mumbai,SKU5001,Herbal Shampoo 340ml,Personal Care,39,178.85,1.21,2026-09-06
2026-09-06,Navi Mumbai,SKU5002,Anti-dandruff Shampoo 180ml,Personal Care,10,143.28,0.36,2026-08-28
2026-09-06,Navi Mumbai,SKU5003,Bath Soap 4-pack,Personal Care,9,140.4,0.29,2026-08-28
2026-09-06,Navi Mumbai,SKU5004,Toothpaste 150g,Personal Care,3,75.24,0.04,2026-08-28
2026-09-06,Navi Mumbai,SKU5005,Toothbrush Soft,Personal Care,17,26.0,0.82,2026-09-05
2026-09-06,Navi Mumbai,SKU5006,Face Wash 100ml,Personal Care,19,117.25,1.04,2026-09-05
2026-09-06,Navi Mumbai,SKU5007,Body Lotion 400ml,Personal Care,6,206.31,0.29,2026-09-05
2026-09-06,Navi Mumbai,SKU5008,Coconut Hair Oil 500ml,Personal Care,7,145.53,0.25,2026-09-05
2026-09-06,Navi Mumbai,SKU5009,Hand Wash Refill 750ml,Personal Care,7,81.65,0.14,2026-09-05
2026-09-06,Navi Mumbai,SKU5010,Deodorant 150ml,Personal Care,22,148.5,0.36,2026-08-26
2026-09-06,Navi Mumbai,SKU5011,Talcum Powder 300g,Personal Care,18,118.4,0.39,2026-09-06
2026-09-06,Navi Mumbai,SKU5012,Shaving Foam 200g,Personal Care,8,133.0,0.5,2026-09-01
2026-09-06,Navi Mumbai,SKU5013,Sanitary Pads 20s,Personal Care,18,142.2,2.86,2026-09-06
2026-09-06,Navi Mumbai,SKU5014,Lip Balm 4.5g,Personal Care,6,57.0,0.14,2026-08-24
2026-09-06,Navi Mumbai,SKU5015,Sunscreen SPF50 50ml,Personal Care,24,223.36,1.39,2026-09-06
2026-09-06,Navi Mumbai,SKU5016,Cotton Buds 100s,Personal Care,9,34.1,0.21,2026-08-23
2026-09-06,Navi Mumbai,SKU6001,Detergent Powder 4kg,Household,26,414.17,0.36,2026-09-06
2026-09-06,Navi Mumbai,SKU6002,Liquid Detergent 2L,Household,14,306.99,1.14,2026-09-06
2026-09-06,Navi Mumbai,SKU6003,Dishwash Bar 3-pack,Household,21,47.4,1.25,2026-09-04
2026-09-06,Navi Mumbai,SKU6004,Dishwash Gel 750ml,Household,8,110.2,0.36,2026-09-06
2026-09-06,Navi Mumbai,SKU6005,Floor Cleaner 1L,Household,15,134.25,0.5,2026-09-06
2026-09-06,Navi Mumbai,SKU6006,Toilet Cleaner 1L,Household,29,117.8,0.68,2026-09-06
2026-09-06,Navi Mumbai,SKU6007,Glass Cleaner 500ml,Household,35,79.2,1.96,2026-09-06
2026-09-06,Navi Mumbai,SKU6008,Garbage Bags 30s,Household,10,81.6,0.46,2026-09-05
2026-09-06,Navi Mumbai,SKU6009,Kitchen Towels 2-roll,Household,22,109.5,1.29,2026-09-06
2026-09-06,Navi Mumbai,SKU6010,Toilet Rolls 6-pack,Household,39,169.4,1.68,2026-09-05
2026-09-06,Navi Mumbai,SKU6011,Aluminium Foil 9m,Household,13,73.26,0.25,2026-08-25
2026-09-06,Navi Mumbai,SKU6012,Scrub Pads 3-pack,Household,2,33.0,0.07,2026-08-16
2026-09-06,Navi Mumbai,SKU6013,Mosquito Repellent Refill,Household,15,60.35,0.36,2026-09-02
2026-09-06,Navi Mumbai,SKU6014,Air Freshener 240ml,Household,17,133.33,0.36,2026-09-04
2026-09-06,Navi Mumbai,SKU6015,Phenyl 1L,Household,12,63.0,0.46,2026-09-04
2026-09-06,Navi Mumbai,SKU6016,LED Bulb 9W,Household,44,71.5,2.75,2026-09-06
2026-09-06,Powai,SKU1001,Basmati Rice 5kg,Grocery,23,558.14,0.46,2026-09-06
2026-09-06,Powai,SKU1002,Sona Masoori Rice 10kg,Grocery,88,703.12,1.61,2026-09-06
2026-09-06,Powai,SKU1003,Whole Wheat Atta 10kg,Grocery,24,435.21,0.43,2026-09-05
2026-09-06,Powai,SKU1004,Toor Dal 1kg,Grocery,44,147.03,1.82,2026-09-06
2026-09-06,Powai,SKU1005,Moong Dal 1kg,Grocery,20,129.63,0.79,2026-09-03
2026-09-06,Powai,SKU1006,Chana Dal 1kg,Grocery,10,93.74,0.64,2026-09-02
2026-09-06,Powai,SKU1007,Sugar 1kg,Grocery,19,45.12,0.86,2026-09-06
2026-09-06,Powai,SKU1008,Iodised Salt 1kg,Grocery,0,22.96,0.75,2026-09-06
2026-09-06,Powai,SKU1009,Sunflower Oil 1L,Grocery,7,144.69,0.21,2026-09-03
2026-09-06,Powai,SKU1010,Mustard Oil 1L,Grocery,7,170.1,0.11,2026-08-28
2026-09-06,Powai,SKU1011,Poha 500g,Grocery,399,36.0,5.96,2026-09-06
2026-09-06,Powai,SKU1012,Rava 1kg,Grocery,37,50.22,0.86,2026-09-06
2026-09-06,Powai,SKU1013,Turmeric Powder 200g,Grocery,49,41.76,1.14,2026-09-05
2026-09-06,Powai,SKU1014,Red Chilli Powder 200g,Grocery,4,52.56,0.32,2026-08-31
2026-09-06,Powai,SKU1015,Garam Masala 100g,Grocery,25,57.8,0.39,2026-09-06
2026-09-06,Powai,SKU1016,Groundnuts 500g,Grocery,4,78.85,0.36,2026-09-04
2026-09-06,Powai,SKU1017,Kabuli Chana 1kg,Grocery,11,118.15,0.39,2026-08-25
2026-09-06,Powai,SKU1018,Rajma 1kg,Grocery,7,140.25,0.46,2026-09-01
2026-09-06,Powai,SKU1019,Jaggery 1kg,Grocery,286,66.36,5.61,2026-09-06
2026-09-06,Powai,SKU1020,Vermicelli 400g,Grocery,7,32.76,0.14,2026-09-06
2026-09-06,Powai,SKU2001,Instant Noodles 4-pack,FMCG,15,47.04,0.64,2026-09-05
2026-09-06,Powai,SKU2002,Tomato Ketchup 1kg,FMCG,0,109.81,0.0,
2026-09-06,Powai,SKU2003,Corn Flakes 875g,FMCG,19,286.18,0.82,2026-09-05
2026-09-06,Powai,SKU2004,Oats 1kg,FMCG,8,161.19,0.46,2026-09-03
2026-09-06,Powai,SKU2005,Peanut Butter 340g,FMCG,100,137.83,3.21,2026-09-05
2026-09-06,Powai,SKU2006,Mixed Fruit Jam 500g,FMCG,4,116.22,0.5,2026-09-04
2026-09-06,Powai,SKU2007,Glucose Biscuits 800g,FMCG,9,77.4,0.25,2026-09-03
2026-09-06,Powai,SKU2008,Cream Biscuits 300g,FMCG,5,49.8,0.0,
2026-09-06,Powai,SKU2009,Potato Chips 150g,FMCG,9,38.0,0.36,2026-09-05
2026-09-06,Powai,SKU2010,Namkeen Mix 400g,FMCG,24,74.25,0.61,2026-09-06
2026-09-06,Powai,SKU2011,Dark Chocolate 100g,FMCG,35,84.0,1.18,2026-09-06
2026-09-06,Powai,SKU2012,Instant Coffee 100g,FMCG,276,239.2,17.25,2026-09-06
2026-09-06,Powai,SKU2013,Tea Leaves 500g,FMCG,4,217.3,0.18,2026-09-03
2026-09-06,Powai,SKU2014,Pasta Penne 500g,FMCG,2,85.1,0.0,
2026-09-06,Powai,SKU2015,Soya Chunks 200g,FMCG,29,33.88,1.79,2026-09-06
2026-09-06,Powai,SKU2016,Honey 500g,FMCG,9,189.24,0.61,2026-09-04
2026-09-06,Powai,SKU2017,Pickle Mango 400g,FMCG,18,91.59,0.46,2026-09-01
2026-09-06,Powai,SKU2018,Baking Soda 100g,FMCG,17,17.5,0.32,2026-09-06
2026-09-06,Powai,SKU2019,Custard Powder 100g,FMCG,41,34.56,0.79,2026-09-06
2026-09-06,Powai,SKU2020,Muesli 500g,FMCG,18,256.62,0.57,2026-09-05
2026-09-06,Powai,SKU3001,Sandwich Bread 400g,Bakery,11,35.1,0.61,2026-09-05
2026-09-06,Powai,SKU3002,Brown Bread 400g,Bakery,3,41.8,0.0,
2026-09-06,Powai,SKU3003,Multigrain Bread 400g,Bakery,3,48.1,0.0,
2026-09-06,Powai,SKU3004,Pav 6-pack,Bakery,30,22.5,0.57,2026-08-31
2026-09-06,Powai,SKU3005,Butter Croissant,Bakery,177,34.1,4.93,2026-09-06
2026-09-06,Powai,SKU3006,Chocolate Muffin,Bakery,8,36.0,0.54,2026-09-05
2026-09-06,Powai,SKU3007,Plum Cake 300g,Bakery,202,118.8,12.54,2026-09-06
2026-09-06,Powai,SKU3008,Garlic Bread,Bakery,5,60.8,0.04,2026-08-30
2026-09-06,Powai,SKU3009,Rusk 300g,Bakery,27,51.1,0.82,2026-09-06
2026-09-06,Powai,SKU3010,Fruit Bun,Bakery,38,16.75,1.18,2026-08-31
2026-09-06,Powai,SKU3011,Cheese Danish,Bakery,296,51.85,8.89,2026-09-06
2026-09-06,Powai,SKU3012,Burger Buns 4-pack,Bakery,15,36.0,0.39,2026-08-31
2026-09-06,Powai,SKU3013,Whole Wheat Cookies 250g,Bakery,6,71.5,0.43,2026-09-02
2026-09-06,Powai,SKU3014,Banana Walnut Loaf,Bakery,21,138.6,1.21,2026-09-06
2026-09-06,Powai,SKU3015,Cinnamon Roll,Bakery,26,44.25,0.68,2026-09-06
2026-09-06,Powai,SKU3016,Pizza Base 2-pack,Bakery,28,42.0,1.29,2026-09-05
2026-09-06,Powai,SKU4001,Mineral Water 1L,Beverages,2,15.0,0.04,2026-08-22
2026-09-06,Powai,SKU4002,Orange Juice 1L,Beverages,21,98.75,0.64,2026-08-30
2026-09-06,Powai,SKU4003,Mango Drink 1.2L,Beverages,15,70.2,0.5,2026-08-30
2026-09-06,Powai,SKU4004,Cola 2L,Beverages,7,77.9,0.36,2026-09-06
2026-09-06,Powai,SKU4005,Lemon Soda 750ml,Beverages,31,30.8,0.79,2026-09-06
2026-09-06,Powai,SKU4006,Coconut Water 200ml,Beverages,9,36.0,0.18,2026-09-06
2026-09-06,Powai,SKU4007,Energy Drink 250ml,Beverages,16,85.1,0.61,2026-09-03
2026-09-06,Powai,SKU4008,Cold Coffee 200ml,Beverages,46,38.0,1.39,2026-09-06
2026-09-06,Powai,SKU4009,Buttermilk 500ml,Beverages,6,24.3,0.29,2026-09-01
2026-09-06,Powai,SKU4010,Flavoured Milk 200ml,Beverages,14,28.7,0.57,2026-09-03
2026-09-06,Powai,SKU4011,Green Tea 25 bags,Beverages,43,113.6,2.89,2026-09-06
2026-09-06,Powai,SKU4012,Apple Juice 1L,Beverages,16,106.65,0.5,2026-09-05
2026-09-06,Powai,SKU4013,Soda Water 750ml,Beverages,14,18.25,1.0,2026-09-03
2026-09-06,Powai,SKU4014,Iced Tea 500ml,Beverages,12,45.0,0.36,2026-09-05
2026-09-06,Powai,SKU5001,Herbal Shampoo 340ml,Personal Care,24,178.85,1.0,2026-09-06
2026-09-06,Powai,SKU5002,Anti-dandruff Shampoo 180ml,Personal Care,25,143.28,0.79,2026-08-31
2026-09-06,Powai,SKU5003,Bath Soap 4-pack,Personal Care,11,140.4,0.46,2026-09-06
2026-09-06,Powai,SKU5004,Toothpaste 150g,Personal Care,23,75.24,0.75,2026-09-05
2026-09-06,Powai,SKU5005,Toothbrush Soft,Personal Care,19,26.0,0.96,2026-09-06
2026-09-06,Powai,SKU5006,Face Wash 100ml,Personal Care,20,117.25,0.57,2026-08-29
2026-09-06,Powai,SKU5007,Body Lotion 400ml,Personal Care,20,206.31,0.36,2026-09-03
2026-09-06,Powai,SKU5008,Coconut Hair Oil 500ml,Personal Care,37,145.53,0.57,2026-09-05
2026-09-06,Powai,SKU5009,Hand Wash Refill 750ml,Personal Care,5,81.65,0.36,2026-09-03
2026-09-06,Powai,SKU5010,Deodorant 150ml,Personal Care,7,148.5,0.25,2026-09-05
2026-09-06,Powai,SKU5011,Talcum Powder 300g,Personal Care,13,118.4,0.5,2026-09-06
2026-09-06,Powai,SKU5012,Shaving Foam 200g,Personal Care,19,133.0,0.61,2026-09-06
2026-09-06,Powai,SKU5013,Sanitary Pads 20s,Personal Care,41,142.2,3.21,2026-09-06
2026-09-06,Powai,SKU5014,Lip Balm 4.5g,Personal Care,10,57.0,0.25,2026-09-06
2026-09-06,Powai,SKU5015,Sunscreen SPF50 50ml,Personal Care,29,223.36,1.5,2026-09-06
2026-09-06,Powai,SKU5016,Cotton Buds 100s,Personal Care,12,34.1,0.36,2026-09-03
2026-09-06,Powai,SKU6001,Detergent Powder 4kg,Household,10,414.17,0.43,2026-09-06
2026-09-06,Powai,SKU6002,Liquid Detergent 2L,Household,39,306.99,0.75,2026-09-04
2026-09-06,Powai,SKU6003,Dishwash Bar 3-pack,Household,32,47.4,0.79,2026-09-05
2026-09-06,Powai,SKU6004,Dishwash Gel 750ml,Household,20,110.2,0.93,2026-09-06
2026-09-06,Powai,SKU6005,Floor Cleaner 1L,Household,18,134.25,0.46,2026-08-31
2026-09-06,Powai,SKU6006,Toilet Cleaner 1L,Household,16,117.8,0.54,2026-09-06
2026-09-06,Powai,SKU6007,Glass Cleaner 500ml,Household,41,79.2,1.93,2026-09-06
2026-09-06,Powai,SKU6008,Garbage Bags 30s,Household,11,81.6,0.36,2026-09-06
2026-09-06,Powai,SKU6009,Kitchen Towels 2-roll,Household,33,109.5,1.61,2026-09-06
2026-09-06,Powai,SKU6010,Toilet Rolls 6-pack,Household,57,169.4,1.61,2026-09-06
2026-09-06,Powai,SKU6011,Aluminium Foil 9m,Household,19,73.26,0.32,2026-09-01
2026-09-06,Powai,SKU6012,Scrub Pads 3-pack,Household,1,33.0,0.0,
2026-09-06,Powai,SKU6013,Mosquito Repellent Refill,Household,3,60.35,0.29,2026-09-05
2026-09-06,Powai,SKU6014,Air Freshener 240ml,Household,30,133.33,0.61,2026-09-05
2026-09-06,Powai,SKU6015,Phenyl 1L,Household,3,63.0,0.11,2026-09-01
2026-09-06,Powai,SKU6016,LED Bulb 9W,Household,54,71.5,2.43,2026-09-06
2026-09-06,Thane,SKU1001,Basmati Rice 5kg,Grocery,10,558.14,0.61,2026-09-06
2026-09-06,Thane,SKU1002,Sona Masoori Rice 10kg,Grocery,27,703.12,1.04,2026-09-05
2026-09-06,Thane,SKU1003,Whole Wheat Atta 10kg,Grocery,5,435.21,0.43,2026-08-30
2026-09-06,Thane,SKU1004,Toor Dal 1kg,Grocery,74,147.03,1.39,2026-09-04
2026-09-06,Thane,SKU1005,Moong Dal 1kg,Grocery,12,129.63,0.79,2026-09-05
2026-09-06,Thane,SKU1006,Chana Dal 1kg,Grocery,24,93.74,0.64,2026-09-03
2026-09-06,Thane,SKU1007,Sugar 1kg,Grocery,19,45.12,0.71,2026-09-01
2026-09-06,Thane,SKU1008,Iodised Salt 1kg,Grocery,34,22.96,0.89,2026-09-05
2026-09-06,Thane,SKU1009,Sunflower Oil 1L,Grocery,10,144.69,0.36,2026-09-05
2026-09-06,Thane,SKU1010,Mustard Oil 1L,Grocery,5,170.1,0.29,2026-09-01
2026-09-06,Thane,SKU1011,Poha 500g,Grocery,550,36.0,8.11,2026-09-06
2026-09-06,Thane,SKU1012,Rava 1kg,Grocery,11,50.22,0.86,2026-09-03
2026-09-06,Thane,SKU1013,Turmeric Powder 200g,Grocery,37,41.76,1.18,2026-09-06
2026-09-06,Thane,SKU1014,Red Chilli Powder 200g,Grocery,8,52.56,0.36,2026-09-06
2026-09-06,Thane,SKU1015,Garam Masala 100g,Grocery,4,57.8,0.32,2026-09-06
2026-09-06,Thane,SKU1016,Groundnuts 500g,Grocery,5,78.85,0.18,2026-09-05
2026-09-06,Thane,SKU1017,Kabuli Chana 1kg,Grocery,14,118.15,0.46,2026-09-06
2026-09-06,Thane,SKU1018,Rajma 1kg,Grocery,9,140.25,0.5,2026-09-03
2026-09-06,Thane,SKU1019,Jaggery 1kg,Grocery,91,66.36,3.75,2026-09-04
2026-09-06,Thane,SKU1020,Vermicelli 400g,Grocery,7,32.76,0.07,2026-08-19
2026-09-06,Thane,SKU2001,Instant Noodles 4-pack,FMCG,7,47.04,0.18,2026-08-29
2026-09-06,Thane,SKU2002,Tomato Ketchup 1kg,FMCG,3,109.81,0.0,
2026-09-06,Thane,SKU2003,Corn Flakes 875g,FMCG,0,286.18,1.14,2026-09-05
2026-09-06,Thane,SKU2004,Oats 1kg,FMCG,26,161.19,0.5,2026-09-03
2026-09-06,Thane,SKU2005,Peanut Butter 340g,FMCG,36,137.83,2.86,2026-09-06
2026-09-06,Thane,SKU2006,Mixed Fruit Jam 500g,FMCG,12,116.22,0.5,2026-09-01
2026-09-06,Thane,SKU2007,Glucose Biscuits 800g,FMCG,11,77.4,0.43,2026-09-03
2026-09-06,Thane,SKU2008,Cream Biscuits 300g,FMCG,3,49.8,0.0,
2026-09-06,Thane,SKU2009,Potato Chips 150g,FMCG,12,38.0,0.25,2026-08-22
2026-09-06,Thane,SKU2010,Namkeen Mix 400g,FMCG,12,74.25,0.43,2026-09-04
2026-09-06,Thane,SKU2011,Dark Chocolate 100g,FMCG,21,84.0,0.57,2026-09-03
2026-09-06,Thane,SKU2012,Instant Coffee 100g,FMCG,667,239.2,22.46,2026-09-06
2026-09-06,Thane,SKU2013,Tea Leaves 500g,FMCG,4,217.3,0.11,2026-08-18
2026-09-06,Thane,SKU2014,Pasta Penne 500g,FMCG,3,85.1,0.0,
2026-09-06,Thane,SKU2015,Soya Chunks 200g,FMCG,37,33.88,2.18,2026-09-05
2026-09-06,Thane,SKU2016,Honey 500g,FMCG,44,189.24,1.04,2026-09-06
2026-09-06,Thane,SKU2017,Pickle Mango 400g,FMCG,33,91.59,0.93,2026-09-05
2026-09-06,Thane,SKU2018,Baking Soda 100g,FMCG,8,17.5,0.14,2026-08-29
2026-09-06,Thane,SKU2019,Custard Powder 100g,FMCG,62,34.56,1.07,2026-09-06
2026-09-06,Thane,SKU2020,Muesli 500g,FMCG,21,256.62,0.89,2026-09-06
2026-09-06,Thane,SKU3001,Sandwich Bread 400g,Bakery,8,35.1,0.68,2026-09-06
2026-09-06,Thane,SKU3002,Brown Bread 400g,Bakery,2,41.8,0.0,
2026-09-06,Thane,SKU3003,Multigrain Bread 400g,Bakery,3,48.1,0.0,2026-07-28
2026-09-06,Thane,SKU3004,Pav 6-pack,Bakery,4,22.5,0.43,2026-09-02
2026-09-06,Thane,SKU3005,Butter Croissant,Bakery,171,34.1,5.18,2026-09-06
2026-09-06,Thane,SKU3006,Chocolate Muffin,Bakery,11,36.0,0.89,2026-09-05
2026-09-06,Thane,SKU3007,Plum Cake 300g,Bakery,164,118.8,14.32,2026-09-06
2026-09-06,Thane,SKU3008,Garlic Bread,Bakery,24,60.8,0.61,2026-09-05
2026-09-06,Thane,SKU3009,Rusk 300g,Bakery,14,51.1,0.18,2026-08-25
2026-09-06,Thane,SKU3010,Fruit Bun,Bakery,42,16.75,0.71,2026-09-06
2026-09-06,Thane,SKU3011,Cheese Danish,Bakery,124,51.85,7.79,2026-09-06
2026-09-06,Thane,SKU3012,Burger Buns 4-pack,Bakery,11,36.0,0.32,2026-09-06
2026-09-06,Thane,SKU3013,Whole Wheat Cookies 250g,Bakery,17,71.5,0.43,2026-09-04
2026-09-06,Thane,SKU3014,Banana Walnut Loaf,Bakery,27,138.6,1.21,2026-09-05
2026-09-06,Thane,SKU3015,Cinnamon Roll,Bakery,10,44.25,0.46,2026-09-05
2026-09-06,Thane,SKU3016,Pizza Base 2-pack,Bakery,15,42.0,1.29,2026-09-06
2026-09-06,Thane,SKU4001,Mineral Water 1L,Beverages,10,15.0,0.43,2026-09-03
2026-09-06,Thane,SKU4002,Orange Juice 1L,Beverages,26,98.75,0.86,2026-09-06
2026-09-06,Thane,SKU4003,Mango Drink 1.2L,Beverages,19,70.2,0.82,2026-08-31
2026-09-06,Thane,SKU4004,Cola 2L,Beverages,10,77.9,0.14,2026-08-30
2026-09-06,Thane,SKU4005,Lemon Soda 750ml,Beverages,49,30.8,1.64,2026-09-06
2026-09-06,Thane,SKU4006,Coconut Water 200ml,Beverages,14,36.0,0.39,2026-09-02
2026-09-06,Thane,SKU4007,Energy Drink 250ml,Beverages,5,85.1,0.14,2026-09-01
2026-09-06,Thane,SKU4008,Cold Coffee 200ml,Beverages,69,38.0,1.79,2026-09-06
2026-09-06,Thane,SKU4009,Buttermilk 500ml,Beverages,28,24.3,0.71,2026-09-02
2026-09-06,Thane,SKU4010,Flavoured Milk 200ml,Beverages,10,28.7,0.43,2026-09-03
2026-09-06,Thane,SKU4011,Green Tea 25 bags,Beverages,32,113.6,2.89,2026-09-06
2026-09-06,Thane,SKU4012,Apple Juice 1L,Beverages,18,106.65,0.39,2026-09-03
2026-09-06,Thane,SKU4013,Soda Water 750ml,Beverages,52,18.25,1.43,2026-09-05
2026-09-06,Thane,SKU4014,Iced Tea 500ml,Beverages,6,45.0,0.32,2026-09-02
2026-09-06,Thane,SKU5001,Herbal Shampoo 340ml,Personal Care,76,178.85,1.79,2026-09-06
2026-09-06,Thane,SKU5002,Anti-dandruff Shampoo 180ml,Personal Care,16,143.28,1.11,2026-09-06
2026-09-06,Thane,SKU5003,Bath Soap 4-pack,Personal Care,15,140.4,0.5,2026-09-03
2026-09-06,Thane,SKU5004,Toothpaste 150g,Personal Care,22,75.24,0.32,2026-08-31
2026-09-06,Thane,SKU5005,Toothbrush Soft,Personal Care,25,26.0,0.61,2026-09-06
2026-09-06,Thane,SKU5006,Face Wash 100ml,Personal Care,46,117.25,1.14,2026-09-06
2026-09-06,Thane,SKU5007,Body Lotion 400ml,Personal Care,17,206.31,0.61,2026-08-31
2026-09-06,Thane,SKU5008,Coconut Hair Oil 500ml,Personal Care,26,145.53,0.57,2026-09-02
2026-09-06,Thane,SKU5009,Hand Wash Refill 750ml,Personal Care,7,81.65,0.18,2026-09-05
2026-09-06,Thane,SKU5010,Deodorant 150ml,Personal Care,6,148.5,0.29,2026-09-01
2026-09-06,Thane,SKU5011,Talcum Powder 300g,Personal Care,8,118.4,0.5,2026-09-05
2026-09-06,Thane,SKU5012,Shaving Foam 200g,Personal Care,15,133.0,0.75,2026-09-04
2026-09-06,Thane,SKU5013,Sanitary Pads 20s,Personal Care,185,142.2,3.5,2026-09-06
2026-09-06,Thane,SKU5014,Lip Balm 4.5g,Personal Care,21,57.0,0.57,2026-08-22
2026-09-06,Thane,SKU5015,Sunscreen SPF50 50ml,Personal Care,85,223.36,2.57,2026-09-06
2026-09-06,Thane,SKU5016,Cotton Buds 100s,Personal Care,20,34.1,0.32,2026-09-04
2026-09-06,Thane,SKU6001,Detergent Powder 4kg,Household,45,414.17,0.46,2026-09-02
2026-09-06,Thane,SKU6002,Liquid Detergent 2L,Household,17,306.99,1.5,2026-09-06
2026-09-06,Thane,SKU6003,Dishwash Bar 3-pack,Household,23,47.4,1.82,2026-09-06
2026-09-06,Thane,SKU6004,Dishwash Gel 750ml,Household,11,110.2,0.46,2026-08-29
2026-09-06,Thane,SKU6005,Floor Cleaner 1L,Household,6,134.25,0.11,2026-08-24
2026-09-06,Thane,SKU6006,Toilet Cleaner 1L,Household,11,117.8,0.64,2026-09-06
2026-09-06,Thane,SKU6007,Glass Cleaner 500ml,Household,245,79.2,1.96,2026-09-06
2026-09-06,Thane,SKU6008,Garbage Bags 30s,Household,20,81.6,0.5,2026-08-30
2026-09-06,Thane,SKU6009,Kitchen Towels 2-roll,Household,55,109.5,2.25,2026-09-06
2026-09-06,Thane,SKU6010,Toilet Rolls 6-pack,Household,28,169.4,1.43,2026-09-05
2026-09-06,Thane,SKU6011,Aluminium Foil 9m,Household,12,73.26,0.39,2026-08-31
2026-09-06,Thane,SKU6012,Scrub Pads 3-pack,Household,0,33.0,0.0,
2026-09-06,Thane,SKU6013,Mosquito Repellent Refill,Household,6,60.35,0.21,2026-09-06
2026-09-06,Thane,SKU6014,Air Freshener 240ml,Household,23,133.33,0.71,2026-08-31
2026-09-06,Thane,SKU6015,Phenyl 1L,Household,5,63.0,0.07,2026-09-01
2026-09-06,Thane,SKU6016,LED Bulb 9W,Household,56,71.5,3.36,2026-09-06
2026-09-13,Andheri,SKU1001,Basmati Rice 5kg,Grocery,34,558.14,0.57,2026-09-13
2026-09-13,Andheri,SKU1002,Sona Masoori Rice 10kg,Grocery,46,703.12,1.21,2026-09-12
2026-09-13,Andheri,SKU1003,Whole Wheat Atta 10kg,Grocery,6,435.21,0.39,2026-08-30
2026-09-13,Andheri,SKU1004,Toor Dal 1kg,Grocery,31,147.03,2.07,2026-09-13
2026-09-13,Andheri,SKU1005,Moong Dal 1kg,Grocery,18,129.63,0.61,2026-09-12
2026-09-13,Andheri,SKU1006,Chana Dal 1kg,Grocery,14,93.74,0.89,2026-09-13
2026-09-13,Andheri,SKU1007,Sugar 1kg,Grocery,18,45.12,1.0,2026-09-13
2026-09-13,Andheri,SKU1008,Iodised Salt 1kg,Grocery,40,22.96,1.57,2026-09-13
2026-09-13,Andheri,SKU1009,Sunflower Oil 1L,Grocery,9,144.69,0.25,2026-09-01
2026-09-13,Andheri,SKU1010,Mustard Oil 1L,Grocery,22,170.1,0.71,2026-09-12
2026-09-13,Andheri,SKU1011,Poha 500g,Grocery,218,36.0,7.82,2026-09-13
2026-09-13,Andheri,SKU1012,Rava 1kg,Grocery,14,50.22,0.93,2026-09-13
2026-09-13,Andheri,SKU1013,Turmeric Powder 200g,Grocery,20,41.76,1.14,2026-09-13
2026-09-13,Andheri,SKU1014,Red Chilli Powder 200g,Grocery,12,52.56,0.46,2026-09-12
2026-09-13,Andheri,SKU1015,Garam Masala 100g,Grocery,23,57.8,0.36,2026-08-31
2026-09-13,Andheri,SKU1016,Groundnuts 500g,Grocery,15,78.85,0.68,2026-09-13
2026-09-13,Andheri,SKU1017,Kabuli Chana 1kg,Grocery,19,118.15,1.07,2026-09-13
2026-09-13,Andheri,SKU1018,Rajma 1kg,Grocery,7,140.25,0.68,2026-09-07
2026-09-13,Andheri,SKU1019,Jaggery 1kg,Grocery,128,66.36,5.82,2026-09-13
2026-09-13,Andheri,SKU1020,Vermicelli 400g,Grocery,15,32.76,0.64,2026-09-13
2026-09-13,Andheri,SKU2001,Instant Noodles 4-pack,FMCG,17,47.04,0.46,2026-09-11
2026-09-13,Andheri,SKU2002,Tomato Ketchup 1kg,FMCG,1,109.81,0.0,
2026-09-13,Andheri,SKU2003,Corn Flakes 875g,FMCG,27,286.18,1.32,2026-09-12
2026-09-13,Andheri,SKU2004,Oats 1kg,FMCG,20,161.19,0.79,2026-09-12
2026-09-13,Andheri,SKU2005,Peanut Butter 340g,FMCG,63,137.83,4.93,2026-09-13
2026-09-13,Andheri,SKU2006,Mixed Fruit Jam 500g,FMCG,5,116.22,0.29,2026-09-11
2026-09-13,Andheri,SKU2007,Glucose Biscuits 800g,FMCG,22,77.4,0.64,2026-09-12
2026-09-13,Andheri,SKU2008,Cream Biscuits 300g,FMCG,2,49.8,0.0,
2026-09-13,Andheri,SKU2009,Potato Chips 150g,FMCG,12,38.0,0.57,2026-09-13
2026-09-13,Andheri,SKU2010,Namkeen Mix 400g,FMCG,14,74.25,0.32,2026-09-10
2026-09-13,Andheri,SKU2011,Dark Chocolate 100g,FMCG,43,84.0,0.93,2026-09-11
2026-09-13,Andheri,SKU2012,Instant Coffee 100g,FMCG,496,239.2,24.39,2026-09-13
2026-09-13,Andheri,SKU2013,Tea Leaves 500g,FMCG,18,217.3,0.36,2026-09-13
2026-09-13,Andheri,SKU2014,Pasta Penne 500g,FMCG,3,85.1,0.0,
2026-09-13,Andheri,SKU2015,Soya Chunks 200g,FMCG,88,33.88,3.32,2026-09-13
2026-09-13,Andheri,SKU2016,Honey 500g,FMCG,62,189.24,0.79,2026-09-12
2026-09-13,Andheri,SKU2017,Pickle Mango 400g,FMCG,6,91.59,0.25,2026-08-24
2026-09-13,Andheri,SKU2018,Baking Soda 100g,FMCG,29,17.5,0.93,2026-09-12
2026-09-13,Andheri,SKU2019,Custard Powder 100g,FMCG,18,34.56,1.68,2026-09-13
2026-09-13,Andheri,SKU2020,Muesli 500g,FMCG,12,256.62,0.86,2026-09-13
2026-09-13,Andheri,SKU3001,Sandwich Bread 400g,Bakery,28,35.1,1.0,2026-09-08
2026-09-13,Andheri,SKU3002,Brown Bread 400g,Bakery,0,41.8,0.0,2026-08-16
2026-09-13,Andheri,SKU3003,Multigrain Bread 400g,Bakery,2,48.1,0.04,2026-09-06
2026-09-13,Andheri,SKU3004,Pav 6-pack,Bakery,30,22.5,0.75,2026-09-12
2026-09-13,Andheri,SKU3005,Butter Croissant,Bakery,79,34.1,6.39,2026-09-13
2026-09-13,Andheri,SKU3006,Chocolate Muffin,Bakery,15,36.0,0.68,2026-09-12
2026-09-13,Andheri,SKU3007,Plum Cake 300g,Bakery,323,118.8,19.71,2026-09-13
2026-09-13,Andheri,SKU3008,Garlic Bread,Bakery,18,60.8,1.04,2026-09-09
2026-09-13,Andheri,SKU3009,Rusk 300g,Bakery,18,51.1,0.61,2026-09-06
2026-09-13,Andheri,SKU3010,Fruit Bun,Bakery,19,16.75,0.82,2026-09-13
2026-09-13,Andheri,SKU3011,Cheese Danish,Bakery,956,51.85,9.21,2026-09-13
2026-09-13,Andheri,SKU3012,Burger Buns 4-pack,Bakery,12,36.0,0.68,2026-09-13
2026-09-13,Andheri,SKU3013,Whole Wheat Cookies 250g,Bakery,6,71.5,0.39,2026-09-13
2026-09-13,Andheri,SKU3014,Banana Walnut Loaf,Bakery,19,138.6,2.18,2026-09-13
2026-09-13,Andheri,SKU3015,Cinnamon Roll,Bakery,23,44.25,0.96,2026-09-12
2026-09-13,Andheri,SKU3016,Pizza Base 2-pack,Bakery,0,42.0,2.46,2026-09-13
2026-09-13,Andheri,SKU4001,Mineral Water 1L,Beverages,22,15.0,0.68,2026-09-04
2026-09-13,Andheri,SKU4002,Orange Juice 1L,Beverages,17,98.75,0.68,2026-09-13
2026-09-13,Andheri,SKU4003,Mango Drink 1.2L,Beverages,36,70.2,0.68,2026-09-13
2026-09-13,Andheri,SKU4004,Cola 2L,Beverages,15,77.9,0.39,2026-09-13
2026-09-13,Andheri,SKU4005,Lemon Soda 750ml,Beverages,68,30.8,1.29,2026-09-13
2026-09-13,Andheri,SKU4006,Coconut Water 200ml,Beverages,13,36.0,0.25,2026-09-06
2026-09-13,Andheri,SKU4007,Energy Drink 250ml,Beverages,18,85.1,0.79,2026-09-11
2026-09-13,Andheri,SKU4008,Cold Coffee 200ml,Beverages,27,38.0,2.29,2026-09-13
2026-09-13,Andheri,SKU4009,Buttermilk 500ml,Beverages,20,24.3,0.57,2026-09-11
2026-09-13,Andheri,SKU4010,Flavoured Milk 200ml,Beverages,18,28.7,0.89,2026-09-12
2026-09-13,Andheri,SKU4011,Green Tea 25 bags,Beverages,73,113.6,2.57,2026-09-13
2026-09-13,Andheri,SKU4012,Apple Juice 1L,Beverages,11,106.65,0.39,2026-09-13
2026-09-13,Andheri,SKU4013,Soda Water 750ml,Beverages,35,18.25,1.11,2026-09-13
2026-09-13,Andheri,SKU4014,Iced Tea 500ml,Beverages,5,45.0,0.29,2026-09-03
2026-09-13,Andheri,SKU5001,Herbal Shampoo 340ml,Personal Care,74,178.85,1.86,2026-09-13
2026-09-13,Andheri,SKU5002,Anti-dandruff Shampoo 180ml,Personal Care,23,143.28,0.89,2026-09-13
2026-09-13,Andheri,SKU5003,Bath Soap 4-pack,Personal Care,21,140.4,1.0,2026-09-13
2026-09-13,Andheri,SKU5004,Toothpaste 150g,Personal Care,22,75.24,0.46,2026-09-12
2026-09-13,Andheri,SKU5005,Toothbrush Soft,Personal Care,14,26.0,1.04,2026-09-13
2026-09-13,Andheri,SKU5006,Face Wash 100ml,Personal Care,10,117.25,1.0,2026-09-13
2026-09-13,Andheri,SKU5007,Body Lotion 400ml,Personal Care,17,206.31,0.82,2026-09-08
2026-09-13,Andheri,SKU5008,Coconut Hair Oil 500ml,Personal Care,11,145.53,0.21,2026-09-07
2026-09-13,Andheri,SKU5009,Hand Wash Refill 750ml,Personal Care,20,81.65,0.5,2026-09-13
2026-09-13,Andheri,SKU5010,Deodorant 150ml,Personal Care,20,148.5,0.43,2026-09-12
2026-09-13,Andheri,SKU5011,Talcum Powder 300g,Personal Care,30,118.4,0.64,2026-09-13
2026-09-13,Andheri,SKU5012,Shaving Foam 200g,Personal Care,25,133.0,0.71,2026-09-13
2026-09-13,Andheri,SKU5013,Sanitary Pads 20s,Personal Care,111,142.2,3.39,2026-09-13
2026-09-13,Andheri,SKU5014,Lip Balm 4.5g,Personal Care,8,57.0,0.46,2026-09-12
2026-09-13,Andheri,SKU5015,Sunscreen SPF50 50ml,Personal Care,79,223.36,2.54,2026-09-13
2026-09-13,Andheri,SKU5016,Cotton Buds 100s,Personal Care,8,34.1,0.21,2026-09-13
2026-09-13,Andheri,SKU6001,Detergent Powder 4kg,Household,13,414.17,0.36,2026-09-09
2026-09-13,Andheri,SKU6002,Liquid Detergent 2L,Household,12,306.99,0.89,2026-09-13
2026-09-13,Andheri,SKU6003,Dishwash Bar 3-pack,Household,41,47.4,1.86,2026-09-13
2026-09-13,Andheri,SKU6004,Dishwash Gel 750ml,Household,39,110.2,1.04,2026-09-10
2026-09-13,Andheri,SKU6005,Floor Cleaner 1L,Household,8,134.25,0.5,2026-09-13
2026-09-13,Andheri,SKU6006,Toilet Cleaner 1L,Household,25,117.8,1.21,2026-09-12
2026-09-13,Andheri,SKU6007,Glass Cleaner 500ml,Household,40,79.2,2.25,2026-09-13
2026-09-13,Andheri,SKU6008,Garbage Bags 30s,Household,20,81.6,0.61,2026-09-13
2026-09-13,Andheri,SKU6009,Kitchen Towels 2-roll,Household,37,109.5,1.5,2026-09-13
2026-09-13,Andheri,SKU6010,Toilet Rolls 6-pack,Household,35,169.4,1.89,2026-09-12
2026-09-13,Andheri,SKU6011,Aluminium Foil 9m,Household,20,73.26,1.0,2026-09-13
2026-09-13,Andheri,SKU6012,Scrub Pads 3-pack,Household,4,33.0,0.0,
2026-09-13,Andheri,SKU6013,Mosquito Repellent Refill,Household,8,60.35,0.57,2026-09-12
2026-09-13,Andheri,SKU6014,Air Freshener 240ml,Household,16,133.33,0.79,2026-09-12
2026-09-13,Andheri,SKU6015,Phenyl 1L,Household,0,63.0,0.54,2026-09-12
2026-09-13,Andheri,SKU6016,LED Bulb 9W,Household,64,71.5,2.61,2026-09-13
2026-09-13,Mumbai Central,SKU1001,Basmati Rice 5kg,Grocery,13,558.14,0.68,2026-09-13
2026-09-13,Mumbai Central,SKU1002,Sona Masoori Rice 10kg,Grocery,87,703.12,2.25,2026-09-12
2026-09-13,Mumbai Central,SKU1003,Whole Wheat Atta 10kg,Grocery,7,435.21,0.39,2026-09-13
2026-09-13,Mumbai Central,SKU1004,Toor Dal 1kg,Grocery,81,147.03,1.61,2026-09-13
2026-09-13,Mumbai Central,SKU1005,Moong Dal 1kg,Grocery,35,129.63,1.25,2026-09-13
2026-09-13,Mumbai Central,SKU1006,Chana Dal 1kg,Grocery,48,93.74,0.61,2026-09-13
2026-09-13,Mumbai Central,SKU1007,Sugar 1kg,Grocery,16,45.12,0.57,2026-09-03
2026-09-13,Mumbai Central,SKU1008,Iodised Salt 1kg,Grocery,35,22.96,1.04,2026-09-13
2026-09-13,Mumbai Central,SKU1009,Sunflower Oil 1L,Grocery,6,144.69,0.61,2026-09-13
2026-09-13,Mumbai Central,SKU1010,Mustard Oil 1L,Grocery,11,170.1,0.43,2026-09-12
2026-09-13,Mumbai Central,SKU1011,Poha 500g,Grocery,173,36.0,10.14,2026-09-13
2026-09-13,Mumbai Central,SKU1012,Rava 1kg,Grocery,116,50.22,2.04,2026-09-13
2026-09-13,Mumbai Central,SKU1013,Turmeric Powder 200g,Grocery,29,41.76,1.61,2026-09-13
2026-09-13,Mumbai Central,SKU1014,Red Chilli Powder 200g,Grocery,39,52.56,0.79,2026-09-06
2026-09-13,Mumbai Central,SKU1015,Garam Masala 100g,Grocery,22,57.8,0.46,2026-09-07
2026-09-13,Mumbai Central,SKU1016,Groundnuts 500g,Grocery,7,78.85,0.29,2026-09-12
2026-09-13,Mumbai Central,SKU1017,Kabuli Chana 1kg,Grocery,0,118.15,0.61,2026-09-10
2026-09-13,Mumbai Central,SKU1018,Rajma 1kg,Grocery,12,140.25,0.43,2026-09-13
2026-09-13,Mumbai Central,SKU1019,Jaggery 1kg,Grocery,164,66.36,5.14,2026-09-13
2026-09-13,Mumbai Central,SKU1020,Vermicelli 400g,Grocery,13,32.76,0.54,2026-09-02
2026-09-13,Mumbai Central,SKU2001,Instant Noodles 4-pack,FMCG,14,47.04,0.46,2026-09-13
2026-09-13,Mumbai Central,SKU2002,Tomato Ketchup 1kg,FMCG,0,109.81,0.0,
2026-09-13,Mumbai Central,SKU2003,Corn Flakes 875g,FMCG,60,286.18,1.5,2026-09-12
2026-09-13,Mumbai Central,SKU2004,Oats 1kg,FMCG,11,161.19,0.5,2026-09-13
2026-09-13,Mumbai Central,SKU2005,Peanut Butter 340g,FMCG,117,137.83,3.07,2026-09-13
2026-09-13,Mumbai Central,SKU2006,Mixed Fruit Jam 500g,FMCG,16,116.22,0.79,2026-09-09
2026-09-13,Mumbai Central,SKU2007,Glucose Biscuits 800g,FMCG,23,77.4,0.36,2026-09-13
2026-09-13,Mumbai Central,SKU2008,Cream Biscuits 300g,FMCG,7,49.8,0.11,2026-09-13
2026-09-13,Mumbai Central,SKU2009,Potato Chips 150g,FMCG,28,38.0,0.68,2026-09-10
2026-09-13,Mumbai Central,SKU2010,Namkeen Mix 400g,FMCG,15,74.25,0.61,2026-09-12
2026-09-13,Mumbai Central,SKU2011,Dark Chocolate 100g,FMCG,0,84.0,1.04,2026-09-13
2026-09-13,Mumbai Central,SKU2012,Instant Coffee 100g,FMCG,591,239.2,25.57,2026-09-13
2026-09-13,Mumbai Central,SKU2013,Tea Leaves 500g,FMCG,17,217.3,0.68,2026-09-12
2026-09-13,Mumbai Central,SKU2014,Pasta Penne 500g,FMCG,1,85.1,0.0,
2026-09-13,Mumbai Central,SKU2015,Soya Chunks 200g,FMCG,66,33.88,2.61,2026-09-13
2026-09-13,Mumbai Central,SKU2016,Honey 500g,FMCG,24,189.24,0.82,2026-09-07
2026-09-13,Mumbai Central,SKU2017,Pickle Mango 400g,FMCG,29,91.59,0.54,2026-09-11
2026-09-13,Mumbai Central,SKU2018,Baking Soda 100g,FMCG,51,17.5,0.86,2026-09-13
2026-09-13,Mumbai Central,SKU2019,Custard Powder 100g,FMCG,19,34.56,2.11,2026-09-13
2026-09-13,Mumbai Central,SKU2020,Muesli 500g,FMCG,3,256.62,0.46,2026-09-09
2026-09-13,Mumbai Central,SKU3001,Sandwich Bread 400g,Bakery,25,35.1,0.57,2026-09-10
2026-09-13,Mumbai Central,SKU3002,Brown Bread 400g,Bakery,2,41.8,0.0,
2026-09-13,Mumbai Central,SKU3003,Multigrain Bread 400g,Bakery,1,48.1,0.0,
2026-09-13,Mumbai Central,SKU3004,Pav 6-pack,Bakery,29,22.5,0.57,2026-09-13
2026-09-13,Mumbai Central,SKU3005,Butter Croissant,Bakery,135,34.1,8.71,2026-09-13
2026-09-13,Mumbai Central,SKU3006,Chocolate Muffin,Bakery,14,36.0,0.54,2026-09-08
2026-09-13,Mumbai Central,SKU3007,Plum Cake 300g,Bakery,944,118.8,18.57,2026-09-13
2026-09-13,Mumbai Central,SKU3008,Garlic Bread,Bakery,23,60.8,1.43,2026-09-13
2026-09-13,Mumbai Central,SKU3009,Rusk 300g,Bakery,10,51.1,0.39,2026-09-12
2026-09-13,Mumbai Central,SKU3010,Fruit Bun,Bakery,24,16.75,1.07,2026-09-13
2026-09-13,Mumbai Central,SKU3011,Cheese Danish,Bakery,462,51.85,12.14,2026-09-13
2026-09-13,Mumbai Central,SKU3012,Burger Buns 4-pack,Bakery,14,36.0,0.96,2026-09-07
2026-09-13,Mumbai Central,SKU3013,Whole Wheat Cookies 250g,Bakery,13,71.5,0.96,2026-09-13
2026-09-13,Mumbai Central,SKU3014,Banana Walnut Loaf,Bakery,43,138.6,2.32,2026-09-13
2026-09-13,Mumbai Central,SKU3015,Cinnamon Roll,Bakery,6,44.25,0.25,2026-09-12
2026-09-13,Mumbai Central,SKU3016,Pizza Base 2-pack,Bakery,24,42.0,0.86,2026-09-13
2026-09-13,Mumbai Central,SKU4001,Mineral Water 1L,Beverages,9,15.0,0.39,2026-09-11
2026-09-13,Mumbai Central,SKU4002,Orange Juice 1L,Beverages,37,98.75,1.39,2026-09-13
2026-09-13,Mumbai Central,SKU4003,Mango Drink 1.2L,Beverages,13,70.2,0.5,2026-09-13
2026-09-13,Mumbai Central,SKU4004,Cola 2L,Beverages,11,77.9,0.32,2026-09-10
2026-09-13,Mumbai Central,SKU4005,Lemon Soda 750ml,Beverages,62,30.8,1.61,2026-09-10
2026-09-13,Mumbai Central,SKU4006,Coconut Water 200ml,Beverages,22,36.0,0.46,2026-09-13
2026-09-13,Mumbai Central,SKU4007,Energy Drink 250ml,Beverages,22,85.1,0.68,2026-09-09
2026-09-13,Mumbai Central,SKU4008,Cold Coffee 200ml,Beverages,95,38.0,1.96,2026-09-13
2026-09-13,Mumbai Central,SKU4009,Buttermilk 500ml,Beverages,8,24.3,0.64,2026-09-09
2026-09-13,Mumbai Central,SKU4010,Flavoured Milk 200ml,Beverages,29,28.7,0.86,2026-09-11
2026-09-13,Mumbai Central,SKU4011,Green Tea 25 bags,Beverages,192,113.6,3.68,2026-09-12
2026-09-13,Mumbai Central,SKU4012,Apple Juice 1L,Beverages,15,106.65,0.5,2026-09-06
2026-09-13,Mumbai Central,SKU4013,Soda Water 750ml,Beverages,62,18.25,1.39,2026-09-12
2026-09-13,Mumbai Central,SKU4014,Iced Tea 500ml,Beverages,7,45.0,0.32,2026-09-12
2026-09-13,Mumbai Central,SKU5001,Herbal Shampoo 340ml,Personal Care,64,178.85,2.18,2026-09-13
2026-09-13,Mumbai Central,SKU5002,Anti-dandruff Shampoo 180ml,Personal Care,35,143.28,1.57,2026-09-13
2026-09-13,Mumbai Central,SKU5003,Bath Soap 4-pack,Personal Care,8,140.4,0.5,2026-09-12
2026-09-13,Mumbai Central,SKU5004,Toothpaste 150g,Personal Care,29,75.24,1.18,2026-09-13
2026-09-13,Mumbai Central,SKU5005,Toothbrush Soft,Personal Care,47,26.0,1.54,2026-09-13
2026-09-13,Mumbai Central,SKU5006,Face Wash 100ml,Personal Care,25,117.25,1.57,2026-09-13
2026-09-13,Mumbai Central,SKU5007,Body Lotion 400ml,Personal Care,21,206.31,0.79,2026-09-13
2026-09-13,Mumbai Central,SKU5008,Coconut Hair Oil 500ml,Personal Care,16,145.53,0.71,2026-09-13
2026-09-13,Mumbai Central,SKU5009,Hand Wash Refill 750ml,Personal Care,23,81.65,0.54,2026-09-12
2026-09-13,Mumbai Central,SKU5010,Deodorant 150ml,Personal Care,9,148.5,0.21,2026-09-11
2026-09-13,Mumbai Central,SKU5011,Talcum Powder 300g,Personal Care,18,118.4,0.82,2026-09-13
2026-09-13,Mumbai Central,SKU5012,Shaving Foam 200g,Personal Care,13,133.0,0.71,2026-09-13
2026-09-13,Mumbai Central,SKU5013,Sanitary Pads 20s,Personal Care,228,142.2,5.64,2026-09-13
2026-09-13,Mumbai Central,SKU5014,Lip Balm 4.5g,Personal Care,9,57.0,0.25,2026-09-03
2026-09-13,Mumbai Central,SKU5015,Sunscreen SPF50 50ml,Personal Care,111,223.36,2.36,2026-09-12
2026-09-13,Mumbai Central,SKU5016,Cotton Buds 100s,Personal Care,6,34.1,0.36,2026-09-12
2026-09-13,Mumbai Central,SKU6001,Detergent Powder 4kg,Household,35,414.17,1.11,2026-09-13
2026-09-13,Mumbai Central,SKU6002,Liquid Detergent 2L,Household,28,306.99,1.68,2026-09-12
2026-09-13,Mumbai Central,SKU6003,Dishwash Bar 3-pack,Household,23,47.4,1.46,2026-09-13
2026-09-13,Mumbai Central,SKU6004,Dishwash Gel 750ml,Household,0,110.2,1.29,2026-09-11
2026-09-13,Mumbai Central,SKU6005,Floor Cleaner 1L,Household,8,134.25,0.64,2026-09-04
2026-09-13,Mumbai Central,SKU6006,Toilet Cleaner 1L,Household,19,117.8,0.61,2026-09-12
2026-09-13,Mumbai Central,SKU6007,Glass Cleaner 500ml,Household,83,79.2,2.14,2026-09-13
2026-09-13,Mumbai Central,SKU6008,Garbage Bags 30s,Household,19,81.6,0.79,2026-09-13
2026-09-13,Mumbai Central,SKU6009,Kitchen Towels 2-roll,Household,50,109.5,2.18,2026-09-12
2026-09-13,Mumbai Central,SKU6010,Toilet Rolls 6-pack,Household,95,169.4,2.71,2026-09-12
2026-09-13,Mumbai Central,SKU6011,Aluminium Foil 9m,Household,12,73.26,0.93,2026-09-12
2026-09-13,Mumbai Central,SKU6012,Scrub Pads 3-pack,Household,4,33.0,0.0,
2026-09-13,Mumbai Central,SKU6013,Mosquito Repellent Refill,Household,20,60.35,0.57,2026-09-12
2026-09-13,Mumbai Central,SKU6014,Air Freshener 240ml,Household,19,133.33,0.54,2026-09-13
2026-09-13,Mumbai Central,SKU6015,Phenyl 1L,Household,9,63.0,0.32,2026-09-10
2026-09-13,Mumbai Central,SKU6016,LED Bulb 9W,Household,90,71.5,3.5,2026-09-13
2026-09-13,Navi Mumbai,SKU1001,Basmati Rice 5kg,Grocery,13,558.14,0.61,2026-09-11
2026-09-13,Navi Mumbai,SKU1002,Sona Masoori Rice 10kg,Grocery,11,703.12,0.43,2026-09-11
2026-09-13,Navi Mumbai,SKU1003,Whole Wheat Atta 10kg,Grocery,3,435.21,0.25,2026-09-05
2026-09-13,Navi Mumbai,SKU1004,Toor Dal 1kg,Grocery,42,147.03,0.89,2026-09-12
2026-09-13,Navi Mumbai,SKU1005,Moong Dal 1kg,Grocery,7,129.63,0.54,2026-09-13
2026-09-13,Navi Mumbai,SKU1006,Chana Dal 1kg,Grocery,18,93.74,0.36,2026-09-12
2026-09-13,Navi Mumbai,SKU1007,Sugar 1kg,Grocery,26,45.12,0.43,2026-09-13
2026-09-13,Navi Mumbai,SKU1008,Iodised Salt 1kg,Grocery,15,22.96,0.64,2026-09-13
2026-09-13,Navi Mumbai,SKU1009,Sunflower Oil 1L,Grocery,9,144.69,0.18,2026-09-06
2026-09-13,Navi Mumbai,SKU1010,Mustard Oil 1L,Grocery,17,170.1,0.43,2026-09-10
2026-09-13,Navi Mumbai,SKU1011,Poha 500g,Grocery,107,36.0,4.93,2026-09-13
2026-09-13,Navi Mumbai,SKU1012,Rava 1kg,Grocery,23,50.22,0.96,2026-09-13
2026-09-13,Navi Mumbai,SKU1013,Turmeric Powder 200g,Grocery,36,41.76,1.04,2026-09-13
2026-09-13,Navi Mumbai,SKU1014,Red Chilli Powder 200g,Grocery,5,52.56,0.21,2026-08-28
2026-09-13,Navi Mumbai,SKU1015,Garam Masala 100g,Grocery,8,57.8,0.29,2026-09-05
2026-09-13,Navi Mumbai,SKU1016,Groundnuts 500g,Grocery,8,78.85,0.21,2026-09-10
2026-09-13,Navi Mumbai,SKU1017,Kabuli Chana 1kg,Grocery,0,118.15,0.43,2026-09-12
2026-09-13,Navi Mumbai,SKU1018,Rajma 1kg,Grocery,10,140.25,0.21,2026-09-07
2026-09-13,Navi Mumbai,SKU1019,Jaggery 1kg,Grocery,90,66.36,2.71,2026-09-13
2026-09-13,Navi Mumbai,SKU1020,Vermicelli 400g,Grocery,5,32.76,0.18,2026-09-08
2026-09-13,Navi Mumbai,SKU2001,Instant Noodles 4-pack,FMCG,2,47.04,0.07,2026-09-03
2026-09-13,Navi Mumbai,SKU2002,Tomato Ketchup 1kg,FMCG,3,109.81,0.0,
2026-09-13,Navi Mumbai,SKU2003,Corn Flakes 875g,FMCG,86,286.18,0.96,2026-09-09
2026-09-13,Navi Mumbai,SKU2004,Oats 1kg,FMCG,15,161.19,0.54,2026-09-12
2026-09-13,Navi Mumbai,SKU2005,Peanut Butter 340g,FMCG,128,137.83,3.0,2026-09-13
2026-09-13,Navi Mumbai,SKU2006,Mixed Fruit Jam 500g,FMCG,9,116.22,0.29,2026-09-06
2026-09-13,Navi Mumbai,SKU2007,Glucose Biscuits 800g,FMCG,11,77.4,0.29,2026-09-13
2026-09-13,Navi Mumbai,SKU2008,Cream Biscuits 300g,FMCG,3,49.8,0.0,
2026-09-13,Navi Mumbai,SKU2009,Potato Chips 150g,FMCG,17,38.0,0.75,2026-09-07
2026-09-13,Navi Mumbai,SKU2010,Namkeen Mix 400g,FMCG,15,74.25,0.25,2026-09-06
2026-09-13,Navi Mumbai,SKU2011,Dark Chocolate 100g,FMCG,12,84.0,0.5,2026-09-12
2026-09-13,Navi Mumbai,SKU2012,Instant Coffee 100g,FMCG,0,239.2,16.79,2026-09-13
2026-09-13,Navi Mumbai,SKU2013,Tea Leaves 500g,FMCG,32,217.3,0.43,2026-09-01
2026-09-13,Navi Mumbai,SKU2014,Pasta Penne 500g,FMCG,3,85.1,0.0,
2026-09-13,Navi Mumbai,SKU2015,Soya Chunks 200g,FMCG,76,33.88,2.14,2026-09-11
2026-09-13,Navi Mumbai,SKU2016,Honey 500g,FMCG,15,189.24,0.79,2026-09-10
2026-09-13,Navi Mumbai,SKU2017,Pickle Mango 400g,FMCG,13,91.59,0.36,2026-09-10
2026-09-13,Navi Mumbai,SKU2018,Baking Soda 100g,FMCG,26,17.5,0.5,2026-09-11
2026-09-13,Navi Mumbai,SKU2019,Custard Powder 100g,FMCG,28,34.56,1.11,2026-09-13
2026-09-13,Navi Mumbai,SKU2020,Muesli 500g,FMCG,16,256.62,0.5,2026-09-07
2026-09-13,Navi Mumbai,SKU3001,Sandwich Bread 400g,Bakery,10,35.1,0.32,2026-09-12
2026-09-13,Navi Mumbai,SKU3002,Brown Bread 400g,Bakery,2,41.8,0.0,
2026-09-13,Navi Mumbai,SKU3003,Multigrain Bread 400g,Bakery,0,48.1,0.0,
2026-09-13,Navi Mumbai,SKU3004,Pav 6-pack,Bakery,11,22.5,0.14,2026-09-06
2026-09-13,Navi Mumbai,SKU3005,Butter Croissant,Bakery,157,34.1,3.71,2026-09-12
2026-09-13,Navi Mumbai,SKU3006,Chocolate Muffin,Bakery,35,36.0,0.64,2026-09-08
2026-09-13,Navi Mumbai,SKU3007,Plum Cake 300g,Bakery,200,118.8,12.5,2026-09-13
2026-09-13,Navi Mumbai,SKU3008,Garlic Bread,Bakery,14,60.8,0.46,2026-09-09
2026-09-13,Navi Mumbai,SKU3009,Rusk 300g,Bakery,12,51.1,0.18,2026-09-07
2026-09-13,Navi Mumbai,SKU3010,Fruit Bun,Bakery,34,16.75,0.79,2026-09-08
2026-09-13,Navi Mumbai,SKU3011,Cheese Danish,Bakery,81,51.85,5.25,2026-09-13
2026-09-13,Navi Mumbai,SKU3012,Burger Buns 4-pack,Bakery,8,36.0,0.11,2026-09-13
2026-09-13,Navi Mumbai,SKU3013,Whole Wheat Cookies 250g,Bakery,4,71.5,0.39,2026-09-13
2026-09-13,Navi Mumbai,SKU3014,Banana Walnut Loaf,Bakery,35,138.6,1.0,2026-09-11
2026-09-13,Navi Mumbai,SKU3015,Cinnamon Roll,Bakery,21,44.25,0.46,2026-09-13
2026-09-13,Navi Mumbai,SKU3016,Pizza Base 2-pack,Bakery,32,42.0,1.04,2026-09-02
2026-09-13,Navi Mumbai,SKU4001,Mineral Water 1L,Beverages,10,15.0,0.25,2026-09-07
2026-09-13,Navi Mumbai,SKU4002,Orange Juice 1L,Beverages,19,98.75,0.79,2026-09-12
2026-09-13,Navi Mumbai,SKU4003,Mango Drink 1.2L,Beverages,18,70.2,0.36,2026-09-11
2026-09-13,Navi Mumbai,SKU4004,Cola 2L,Beverages,5,77.9,0.21,2026-09-09
2026-09-13,Navi Mumbai,SKU4005,Lemon Soda 750ml,Beverages,25,30.8,0.64,2026-09-09
2026-09-13,Navi Mumbai,SKU4006,Coconut Water 200ml,Beverages,11,36.0,0.11,2026-08-28
2026-09-13,Navi Mumbai,SKU4007,Energy Drink 250ml,Beverages,14,85.1,0.32,2026-09-11
2026-09-13,Navi Mumbai,SKU4008,Cold Coffee 200ml,Beverages,28,38.0,1.43,2026-09-11
2026-09-13,Navi Mumbai,SKU4009,Buttermilk 500ml,Beverages,31,24.3,0.79,2026-09-13
2026-09-13,Navi Mumbai,SKU4010,Flavoured Milk 200ml,Beverages,7,28.7,0.29,2026-09-10
2026-09-13,Navi Mumbai,SKU4011,Green Tea 25 bags,Beverages,46,113.6,1.71,2026-09-13
2026-09-13,Navi Mumbai,SKU4012,Apple Juice 1L,Beverages,3,106.65,0.18,2026-09-06
2026-09-13,Navi Mumbai,SKU4013,Soda Water 750ml,Beverages,8,18.25,0.36,2026-09-05
2026-09-13,Navi Mumbai,SKU4014,Iced Tea 500ml,Beverages,7,45.0,0.5,2026-09-12
2026-09-13,Navi Mumbai,SKU5001,Herbal Shampoo 340ml,Personal Care,36,178.85,0.82,2026-09-12
2026-09-13,Navi Mumbai,SKU5002,Anti-dandruff Shampoo 180ml,Personal Care,6,143.28,0.39,2026-09-10
2026-09-13,Navi Mumbai,SKU5003,Bath Soap 4-pack,Personal Care,0,140.4,0.21,2026-08-28
2026-09-13,Navi Mumbai,SKU5004,Toothpaste 150g,Personal Care,7,75.24,0.11,2026-09-12
2026-09-13,Navi Mumbai,SKU5005,Toothbrush Soft,Personal Care,22,26.0,0.61,2026-09-08
2026-09-13,Navi Mumbai,SKU5006,Face Wash 100ml,Personal Care,11,117.25,0.79,2026-09-13
2026-09-13,Navi Mumbai,SKU5007,Body Lotion 400ml,Personal Care,10,206.31,0.29,2026-09-09
2026-09-13,Navi Mumbai,SKU5008,Coconut Hair Oil 500ml,Personal Care,12,145.53,0.32,2026-09-08
2026-09-13,Navi Mumbai,SKU5009,Hand Wash Refill 750ml,Personal Care,7,81.65,0.14,2026-09-05
2026-09-13,Navi Mumbai,SKU5010,Deodorant 150ml,Personal Care,11,148.5,0.21,2026-09-13
2026-09-13,Navi Mumbai,SKU5011,Talcum Powder 300g,Personal Care,22,118.4,0.43,2026-09-08
2026-09-13,Navi Mumbai,SKU5012,Shaving Foam 200g,Personal Care,12,133.0,0.46,2026-09-11
2026-09-13,Navi Mumbai,SKU5013,Sanitary Pads 20s,Personal Care,37,142.2,2.46,2026-09-13
2026-09-13,Navi Mumbai,SKU5014,Lip Balm 4.5g,Personal Care,11,57.0,0.14,2026-08-24
2026-09-13,Navi Mumbai,SKU5015,Sunscreen SPF50 50ml,Personal Care,90,223.36,1.57,2026-09-13
2026-09-13,Navi Mumbai,SKU5016,Cotton Buds 100s,Personal Care,24,34.1,0.36,2026-09-13
2026-09-13,Navi Mumbai,SKU6001,Detergent Powder 4kg,Household,8,414.17,0.36,2026-09-06
2026-09-13,Navi Mumbai,SKU6002,Liquid Detergent 2L,Household,26,306.99,1.21,2026-09-12
2026-09-13,Navi Mumbai,SKU6003,Dishwash Bar 3-pack,Household,15,47.4,0.93,2026-09-11
2026-09-13,Navi Mumbai,SKU6004,Dishwash Gel 750ml,Household,17,110.2,0.71,2026-09-10
2026-09-13,Navi Mumbai,SKU6005,Floor Cleaner 1L,Household,6,134.25,0.25,2026-09-12
2026-09-13,Navi Mumbai,SKU6006,Toilet Cleaner 1L,Household,14,117.8,0.43,2026-09-07
2026-09-13,Navi Mumbai,SKU6007,Glass Cleaner 500ml,Household,33,79.2,1.61,2026-09-13
2026-09-13,Navi Mumbai,SKU6008,Garbage Bags 30s,Household,13,81.6,0.68,2026-09-12
2026-09-13,Navi Mumbai,SKU6009,Kitchen Towels 2-roll,Household,0,109.5,1.61,2026-09-12
2026-09-13,Navi Mumbai,SKU6010,Toilet Rolls 6-pack,Household,79,169.4,1.46,2026-09-12
2026-09-13,Navi Mumbai,SKU6011,Aluminium Foil 9m,Household,7,73.26,0.32,2026-09-10
2026-09-13,Navi Mumbai,SKU6012,Scrub Pads 3-pack,Household,4,33.0,0.0,2026-08-16
2026-09-13,Navi Mumbai,SKU6013,Mosquito Repellent Refill,Household,5,60.35,0.21,2026-09-09
2026-09-13,Navi Mumbai,SKU6014,Air Freshener 240ml,Household,7,133.33,0.29,2026-09-04
2026-09-13,Navi Mumbai,SKU6015,Phenyl 1L,Household,21,63.0,0.5,2026-09-13
2026-09-13,Navi Mumbai,SKU6016,LED Bulb 9W,Household,32,71.5,2.71,2026-09-13
2026-09-13,Powai,SKU1001,Basmati Rice 5kg,Grocery,7,558.14,0.46,2026-09-10
2026-09-13,Powai,SKU1002,Sona Masoori Rice 10kg,Grocery,32,703.12,1.54,2026-09-13
2026-09-13,Powai,SKU1003,Whole Wheat Atta 10kg,Grocery,10,435.21,0.29,2026-09-13
2026-09-13,Powai,SKU1004,Toor Dal 1kg,Grocery,64,147.03,1.54,2026-09-13
2026-09-13,Powai,SKU1005,Moong Dal 1kg,Grocery,25,129.63,0.79,2026-09-13
2026-09-13,Powai,SKU1006,Chana Dal 1kg,Grocery,46,93.74,0.68,2026-09-13
2026-09-13,Powai,SKU1007,Sugar 1kg,Grocery,17,45.12,0.68,2026-09-06
2026-09-13,Powai,SKU1008,Iodised Salt 1kg,Grocery,32,22.96,0.89,2026-09-13
2026-09-13,Powai,SKU1009,Sunflower Oil 1L,Grocery,6,144.69,0.36,2026-09-12
2026-09-13,Powai,SKU1010,Mustard Oil 1L,Grocery,8,170.1,0.11,2026-08-28
2026-09-13,Powai,SKU1011,Poha 500g,Grocery,308,36.0,5.89,2026-09-13
2026-09-13,Powai,SKU1012,Rava 1kg,Grocery,25,50.22,0.96,2026-09-10
2026-09-13,Powai,SKU1013,Turmeric Powder 200g,Grocery,36,41.76,0.89,2026-09-13
2026-09-13,Powai,SKU1014,Red Chilli Powder 200g,Grocery,11,52.56,0.39,2026-09-13
2026-09-13,Powai,SKU1015,Garam Masala 100g,Grocery,9,57.8,0.43,2026-09-11
2026-09-13,Powai,SKU1016,Groundnuts 500g,Grocery,13,78.85,0.39,2026-09-11
2026-09-13,Powai,SKU1017,Kabuli Chana 1kg,Grocery,13,118.15,0.32,2026-09-10
2026-09-13,Powai,SKU1018,Rajma 1kg,Grocery,10,140.25,0.21,2026-09-01
2026-09-13,Powai,SKU1019,Jaggery 1kg,Grocery,140,66.36,5.54,2026-09-13
2026-09-13,Powai,SKU1020,Vermicelli 400g,Grocery,10,32.76,0.14,2026-09-06
2026-09-13,Powai,SKU2001,Instant Noodles 4-pack,FMCG,21,47.04,0.75,2026-09-09
2026-09-13,Powai,SKU2002,Tomato Ketchup 1kg,FMCG,0,109.81,0.0,
2026-09-13,Powai,SKU2003,Corn Flakes 875g,FMCG,40,286.18,1.0,2026-09-12
2026-09-13,Powai,SKU2004,Oats 1kg,FMCG,19,161.19,0.54,2026-09-09
2026-09-13,Powai,SKU2005,Peanut Butter 340g,FMCG,111,137.83,3.21,2026-09-13
2026-09-13,Powai,SKU2006,Mixed Fruit Jam 500g,FMCG,10,116.22,0.39,2026-09-04
2026-09-13,Powai,SKU2007,Glucose Biscuits 800g,FMCG,8,77.4,0.29,2026-09-11
2026-09-13,Powai,SKU2008,Cream Biscuits 300g,FMCG,3,49.8,0.0,
2026-09-13,Powai,SKU2009,Potato Chips 150g,FMCG,47,38.0,0.61,2026-09-12
2026-09-13,Powai,SKU2010,Namkeen Mix 400g,FMCG,19,74.25,0.57,2026-09-13
2026-09-13,Powai,SKU2011,Dark Chocolate 100g,FMCG,27,84.0,1.36,2026-09-11
2026-09-13,Powai,SKU2012,Instant Coffee 100g,FMCG,638,239.2,17.36,2026-09-13
2026-09-13,Powai,SKU2013,Tea Leaves 500g,FMCG,10,217.3,0.29,2026-09-11
2026-09-13,Powai,SKU2014,Pasta Penne 500g,FMCG,0,85.1,0.0,
2026-09-13,Powai,SKU2015,Soya Chunks 200g,FMCG,36,33.88,2.29,2026-09-13
2026-09-13,Powai,SKU2016,Honey 500g,FMCG,15,189.24,0.86,2026-09-13
2026-09-13,Powai,SKU2017,Pickle Mango 400g,FMCG,26,91.59,0.61,2026-09-12
2026-09-13,Powai,SKU2018,Baking Soda 100g,FMCG,9,17.5,0.39,2026-09-12
2026-09-13,Powai,SKU2019,Custard Powder 100g,FMCG,13,34.56,1.11,2026-09-12
2026-09-13,Powai,SKU2020,Muesli 500g,FMCG,26,256.62,0.57,2026-09-12
2026-09-13,Powai,SKU3001,Sandwich Bread 400g,Bakery,12,35.1,0.61,2026-09-12
2026-09-13,Powai,SKU3002,Brown Bread 400g,Bakery,0,41.8,0.0,
2026-09-13,Powai,SKU3003,Multigrain Bread 400g,Bakery,3,48.1,0.0,
2026-09-13,Powai,SKU3004,Pav 6-pack,Bakery,39,22.5,0.61,2026-09-12
2026-09-13,Powai,SKU3005,Butter Croissant,Bakery,90,34.1,4.82,2026-09-13
2026-09-13,Powai,SKU3006,Chocolate Muffin,Bakery,32,36.0,0.71,2026-09-12
2026-09-13,Powai,SKU3007,Plum Cake 300g,Bakery,639,118.8,12.25,2026-09-13
2026-09-13,Powai,SKU3008,Garlic Bread,Bakery,8,60.8,0.11,2026-09-08
2026-09-13,Powai,SKU3009,Rusk 300g,Bakery,8,51.1,0.5,2026-09-13
2026-09-13,Powai,SKU3010,Fruit Bun,Bakery,12,16.75,0.96,2026-08-31
2026-09-13,Powai,SKU3011,Cheese Danish,Bakery,210,51.85,8.32,2026-09-13
2026-09-13,Powai,SKU3012,Burger Buns 4-pack,Bakery,23,36.0,0.36,2026-09-09
2026-09-13,Powai,SKU3013,Whole Wheat Cookies 250g,Bakery,7,71.5,0.29,2026-09-02
2026-09-13,Powai,SKU3014,Banana Walnut Loaf,Bakery,68,138.6,1.5,2026-09-10
2026-09-13,Powai,SKU3015,Cinnamon Roll,Bakery,18,44.25,0.86,2026-09-11
2026-09-13,Powai,SKU3016,Pizza Base 2-pack,Bakery,35,42.0,0.86,2026-09-05
2026-09-13,Powai,SKU4001,Mineral Water 1L,Beverages,5,15.0,0.04,2026-08-22
2026-09-13,Powai,SKU4002,Orange Juice 1L,Beverages,20,98.75,0.68,2026-09-12
2026-09-13,Powai,SKU4003,Mango Drink 1.2L,Beverages,24,70.2,0.64,2026-09-08
2026-09-13,Powai,SKU4004,Cola 2L,Beverages,12,77.9,0.43,2026-09-11
2026-09-13,Powai,SKU4005,Lemon Soda 750ml,Beverages,16,30.8,0.93,2026-09-10
2026-09-13,Powai,SKU4006,Coconut Water 200ml,Beverages,3,36.0,0.14,2026-09-13
2026-09-13,Powai,SKU4007,Energy Drink 250ml,Beverages,12,85.1,0.86,2026-09-13
2026-09-13,Powai,SKU4008,Cold Coffee 200ml,Beverages,20,38.0,1.5,2026-09-13
2026-09-13,Powai,SKU4009,Buttermilk 500ml,Beverages,23,24.3,0.39,2026-09-08
2026-09-13,Powai,SKU4010,Flavoured Milk 200ml,Beverages,16,28.7,0.57,2026-09-03
2026-09-13,Powai,SKU4011,Green Tea 25 bags,Beverages,66,113.6,2.54,2026-09-13
2026-09-13,Powai,SKU4012,Apple Juice 1L,Beverages,13,106.65,0.39,2026-09-08
2026-09-13,Powai,SKU4013,Soda Water 750ml,Beverages,15,18.25,1.0,2026-09-13
2026-09-13,Powai,SKU4014,Iced Tea 500ml,Beverages,0,45.0,0.32,2026-09-05
2026-09-13,Powai,SKU5001,Herbal Shampoo 340ml,Personal Care,13,178.85,1.0,2026-09-13
2026-09-13,Powai,SKU5002,Anti-dandruff Shampoo 180ml,Personal Care,23,143.28,0.75,2026-09-12
2026-09-13,Powai,SKU5003,Bath Soap 4-pack,Personal Care,5,140.4,0.29,2026-09-06
2026-09-13,Powai,SKU5004,Toothpaste 150g,Personal Care,15,75.24,0.5,2026-09-05
2026-09-13,Powai,SKU5005,Toothbrush Soft,Personal Care,39,26.0,1.07,2026-09-11
2026-09-13,Powai,SKU5006,Face Wash 100ml,Personal Care,22,117.25,0.61,2026-09-12
2026-09-13,Powai,SKU5007,Body Lotion 400ml,Personal Care,6,206.31,0.25,2026-09-12
2026-09-13,Powai,SKU5008,Coconut Hair Oil 500ml,Personal Care,16,145.53,0.5,2026-09-08
2026-09-13,Powai,SKU5009,Hand Wash Refill 750ml,Personal Care,20,81.65,0.36,2026-09-12
2026-09-13,Powai,SKU5010,Deodorant 150ml,Personal Care,10,148.5,0.32,2026-09-12
2026-09-13,Powai,SKU5011,Talcum Powder 300g,Personal Care,9,118.4,0.46,2026-09-06
2026-09-13,Powai,SKU5012,Shaving Foam 200g,Personal Care,16,133.0,0.39,2026-09-08
2026-09-13,Powai,SKU5013,Sanitary Pads 20s,Personal Care,60,142.2,2.71,2026-09-12
2026-09-13,Powai,SKU5014,Lip Balm 4.5g,Personal Care,10,57.0,0.39,2026-09-13
2026-09-13,Powai,SKU5015,Sunscreen SPF50 50ml,Personal Care,0,223.36,1.75,2026-09-13
2026-09-13,Powai,SKU5016,Cotton Buds 100s,Personal Care,8,34.1,0.32,2026-09-12
2026-09-13,Powai,SKU6001,Detergent Powder 4kg,Household,8,414.17,0.71,2026-09-10
2026-09-13,Powai,SKU6002,Liquid Detergent 2L,Household,14,306.99,0.61,2026-09-13
2026-09-13,Powai,SKU6003,Dishwash Bar 3-pack,Household,7,47.4,0.96,2026-09-12
2026-09-13,Powai,SKU6004,Dishwash Gel 750ml,Household,55,110.2,0.96,2026-09-11
2026-09-13,Powai,SKU6005,Floor Cleaner 1L,Household,11,134.25,0.18,2026-08-31
2026-09-13,Powai,SKU6006,Toilet Cleaner 1L,Household,15,117.8,0.61,2026-09-10
2026-09-13,Powai,SKU6007,Glass Cleaner 500ml,Household,36,79.2,2.32,2026-09-13
2026-09-13,Powai,SKU6008,Garbage Bags 30s,Household,18,81.6,0.39,2026-09-09
2026-09-13,Powai,SKU6009,Kitchen Towels 2-roll,Household,51,109.5,1.75,2026-09-12
2026-09-13,Powai,SKU6010,Toilet Rolls 6-pack,Household,107,169.4,1.86,2026-09-13
2026-09-13,Powai,SKU6011,Aluminium Foil 9m,Household,6,73.26,0.32,2026-09-12
2026-09-13,Powai,SKU6012,Scrub Pads 3-pack,Household,5,33.0,0.0,
2026-09-13,Powai,SKU6013,Mosquito Repellent Refill,Household,3,60.35,0.25,2026-09-13
2026-09-13,Powai,SKU6014,Air Freshener 240ml,Household,20,133.33,0.82,2026-09-13
2026-09-13,Powai,SKU6015,Phenyl 1L,Household,7,63.0,0.29,2026-09-11
2026-09-13,Powai,SKU6016,LED Bulb 9W,Household,65,71.5,2.39,2026-09-10
2026-09-13,Thane,SKU1001,Basmati Rice 5kg,Grocery,48,558.14,0.61,2026-09-11
2026-09-13,Thane,SKU1002,Sona Masoori Rice 10kg,Grocery,70,703.12,1.39,2026-09-12
2026-09-13,Thane,SKU1003,Whole Wheat Atta 10kg,Grocery,5,435.21,0.29,2026-08-30
2026-09-13,Thane,SKU1004,Toor Dal 1kg,Grocery,36,147.03,1.07,2026-09-09
2026-09-13,Thane,SKU1005,Moong Dal 1kg,Grocery,21,129.63,0.75,2026-09-11
2026-09-13,Thane,SKU1006,Chana Dal 1kg,Grocery,27,93.74,0.68,2026-09-12
2026-09-13,Thane,SKU1007,Sugar 1kg,Grocery,13,45.12,0.36,2026-09-08
2026-09-13,Thane,SKU1008,Iodised Salt 1kg,Grocery,22,22.96,1.07,2026-09-13
2026-09-13,Thane,SKU1009,Sunflower Oil 1L,Grocery,11,144.69,0.39,2026-09-07
2026-09-13,Thane,SKU1010,Mustard Oil 1L,Grocery,2,170.1,0.29,2026-09-13
2026-09-13,Thane,SKU1011,Poha 500g,Grocery,143,36.0,7.71,2026-09-13
2026-09-13,Thane,SKU1012,Rava 1kg,Grocery,21,50.22,0.86,2026-09-12
2026-09-13,Thane,SKU1013,Turmeric Powder 200g,Grocery,47,41.76,1.25,2026-09-12
2026-09-13,Thane,SKU1014,Red Chilli Powder 200g,Grocery,10,52.56,0.39,2026-09-09
2026-09-13,Thane,SKU1015,Garam Masala 100g,Grocery,13,57.8,0.5,2026-09-13
2026-09-13,Thane,SKU1016,Groundnuts 500g,Grocery,9,78.85,0.11,2026-09-07
2026-09-13,Thane,SKU1017,Kabuli Chana 1kg,Grocery,12,118.15,0.46,2026-09-08
2026-09-13,Thane,SKU1018,Rajma 1kg,Grocery,7,140.25,0.46,2026-09-11
2026-09-13,Thane,SKU1019,Jaggery 1kg,Grocery,58,66.36,3.68,2026-09-13
2026-09-13,Thane,SKU1020,Vermicelli 400g,Grocery,8,32.76,0.18,2026-09-10
2026-09-13,Thane,SKU2001,Instant Noodles 4-pack,FMCG,2,47.04,0.07,2026-08-29
2026-09-13,Thane,SKU2002,Tomato Ketchup 1kg,FMCG,0,109.81,0.0,
2026-09-13,Thane,SKU2003,Corn Flakes 875g,FMCG,40,286.18,1.07,2026-09-12
2026-09-13,Thane,SKU2004,Oats 1kg,FMCG,15,161.19,0.54,2026-09-12
2026-09-13,Thane,SKU2005,Peanut Butter 340g,FMCG,55,137.83,2.96,2026-09-13
2026-09-13,Thane,SKU2006,Mixed Fruit Jam 500g,FMCG,16,116.22,0.57,2026-09-11
2026-09-13,Thane,SKU2007,Glucose Biscuits 800g,FMCG,8,77.4,0.29,2026-09-03
2026-09-13,Thane,SKU2008,Cream Biscuits 300g,FMCG,4,49.8,0.0,
2026-09-13,Thane,SKU2009,Potato Chips 150g,FMCG,11,38.0,0.32,2026-09-13
2026-09-13,Thane,SKU2010,Namkeen Mix 400g,FMCG,15,74.25,0.32,2026-09-12
2026-09-13,Thane,SKU2011,Dark Chocolate 100g,FMCG,8,84.0,0.64,2026-09-13
2026-09-13,Thane,SKU2012,Instant Coffee 100g,FMCG,350,239.2,20.79,2026-09-13
2026-09-13,Thane,SKU2013,Tea Leaves 500g,FMCG,9,217.3,0.18,2026-09-09
2026-09-13,Thane,SKU2014,Pasta Penne 500g,FMCG,0,85.1,0.0,
2026-09-13,Thane,SKU2015,Soya Chunks 200g,FMCG,86,33.88,2.29,2026-09-13
2026-09-13,Thane,SKU2016,Honey 500g,FMCG,36,189.24,1.18,2026-09-11
2026-09-13,Thane,SKU2017,Pickle Mango 400g,FMCG,24,91.59,0.68,2026-09-12
2026-09-13,Thane,SKU2018,Baking Soda 100g,FMCG,5,17.5,0.25,2026-09-10
2026-09-13,Thane,SKU2019,Custard Powder 100g,FMCG,50,34.56,1.25,2026-09-13
2026-09-13,Thane,SKU2020,Muesli 500g,FMCG,33,256.62,0.61,2026-09-13
2026-09-13,Thane,SKU3001,Sandwich Bread 400g,Bakery,29,35.1,0.82,2026-09-12
2026-09-13,Thane,SKU3002,Brown Bread 400g,Bakery,4,41.8,0.0,
2026-09-13,Thane,SKU3003,Multigrain Bread 400g,Bakery,3,48.1,0.0,2026-07-28
2026-09-13,Thane,SKU3004,Pav 6-pack,Bakery,13,22.5,0.43,2026-09-02
2026-09-13,Thane,SKU3005,Butter Croissant,Bakery,131,34.1,5.0,2026-09-13
2026-09-13,Thane,SKU3006,Chocolate Muffin,Bakery,112,36.0,1.0,2026-09-11
2026-09-13,Thane,SKU3007,Plum Cake 300g,Bakery,374,118.8,16.86,2026-09-13
2026-09-13,Thane,SKU3008,Garlic Bread,Bakery,15,60.8,0.54,2026-09-12
2026-09-13,Thane,SKU3009,Rusk 300g,Bakery,7,51.1,0.39,2026-09-08
2026-09-13,Thane,SKU3010,Fruit Bun,Bakery,42,16.75,0.75,2026-09-11
2026-09-13,Thane,SKU3011,Cheese Danish,Bakery,127,51.85,7.21,2026-09-13
2026-09-13,Thane,SKU3012,Burger Buns 4-pack,Bakery,12,36.0,0.36,2026-09-12
2026-09-13,Thane,SKU3013,Whole Wheat Cookies 250g,Bakery,5,71.5,0.29,2026-09-11
2026-09-13,Thane,SKU3014,Banana Walnut Loaf,Bakery,72,138.6,1.46,2026-09-12
2026-09-13,Thane,SKU3015,Cinnamon Roll,Bakery,29,44.25,0.71,2026-09-13
2026-09-13,Thane,SKU3016,Pizza Base 2-pack,Bakery,40,42.0,1.21,2026-09-12
2026-09-13,Thane,SKU4001,Mineral Water 1L,Beverages,14,15.0,0.21,2026-09-03
2026-09-13,Thane,SKU4002,Orange Juice 1L,Beverages,12,98.75,0.82,2026-09-11
2026-09-13,Thane,SKU4003,Mango Drink 1.2L,Beverages,95,70.2,1.32,2026-09-13
2026-09-13,Thane,SKU4004,Cola 2L,Beverages,8,77.9,0.14,2026-08-30
2026-09-13,Thane,SKU4005,Lemon Soda 750ml,Beverages,69,30.8,1.54,2026-09-10
2026-09-13,Thane,SKU4006,Coconut Water 200ml,Beverages,13,36.0,0.32,2026-09-12
2026-09-13,Thane,SKU4007,Energy Drink 250ml,Beverages,9,85.1,0.14,2026-09-01
2026-09-13,Thane,SKU4008,Cold Coffee 200ml,Beverages,38,38.0,1.32,2026-09-12
2026-09-13,Thane,SKU4009,Buttermilk 500ml,Beverages,27,24.3,0.79,2026-09-13
2026-09-13,Thane,SKU4010,Flavoured Milk 200ml,Beverages,48,28.7,0.46,2026-09-08
2026-09-13,Thane,SKU4011,Green Tea 25 bags,Beverages,45,113.6,2.61,2026-09-13
2026-09-13,Thane,SKU4012,Apple Juice 1L,Beverages,14,106.65,0.64,2026-09-13
2026-09-13,Thane,SKU4013,Soda Water 750ml,Beverages,32,18.25,1.32,2026-09-12
2026-09-13,Thane,SKU4014,Iced Tea 500ml,Beverages,8,45.0,0.32,2026-09-10
2026-09-13,Thane,SKU5001,Herbal Shampoo 340ml,Personal Care,34,178.85,2.11,2026-09-13
2026-09-13,Thane,SKU5002,Anti-dandruff Shampoo 180ml,Personal Care,23,143.28,0.82,2026-09-13
2026-09-13,Thane,SKU5003,Bath Soap 4-pack,Personal Care,13,140.4,0.43,2026-09-07
2026-09-13,Thane,SKU5004,Toothpaste 150g,Personal Care,20,75.24,0.29,2026-09-11
2026-09-13,Thane,SKU5005,Toothbrush Soft,Personal Care,10,26.0,0.61,2026-09-12
2026-09-13,Thane,SKU5006,Face Wash 100ml,Personal Care,28,117.25,0.96,2026-09-11
2026-09-13,Thane,SKU5007,Body Lotion 400ml,Personal Care,13,206.31,0.79,2026-09-13
2026-09-13,Thane,SKU5008,Coconut Hair Oil 500ml,Personal Care,25,145.53,0.71,2026-09-08
2026-09-13,Thane,SKU5009,Hand Wash Refill 750ml,Personal Care,9,81.65,0.18,2026-09-08
2026-09-13,Thane,SKU5010,Deodorant 150ml,Personal Care,10,148.5,0.32,2026-09-13
2026-09-13,Thane,SKU5011,Talcum Powder 300g,Personal Care,11,118.4,0.32,2026-09-05
2026-09-13,Thane,SKU5012,Shaving Foam 200g,Personal Care,11,133.0,0.46,2026-09-08
2026-09-13,Thane,SKU5013,Sanitary Pads 20s,Personal Care,14,142.2,3.18,2026-09-12
2026-09-13,Thane,SKU5014,Lip Balm 4.5g,Personal Care,4,57.0,0.43,2026-08-22
2026-09-13,Thane,SKU5015,Sunscreen SPF50 50ml,Personal Care,21,223.36,2.5,2026-09-12
2026-09-13,Thane,SKU5016,Cotton Buds 100s,Personal Care,19,34.1,0.57,2026-09-13
2026-09-13,Thane,SKU6001,Detergent Powder 4kg,Household,8,414.17,0.43,2026-09-10
2026-09-13,Thane,SKU6002,Liquid Detergent 2L,Household,30,306.99,1.04,2026-09-12
2026-09-13,Thane,SKU6003,Dishwash Bar 3-pack,Household,40,47.4,1.46,2026-09-12
2026-09-13,Thane,SKU6004,Dishwash Gel 750ml,Household,22,110.2,0.82,2026-09-12
2026-09-13,Thane,SKU6005,Floor Cleaner 1L,Household,11,134.25,0.29,2026-09-13
2026-09-13,Thane,SKU6006,Toilet Cleaner 1L,Household,34,117.8,0.86,2026-09-12
2026-09-13,Thane,SKU6007,Glass Cleaner 500ml,Household,27,79.2,1.96,2026-09-13
2026-09-13,Thane,SKU6008,Garbage Bags 30s,Household,12,81.6,0.43,2026-09-11
2026-09-13,Thane,SKU6009,Kitchen Towels 2-roll,Household,57,109.5,1.86,2026-09-13
2026-09-13,Thane,SKU6010,Toilet Rolls 6-pack,Household,26,169.4,0.82,2026-09-11
2026-09-13,Thane,SKU6011,Aluminium Foil 9m,Household,6,73.26,0.46,2026-09-11
2026-09-13,Thane,SKU6012,Scrub Pads 3-pack,Household,2,33.0,0.0,
2026-09-13,Thane,SKU6013,Mosquito Repellent Refill,Household,7,60.35,0.11,2026-09-06
2026-09-13,Thane,SKU6014,Air Freshener 240ml,Household,10,133.33,0.61,2026-09-11
2026-09-13,Thane,SKU6015,Phenyl 1L,Household,7,63.0,0.11,2026-09-09
2026-09-13,Thane,SKU6016,LED Bulb 9W,Household,88,71.5,2.86,2026-09-13
2026-09-20,Andheri,SKU1001,Basmati Rice 5kg,Grocery,12,558.14,0.71,2026-09-17
2026-09-20,Andheri,SKU1002,Sona Masoori Rice 10kg,Grocery,26,703.12,1.25,2026-09-19
2026-09-20,Andheri,SKU1003,Whole Wheat Atta 10kg,Grocery,6,435.21,0.29,2026-09-15
2026-09-20,Andheri,SKU1004,Toor Dal 1kg,Grocery,113,147.03,2.18,2026-09-20
2026-09-20,Andheri,SKU1005,Moong Dal 1kg,Grocery,33,129.63,0.68,2026-09-20
2026-09-20,Andheri,SKU1006,Chana Dal 1kg,Grocery,8,93.74,0.61,2026-09-18
2026-09-20,Andheri,SKU1007,Sugar 1kg,Grocery,14,45.12,0.89,2026-09-18
2026-09-20,Andheri,SKU1008,Iodised Salt 1kg,Grocery,25,22.96,1.5,2026-09-20
2026-09-20,Andheri,SKU1009,Sunflower Oil 1L,Grocery,2,144.69,0.04,2026-09-01
2026-09-20,Andheri,SKU1010,Mustard Oil 1L,Grocery,6,170.1,0.71,2026-09-19
2026-09-20,Andheri,SKU1011,Poha 500g,Grocery,152,36.0,7.89,2026-09-20
2026-09-20,Andheri,SKU1012,Rava 1kg,Grocery,0,50.22,1.04,2026-09-20
2026-09-20,Andheri,SKU1013,Turmeric Powder 200g,Grocery,24,41.76,1.0,2026-09-18
2026-09-20,Andheri,SKU1014,Red Chilli Powder 200g,Grocery,10,52.56,0.61,2026-09-19
2026-09-20,Andheri,SKU1015,Garam Masala 100g,Grocery,4,57.8,0.36,2026-09-18
2026-09-20,Andheri,SKU1016,Groundnuts 500g,Grocery,29,78.85,0.46,2026-09-13
2026-09-20,Andheri,SKU1017,Kabuli Chana 1kg,Grocery,33,118.15,0.82,2026-09-20
2026-09-20,Andheri,SKU1018,Rajma 1kg,Grocery,23,140.25,0.71,2026-09-20
2026-09-20,Andheri,SKU1019,Jaggery 1kg,Grocery,0,66.36,5.36,2026-09-20
2026-09-20,Andheri,SKU1020,Vermicelli 400g,Grocery,20,32.76,0.68,2026-09-18
2026-09-20,Andheri,SKU2001,Instant Noodles 4-pack,FMCG,29,47.04,0.57,2026-09-18
2026-09-20,Andheri,SKU2002,Tomato Ketchup 1kg,FMCG,2,109.81,0.0,
2026-09-20,Andheri,SKU2003,Corn Flakes 875g,FMCG,36,286.18,1.25,2026-09-19
2026-09-20,Andheri,SKU2004,Oats 1kg,FMCG,23,161.19,0.64,2026-09-19
2026-09-20,Andheri,SKU2005,Peanut Butter 340g,FMCG,99,137.83,4.21,2026-09-20
2026-09-20,Andheri,SKU2006,Mixed Fruit Jam 500g,FMCG,12,116.22,0.39,2026-09-14
2026-09-20,Andheri,SKU2007,Glucose Biscuits 800g,FMCG,7,77.4,0.36,2026-09-19
2026-09-20,Andheri,SKU2008,Cream Biscuits 300g,FMCG,4,49.8,0.0,
2026-09-20,Andheri,SKU2009,Potato Chips 150g,FMCG,16,38.0,0.71,2026-09-19
2026-09-20,Andheri,SKU2010,Namkeen Mix 400g,FMCG,10,74.25,0.32,2026-09-10
2026-09-20,Andheri,SKU2011,Dark Chocolate 100g,FMCG,15,84.0,0.75,2026-09-20
2026-09-20,Andheri,SKU2012,Instant Coffee 100g,FMCG,468,239.2,22.75,2026-09-20
2026-09-20,Andheri,SKU2013,Tea Leaves 500g,FMCG,18,217.3,0.29,2026-09-16
2026-09-20,Andheri,SKU2014,Pasta Penne 500g,FMCG,3,85.1,0.0,
2026-09-20,Andheri,SKU2015,Soya Chunks 200g,FMCG,48,33.88,2.61,2026-09-20
2026-09-20,Andheri,SKU2016,Honey 500g,FMCG,24,189.24,0.64,2026-09-19
2026-09-20,Andheri,SKU2017,Pickle Mango 400g,FMCG,9,91.59,0.11,2026-09-19
2026-09-20,Andheri,SKU2018,Baking Soda 100g,FMCG,24,17.5,1.04,2026-09-20
2026-09-20,Andheri,SKU2019,Custard Powder 100g,FMCG,28,34.56,1.64,2026-09-20
2026-09-20,Andheri,SKU2020,Muesli 500g,FMCG,6,256.62,0.79,2026-09-19
2026-09-20,Andheri,SKU3001,Sandwich Bread 400g,Bakery,11,35.1,0.86,2026-09-08
2026-09-20,Andheri,SKU3002,Brown Bread 400g,Bakery,5,41.8,0.0,2026-08-16
2026-09-20,Andheri,SKU3003,Multigrain Bread 400g,Bakery,4,48.1,0.04,2026-09-06
2026-09-20,Andheri,SKU3004,Pav 6-pack,Bakery,12,22.5,0.64,2026-09-20
2026-09-20,Andheri,SKU3005,Butter Croissant,Bakery,163,34.1,6.43,2026-09-20
2026-09-20,Andheri,SKU3006,Chocolate Muffin,Bakery,17,36.0,0.64,2026-09-16
2026-09-20,Andheri,SKU3007,Plum Cake 300g,Bakery,454,118.8,19.32,2026-09-20
2026-09-20,Andheri,SKU3008,Garlic Bread,Bakery,42,60.8,1.04,2026-09-20
2026-09-20,Andheri,SKU3009,Rusk 300g,Bakery,22,51.1,0.61,2026-09-06
2026-09-20,Andheri,SKU3010,Fruit Bun,Bakery,102,16.75,1.04,2026-09-19
2026-09-20,Andheri,SKU3011,Cheese Danish,Bakery,0,51.85,8.82,2026-09-20
2026-09-20,Andheri,SKU3012,Burger Buns 4-pack,Bakery,18,36.0,0.75,2026-09-15
2026-09-20,Andheri,SKU3013,Whole Wheat Cookies 250g,Bakery,7,71.5,0.39,2026-09-20
2026-09-20,Andheri,SKU3014,Banana Walnut Loaf,Bakery,91,138.6,2.64,2026-09-20
2026-09-20,Andheri,SKU3015,Cinnamon Roll,Bakery,15,44.25,0.68,2026-09-18
2026-09-20,Andheri,SKU3016,Pizza Base 2-pack,Bakery,38,42.0,2.18,2026-09-15
2026-09-20,Andheri,SKU4001,Mineral Water 1L,Beverages,23,15.0,0.61,2026-09-19
2026-09-20,Andheri,SKU4002,Orange Juice 1L,Beverages,0,98.75,0.57,2026-09-19
2026-09-20,Andheri,SKU4003,Mango Drink 1.2L,Beverages,19,70.2,0.68,2026-09-20
2026-09-20,Andheri,SKU4004,Cola 2L,Beverages,0,77.9,0.39,2026-09-19
2026-09-20,Andheri,SKU4005,Lemon Soda 750ml,Beverages,16,30.8,1.39,2026-09-20
2026-09-20,Andheri,SKU4006,Coconut Water 200ml,Beverages,4,36.0,0.21,2026-09-18
2026-09-20,Andheri,SKU4007,Energy Drink 250ml,Beverages,8,85.1,0.71,2026-09-18
2026-09-20,Andheri,SKU4008,Cold Coffee 200ml,Beverages,56,38.0,2.11,2026-09-20
2026-09-20,Andheri,SKU4009,Buttermilk 500ml,Beverages,10,24.3,0.5,2026-09-17
2026-09-20,Andheri,SKU4010,Flavoured Milk 200ml,Beverages,10,28.7,0.64,2026-09-12
2026-09-20,Andheri,SKU4011,Green Tea 25 bags,Beverages,49,113.6,2.43,2026-09-20
2026-09-20,Andheri,SKU4012,Apple Juice 1L,Beverages,9,106.65,0.32,2026-09-13
2026-09-20,Andheri,SKU4013,Soda Water 750ml,Beverages,12,18.25,0.57,2026-09-18
2026-09-20,Andheri,SKU4014,Iced Tea 500ml,Beverages,11,45.0,0.36,2026-09-19
2026-09-20,Andheri,SKU5001,Herbal Shampoo 340ml,Personal Care,52,178.85,1.75,2026-09-20
2026-09-20,Andheri,SKU5002,Anti-dandruff Shampoo 180ml,Personal Care,31,143.28,0.89,2026-09-19
2026-09-20,Andheri,SKU5003,Bath Soap 4-pack,Personal Care,17,140.4,0.5,2026-09-17
2026-09-20,Andheri,SKU5004,Toothpaste 150g,Personal Care,16,75.24,0.64,2026-09-19
2026-09-20,Andheri,SKU5005,Toothbrush Soft,Personal Care,25,26.0,0.89,2026-09-19
2026-09-20,Andheri,SKU5006,Face Wash 100ml,Personal Care,26,117.25,0.86,2026-09-20
2026-09-20,Andheri,SKU5007,Body Lotion 400ml,Personal Care,30,206.31,0.89,2026-09-17
2026-09-20,Andheri,SKU5008,Coconut Hair Oil 500ml,Personal Care,9,145.53,0.32,2026-09-20
2026-09-20,Andheri,SKU5009,Hand Wash Refill 750ml,Personal Care,22,81.65,0.43,2026-09-20
2026-09-20,Andheri,SKU5010,Deodorant 150ml,Personal Care,20,148.5,0.61,2026-09-15
2026-09-20,Andheri,SKU5011,Talcum Powder 300g,Personal Care,8,118.4,0.61,2026-09-20
2026-09-20,Andheri,SKU5012,Shaving Foam 200g,Personal Care,13,133.0,0.71,2026-09-15
2026-09-20,Andheri,SKU5013,Sanitary Pads 20s,Personal Care,38,142.2,2.46,2026-09-18
2026-09-20,Andheri,SKU5014,Lip Balm 4.5g,Personal Care,10,57.0,0.43,2026-09-12
2026-09-20,Andheri,SKU5015,Sunscreen SPF50 50ml,Personal Care,58,223.36,2.21,2026-09-20
2026-09-20,Andheri,SKU5016,Cotton Buds 100s,Personal Care,22,34.1,0.36,2026-09-20
2026-09-20,Andheri,SKU6001,Detergent Powder 4kg,Household,3,414.17,0.32,2026-09-20
2026-09-20,Andheri,SKU6002,Liquid Detergent 2L,Household,14,306.99,0.54,2026-09-18
2026-09-20,Andheri,SKU6003,Dishwash Bar 3-pack,Household,97,47.4,1.68,2026-09-19
2026-09-20,Andheri,SKU6004,Dishwash Gel 750ml,Household,7,110.2,0.82,2026-09-20
2026-09-20,Andheri,SKU6005,Floor Cleaner 1L,Household,32,134.25,0.68,2026-09-20
2026-09-20,Andheri,SKU6006,Toilet Cleaner 1L,Household,27,117.8,1.0,2026-09-20
2026-09-20,Andheri,SKU6007,Glass Cleaner 500ml,Household,41,79.2,2.57,2026-09-20
2026-09-20,Andheri,SKU6008,Garbage Bags 30s,Household,48,81.6,0.89,2026-09-20
2026-09-20,Andheri,SKU6009,Kitchen Towels 2-roll,Household,37,109.5,1.75,2026-09-20
2026-09-20,Andheri,SKU6010,Toilet Rolls 6-pack,Household,58,169.4,1.64,2026-09-20
2026-09-20,Andheri,SKU6011,Aluminium Foil 9m,Household,24,73.26,1.18,2026-09-20
2026-09-20,Andheri,SKU6012,Scrub Pads 3-pack,Household,1,33.0,0.0,
2026-09-20,Andheri,SKU6013,Mosquito Repellent Refill,Household,9,60.35,0.57,2026-09-18
2026-09-20,Andheri,SKU6014,Air Freshener 240ml,Household,18,133.33,0.89,2026-09-20
2026-09-20,Andheri,SKU6015,Phenyl 1L,Household,20,63.0,0.5,2026-09-12
2026-09-20,Andheri,SKU6016,LED Bulb 9W,Household,70,71.5,2.82,2026-09-20
2026-09-20,Mumbai Central,SKU1001,Basmati Rice 5kg,Grocery,21,558.14,0.68,2026-09-15
2026-09-20,Mumbai Central,SKU1002,Sona Masoori Rice 10kg,Grocery,42,703.12,1.89,2026-09-20
2026-09-20,Mumbai Central,SKU1003,Whole Wheat Atta 10kg,Grocery,14,435.21,0.46,2026-09-19
2026-09-20,Mumbai Central,SKU1004,Toor Dal 1kg,Grocery,13,147.03,1.54,2026-09-20
2026-09-20,Mumbai Central,SKU1005,Moong Dal 1kg,Grocery,8,129.63,0.96,2026-09-18
2026-09-20,Mumbai Central,SKU1006,Chana Dal 1kg,Grocery,35,93.74,0.93,2026-09-20
2026-09-20,Mumbai Central,SKU1007,Sugar 1kg,Grocery,18,45.12,0.75,2026-09-19
2026-09-20,Mumbai Central,SKU1008,Iodised Salt 1kg,Grocery,14,22.96,1.14,2026-09-20
2026-09-20,Mumbai Central,SKU1009,Sunflower Oil 1L,Grocery,8,144.69,0.68,2026-09-18
2026-09-20,Mumbai Central,SKU1010,Mustard Oil 1L,Grocery,10,170.1,0.64,2026-09-19
2026-09-20,Mumbai Central,SKU1011,Poha 500g,Grocery,266,36.0,9.54,2026-09-20
2026-09-20,Mumbai Central,SKU1012,Rava 1kg,Grocery,55,50.22,1.64,2026-09-15
2026-09-20,Mumbai Central,SKU1013,Turmeric Powder 200g,Grocery,14,41.76,1.54,2026-09-20
2026-09-20,Mumbai Central,SKU1014,Red Chilli Powder 200g,Grocery,11,52.56,0.68,2026-09-14
2026-09-20,Mumbai Central,SKU1015,Garam Masala 100g,Grocery,20,57.8,0.54,2026-09-20
2026-09-20,Mumbai Central,SKU1016,Groundnuts 500g,Grocery,16,78.85,0.39,2026-09-19
2026-09-20,Mumbai Central,SKU1017,Kabuli Chana 1kg,Grocery,13,118.15,0.54,2026-09-18
2026-09-20,Mumbai Central,SKU1018,Rajma 1kg,Grocery,8,140.25,0.43,2026-09-15
2026-09-20,Mumbai Central,SKU1019,Jaggery 1kg,Grocery,112,66.36,5.0,2026-09-20
2026-09-20,Mumbai Central,SKU1020,Vermicelli 400g,Grocery,13,32.76,0.64,2026-09-19
2026-09-20,Mumbai Central,SKU2001,Instant Noodles 4-pack,FMCG,21,47.04,0.68,2026-09-19
2026-09-20,Mumbai Central,SKU2002,Tomato Ketchup 1kg,FMCG,1,109.81,0.0,
2026-09-20,Mumbai Central,SKU2003,Corn Flakes 875g,FMCG,54,286.18,1.39,2026-09-20
2026-09-20,Mumbai Central,SKU2004,Oats 1kg,FMCG,10,161.19,0.61,2026-09-20
2026-09-20,Mumbai Central,SKU2005,Peanut Butter 340g,FMCG,55,137.83,2.64,2026-09-19
2026-09-20,Mumbai Central,SKU2006,Mixed Fruit Jam 500g,FMCG,34,116.22,0.61,2026-09-16
2026-09-20,Mumbai Central,SKU2007,Glucose Biscuits 800g,FMCG,12,77.4,0.32,2026-09-20
2026-09-20,Mumbai Central,SKU2008,Cream Biscuits 300g,FMCG,4,49.8,0.11,2026-09-13
2026-09-20,Mumbai Central,SKU2009,Potato Chips 150g,FMCG,30,38.0,0.93,2026-09-18
2026-09-20,Mumbai Central,SKU2010,Namkeen Mix 400g,FMCG,0,74.25,0.57,2026-09-20
2026-09-20,Mumbai Central,SKU2011,Dark Chocolate 100g,FMCG,17,84.0,0.96,2026-09-19
2026-09-20,Mumbai Central,SKU2012,Instant Coffee 100g,FMCG,1399,239.2,27.96,2026-09-20
2026-09-20,Mumbai Central,SKU2013,Tea Leaves 500g,FMCG,40,217.3,0.68,2026-09-20
2026-09-20,Mumbai Central,SKU2014,Pasta Penne 500g,FMCG,2,85.1,0.0,
2026-09-20,Mumbai Central,SKU2015,Soya Chunks 200g,FMCG,98,33.88,2.71,2026-09-20
2026-09-20,Mumbai Central,SKU2016,Honey 500g,FMCG,72,189.24,0.89,2026-09-19
2026-09-20,Mumbai Central,SKU2017,Pickle Mango 400g,FMCG,19,91.59,0.43,2026-09-17
2026-09-20,Mumbai Central,SKU2018,Baking Soda 100g,FMCG,13,17.5,1.0,2026-09-20
2026-09-20,Mumbai Central,SKU2019,Custard Powder 100g,FMCG,54,34.56,1.86,2026-09-20
2026-09-20,Mumbai Central,SKU2020,Muesli 500g,FMCG,17,256.62,0.75,2026-09-19
2026-09-20,Mumbai Central,SKU3001,Sandwich Bread 400g,Bakery,10,35.1,0.57,2026-09-18
2026-09-20,Mumbai Central,SKU3002,Brown Bread 400g,Bakery,0,41.8,0.0,
2026-09-20,Mumbai Central,SKU3003,Multigrain Bread 400g,Bakery,2,48.1,0.0,
2026-09-20,Mumbai Central,SKU3004,Pav 6-pack,Bakery,19,22.5,0.57,2026-09-13
2026-09-20,Mumbai Central,SKU3005,Butter Croissant,Bakery,225,34.1,7.89,2026-09-19
2026-09-20,Mumbai Central,SKU3006,Chocolate Muffin,Bakery,11,36.0,0.54,2026-09-20
2026-09-20,Mumbai Central,SKU3007,Plum Cake 300g,Bakery,559,118.8,19.39,2026-09-20
2026-09-20,Mumbai Central,SKU3008,Garlic Bread,Bakery,31,60.8,1.79,2026-09-20
2026-09-20,Mumbai Central,SKU3009,Rusk 300g,Bakery,13,51.1,0.61,2026-09-20
2026-09-20,Mumbai Central,SKU3010,Fruit Bun,Bakery,37,16.75,0.82,2026-09-20
2026-09-20,Mumbai Central,SKU3011,Cheese Danish,Bakery,89,51.85,11.96,2026-09-20
2026-09-20,Mumbai Central,SKU3012,Burger Buns 4-pack,Bakery,26,36.0,0.86,2026-09-20
2026-09-20,Mumbai Central,SKU3013,Whole Wheat Cookies 250g,Bakery,15,71.5,0.86,2026-09-13
2026-09-20,Mumbai Central,SKU3014,Banana Walnut Loaf,Bakery,42,138.6,2.57,2026-09-20
2026-09-20,Mumbai Central,SKU3015,Cinnamon Roll,Bakery,20,44.25,0.5,2026-09-19
2026-09-20,Mumbai Central,SKU3016,Pizza Base 2-pack,Bakery,29,42.0,0.93,2026-09-19
2026-09-20,Mumbai Central,SKU4001,Mineral Water 1L,Beverages,11,15.0,0.46,2026-09-20
2026-09-20,Mumbai Central,SKU4002,Orange Juice 1L,Beverages,17,98.75,1.14,2026-09-20
2026-09-20,Mumbai Central,SKU4003,Mango Drink 1.2L,Beverages,20,70.2,0.71,2026-09-20
2026-09-20,Mumbai Central,SKU4004,Cola 2L,Beverages,29,77.9,0.46,2026-09-15
2026-09-20,Mumbai Central,SKU4005,Lemon Soda 750ml,Beverages,25,30.8,1.36,2026-09-20
2026-09-20,Mumbai Central,SKU4006,Coconut Water 200ml,Beverages,16,36.0,0.43,2026-09-13
2026-09-20,Mumbai Central,SKU4007,Energy Drink 250ml,Beverages,17,85.1,0.89,2026-09-19
2026-09-20,Mumbai Central,SKU4008,Cold Coffee 200ml,Beverages,40,38.0,2.04,2026-09-20
2026-09-20,Mumbai Central,SKU4009,Buttermilk 500ml,Beverages,0,24.3,0.54,2026-09-20
2026-09-20,Mumbai Central,SKU4010,Flavoured Milk 200ml,Beverages,16,28.7,0.79,2026-09-20
2026-09-20,Mumbai Central,SKU4011,Green Tea 25 bags,Beverages,95,113.6,3.71,2026-09-20
2026-09-20,Mumbai Central,SKU4012,Apple Juice 1L,Beverages,9,106.65,0.46,2026-09-20
2026-09-20,Mumbai Central,SKU4013,Soda Water 750ml,Beverages,17,18.25,1.46,2026-09-19
2026-09-20,Mumbai Central,SKU4014,Iced Tea 500ml,Beverages,17,45.0,0.54,2026-09-20
2026-09-20,Mumbai Central,SKU5001,Herbal Shampoo 340ml,Personal Care,50,178.85,1.75,2026-09-19
2026-09-20,Mumbai Central,SKU5002,Anti-dandruff Shampoo 180ml,Personal Care,27,143.28,1.68,2026-09-20
2026-09-20,Mumbai Central,SKU5003,Bath Soap 4-pack,Personal Care,16,140.4,0.39,2026-09-15
2026-09-20,Mumbai Central,SKU5004,Toothpaste 150g,Personal Care,37,75.24,0.96,2026-09-16
2026-09-20,Mumbai Central,SKU5005,Toothbrush Soft,Personal Care,15,26.0,1.68,2026-09-19
2026-09-20,Mumbai Central,SKU5006,Face Wash 100ml,Personal Care,40,117.25,1.54,2026-09-20
2026-09-20,Mumbai Central,SKU5007,Body Lotion 400ml,Personal Care,15,206.31,0.71,2026-09-20
2026-09-20,Mumbai Central,SKU5008,Coconut Hair Oil 500ml,Personal Care,12,145.53,0.54,2026-09-18
2026-09-20,Mumbai Central,SKU5009,Hand Wash Refill 750ml,Personal Care,55,81.65,0.79,2026-09-19
2026-09-20,Mumbai Central,SKU5010,Deodorant 150ml,Personal Care,9,148.5,0.36,2026-09-16
2026-09-20,Mumbai Central,SKU5011,Talcum Powder 300g,Personal Care,43,118.4,1.11,2026-09-18
2026-09-20,Mumbai Central,SKU5012,Shaving Foam 200g,Personal Care,22,133.0,0.82,2026-09-20
2026-09-20,Mumbai Central,SKU5013,Sanitary Pads 20s,Personal Care,94,142.2,5.82,2026-09-20
2026-09-20,Mumbai Central,SKU5014,Lip Balm 4.5g,Personal Care,3,57.0,0.18,2026-09-15
2026-09-20,Mumbai Central,SKU5015,Sunscreen SPF50 50ml,Personal Care,0,223.36,2.86,2026-09-19
2026-09-20,Mumbai Central,SKU5016,Cotton Buds 100s,Personal Care,10,34.1,0.43,2026-09-15
2026-09-20,Mumbai Central,SKU6001,Detergent Powder 4kg,Household,55,414.17,0.96,2026-09-20
2026-09-20,Mumbai Central,SKU6002,Liquid Detergent 2L,Household,44,306.99,2.0,2026-09-19
2026-09-20,Mumbai Central,SKU6003,Dishwash Bar 3-pack,Household,20,47.4,1.54,2026-09-20
2026-09-20,Mumbai Central,SKU6004,Dishwash Gel 750ml,Household,47,110.2,1.25,2026-09-19
2026-09-20,Mumbai Central,SKU6005,Floor Cleaner 1L,Household,10,134.25,0.43,2026-09-16
2026-09-20,Mumbai Central,SKU6006,Toilet Cleaner 1L,Household,16,117.8,0.57,2026-09-15
2026-09-20,Mumbai Central,SKU6007,Glass Cleaner 500ml,Household,66,79.2,2.54,2026-09-20
2026-09-20,Mumbai Central,SKU6008,Garbage Bags 30s,Household,6,81.6,0.46,2026-09-19
2026-09-20,Mumbai Central,SKU6009,Kitchen Towels 2-roll,Household,120,109.5,2.04,2026-09-20
2026-09-20,Mumbai Central,SKU6010,Toilet Rolls 6-pack,Household,92,169.4,2.5,2026-09-20
2026-09-20,Mumbai Central,SKU6011,Aluminium Foil 9m,Household,22,73.26,0.86,2026-09-14
2026-09-20,Mumbai Central,SKU6012,Scrub Pads 3-pack,Household,5,33.0,0.0,
2026-09-20,Mumbai Central,SKU6013,Mosquito Repellent Refill,Household,10,60.35,0.5,2026-09-20
2026-09-20,Mumbai Central,SKU6014,Air Freshener 240ml,Household,35,133.33,0.93,2026-09-19
2026-09-20,Mumbai Central,SKU6015,Phenyl 1L,Household,12,63.0,0.39,2026-09-18
2026-09-20,Mumbai Central,SKU6016,LED Bulb 9W,Household,38,71.5,3.43,2026-09-20
2026-09-20,Navi Mumbai,SKU1001,Basmati Rice 5kg,Grocery,11,558.14,0.39,2026-09-11
2026-09-20,Navi Mumbai,SKU1002,Sona Masoori Rice 10kg,Grocery,18,703.12,0.82,2026-09-20
2026-09-20,Navi Mumbai,SKU1003,Whole Wheat Atta 10kg,Grocery,10,435.21,0.18,2026-09-18
2026-09-20,Navi Mumbai,SKU1004,Toor Dal 1kg,Grocery,22,147.03,1.0,2026-09-20
2026-09-20,Navi Mumbai,SKU1005,Moong Dal 1kg,Grocery,22,129.63,0.5,2026-09-20
2026-09-20,Navi Mumbai,SKU1006,Chana Dal 1kg,Grocery,26,93.74,0.46,2026-09-17
2026-09-20,Navi Mumbai,SKU1007,Sugar 1kg,Grocery,11,45.12,0.64,2026-09-19
2026-09-20,Navi Mumbai,SKU1008,Iodised Salt 1kg,Grocery,13,22.96,0.64,2026-09-16
2026-09-20,Navi Mumbai,SKU1009,Sunflower Oil 1L,Grocery,5,144.69,0.18,2026-09-15
2026-09-20,Navi Mumbai,SKU1010,Mustard Oil 1L,Grocery,11,170.1,0.5,2026-09-19
2026-09-20,Navi Mumbai,SKU1011,Poha 500g,Grocery,96,36.0,5.29,2026-09-20
2026-09-20,Navi Mumbai,SKU1012,Rava 1kg,Grocery,20,50.22,1.0,2026-09-19
2026-09-20,Navi Mumbai,SKU1013,Turmeric Powder 200g,Grocery,53,41.76,1.0,2026-09-18
2026-09-20,Navi Mumbai,SKU1014,Red Chilli Powder 200g,Grocery,5,52.56,0.14,2026-09-19
2026-09-20,Navi Mumbai,SKU1015,Garam Masala 100g,Grocery,13,57.8,0.29,2026-09-19
2026-09-20,Navi Mumbai,SKU1016,Groundnuts 500g,Grocery,19,78.85,0.25,2026-09-20
2026-09-20,Navi Mumbai,SKU1017,Kabuli Chana 1kg,Grocery,4,118.15,0.57,2026-09-19
2026-09-20,Navi Mumbai,SKU1018,Rajma 1kg,Grocery,11,140.25,0.32,2026-09-14
2026-09-20,Navi Mumbai,SKU1019,Jaggery 1kg,Grocery,40,66.36,2.89,2026-09-20
2026-09-20,Navi Mumbai,SKU1020,Vermicelli 400g,Grocery,5,32.76,0.21,2026-09-20
2026-09-20,Navi Mumbai,SKU2001,Instant Noodles 4-pack,FMCG,6,47.04,0.11,2026-09-18
2026-09-20,Navi Mumbai,SKU2002,Tomato Ketchup 1kg,FMCG,4,109.81,0.0,
2026-09-20,Navi Mumbai,SKU2003,Corn Flakes 875g,FMCG,14,286.18,0.96,2026-09-20
2026-09-20,Navi Mumbai,SKU2004,Oats 1kg,FMCG,15,161.19,0.57,2026-09-18
2026-09-20,Navi Mumbai,SKU2005,Peanut Butter 340g,FMCG,95,137.83,2.82,2026-09-20
2026-09-20,Navi Mumbai,SKU2006,Mixed Fruit Jam 500g,FMCG,4,116.22,0.32,2026-09-20
2026-09-20,Navi Mumbai,SKU2007,Glucose Biscuits 800g,FMCG,8,77.4,0.29,2026-09-13
2026-09-20,Navi Mumbai,SKU2008,Cream Biscuits 300g,FMCG,0,49.8,0.0,
2026-09-20,Navi Mumbai,SKU2009,Potato Chips 150g,FMCG,19,38.0,0.64,2026-09-20
2026-09-20,Navi Mumbai,SKU2010,Namkeen Mix 400g,FMCG,11,74.25,0.36,2026-09-19
2026-09-20,Navi Mumbai,SKU2011,Dark Chocolate 100g,FMCG,21,84.0,0.64,2026-09-19
2026-09-20,Navi Mumbai,SKU2012,Instant Coffee 100g,FMCG,1208,239.2,17.18,2026-09-20
2026-09-20,Navi Mumbai,SKU2013,Tea Leaves 500g,FMCG,3,217.3,0.21,2026-09-01
2026-09-20,Navi Mumbai,SKU2014,Pasta Penne 500g,FMCG,4,85.1,0.0,
2026-09-20,Navi Mumbai,SKU2015,Soya Chunks 200g,FMCG,78,33.88,2.21,2026-09-20
2026-09-20,Navi Mumbai,SKU2016,Honey 500g,FMCG,25,189.24,0.86,2026-09-20
2026-09-20,Navi Mumbai,SKU2017,Pickle Mango 400g,FMCG,0,91.59,0.5,2026-09-20
2026-09-20,Navi Mumbai,SKU2018,Baking Soda 100g,FMCG,9,17.5,0.61,2026-09-20
2026-09-20,Navi Mumbai,SKU2019,Custard Powder 100g,FMCG,23,34.56,1.11,2026-09-20
2026-09-20,Navi Mumbai,SKU2020,Muesli 500g,FMCG,4,256.62,0.46,2026-09-20
2026-09-20,Navi Mumbai,SKU3001,Sandwich Bread 400g,Bakery,7,35.1,0.18,2026-09-12
2026-09-20,Navi Mumbai,SKU3002,Brown Bread 400g,Bakery,5,41.8,0.0,
2026-09-20,Navi Mumbai,SKU3003,Multigrain Bread 400g,Bakery,1,48.1,0.0,
2026-09-20,Navi Mumbai,SKU3004,Pav 6-pack,Bakery,3,22.5,0.04,2026-09-06
2026-09-20,Navi Mumbai,SKU3005,Butter Croissant,Bakery,103,34.1,3.68,2026-09-20
2026-09-20,Navi Mumbai,SKU3006,Chocolate Muffin,Bakery,0,36.0,0.5,2026-09-19
2026-09-20,Navi Mumbai,SKU3007,Plum Cake 300g,Bakery,367,118.8,13.96,2026-09-20
2026-09-20,Navi Mumbai,SKU3008,Garlic Bread,Bakery,6,60.8,0.18,2026-09-20
2026-09-20,Navi Mumbai,SKU3009,Rusk 300g,Bakery,5,51.1,0.07,2026-09-07
2026-09-20,Navi Mumbai,SKU3010,Fruit Bun,Bakery,17,16.75,0.64,2026-09-16
2026-09-20,Navi Mumbai,SKU3011,Cheese Danish,Bakery,40,51.85,5.5,2026-09-20
2026-09-20,Navi Mumbai,SKU3012,Burger Buns 4-pack,Bakery,6,36.0,0.14,2026-09-20
2026-09-20,Navi Mumbai,SKU3013,Whole Wheat Cookies 250g,Bakery,10,71.5,0.36,2026-09-13
2026-09-20,Navi Mumbai,SKU3014,Banana Walnut Loaf,Bakery,60,138.6,1.11,2026-09-20
2026-09-20,Navi Mumbai,SKU3015,Cinnamon Roll,Bakery,26,44.25,0.46,2026-09-13
2026-09-20,Navi Mumbai,SKU3016,Pizza Base 2-pack,Bakery,15,42.0,0.82,2026-09-19
2026-09-20,Navi Mumbai,SKU4001,Mineral Water 1L,Beverages,7,15.0,0.36,2026-09-17
2026-09-20,Navi Mumbai,SKU4002,Orange Juice 1L,Beverages,24,98.75,0.79,2026-09-19
2026-09-20,Navi Mumbai,SKU4003,Mango Drink 1.2L,Beverages,18,70.2,0.43,2026-09-19
2026-09-20,Navi Mumbai,SKU4004,Cola 2L,Beverages,6,77.9,0.25,2026-09-17
2026-09-20,Navi Mumbai,SKU4005,Lemon Soda 750ml,Beverages,31,30.8,1.0,2026-09-20
2026-09-20,Navi Mumbai,SKU4006,Coconut Water 200ml,Beverages,5,36.0,0.11,2026-09-15
2026-09-20,Navi Mumbai,SKU4007,Energy Drink 250ml,Beverages,13,85.1,0.29,2026-09-20
2026-09-20,Navi Mumbai,SKU4008,Cold Coffee 200ml,Beverages,21,38.0,1.46,2026-09-20
2026-09-20,Navi Mumbai,SKU4009,Buttermilk 500ml,Beverages,10,24.3,0.86,2026-09-20
2026-09-20,Navi Mumbai,SKU4010,Flavoured Milk 200ml,Beverages,7,28.7,0.32,2026-09-15
2026-09-20,Navi Mumbai,SKU4011,Green Tea 25 bags,Beverages,38,113.6,1.86,2026-09-20
2026-09-20,Navi Mumbai,SKU4012,Apple Juice 1L,Beverages,6,106.65,0.32,2026-09-19
2026-09-20,Navi Mumbai,SKU4013,Soda Water 750ml,Beverages,15,18.25,0.54,2026-09-20
2026-09-20,Navi Mumbai,SKU4014,Iced Tea 500ml,Beverages,0,45.0,0.61,2026-09-19
2026-09-20,Navi Mumbai,SKU5001,Herbal Shampoo 340ml,Personal Care,37,178.85,0.93,2026-09-20
2026-09-20,Navi Mumbai,SKU5002,Anti-dandruff Shampoo 180ml,Personal Care,14,143.28,0.43,2026-09-19
2026-09-20,Navi Mumbai,SKU5003,Bath Soap 4-pack,Personal Care,4,140.4,0.14,2026-09-20
2026-09-20,Navi Mumbai,SKU5004,Toothpaste 150g,Personal Care,5,75.24,0.18,2026-09-18
2026-09-20,Navi Mumbai,SKU5005,Toothbrush Soft,Personal Care,29,26.0,0.5,2026-09-08
2026-09-20,Navi Mumbai,SKU5006,Face Wash 100ml,Personal Care,8,117.25,0.82,2026-09-18
2026-09-20,Navi Mumbai,SKU5007,Body Lotion 400ml,Personal Care,8,206.31,0.29,2026-09-09
2026-09-20,Navi Mumbai,SKU5008,Coconut Hair Oil 500ml,Personal Care,14,145.53,0.39,2026-09-14
2026-09-20,Navi Mumbai,SKU5009,Hand Wash Refill 750ml,Personal Care,6,81.65,0.07,2026-09-05
2026-09-20,Navi Mumbai,SKU5010,Deodorant 150ml,Personal Care,9,148.5,0.14,2026-09-18
2026-09-20,Navi Mumbai,SKU5011,Talcum Powder 300g,Personal Care,15,118.4,0.39,2026-09-20
2026-09-20,Navi Mumbai,SKU5012,Shaving Foam 200g,Personal Care,24,133.0,0.43,2026-09-17
2026-09-20,Navi Mumbai,SKU5013,Sanitary Pads 20s,Personal Care,68,142.2,2.36,2026-09-20
2026-09-20,Navi Mumbai,SKU5014,Lip Balm 4.5g,Personal Care,7,57.0,0.25,2026-09-16
2026-09-20,Navi Mumbai,SKU5015,Sunscreen SPF50 50ml,Personal Care,39,223.36,1.54,2026-09-20
2026-09-20,Navi Mumbai,SKU5016,Cotton Buds 100s,Personal Care,4,34.1,0.14,2026-09-13
2026-09-20,Navi Mumbai,SKU6001,Detergent Powder 4kg,Household,9,414.17,0.18,2026-09-19
2026-09-20,Navi Mumbai,SKU6002,Liquid Detergent 2L,Household,13,306.99,0.96,2026-09-17
2026-09-20,Navi Mumbai,SKU6003,Dishwash Bar 3-pack,Household,20,47.4,0.61,2026-09-17
2026-09-20,Navi Mumbai,SKU6004,Dishwash Gel 750ml,Household,18,110.2,0.96,2026-09-18
2026-09-20,Navi Mumbai,SKU6005,Floor Cleaner 1L,Household,11,134.25,0.39,2026-09-15
2026-09-20,Navi Mumbai,SKU6006,Toilet Cleaner 1L,Household,13,117.8,0.71,2026-09-20
2026-09-20,Navi Mumbai,SKU6007,Glass Cleaner 500ml,Household,17,79.2,1.18,2026-09-20
2026-09-20,Navi Mumbai,SKU6008,Garbage Bags 30s,Household,17,81.6,0.57,2026-09-19
2026-09-20,Navi Mumbai,SKU6009,Kitchen Towels 2-roll,Household,26,109.5,1.36,2026-09-20
2026-09-20,Navi Mumbai,SKU6010,Toilet Rolls 6-pack,Household,43,169.4,1.39,2026-09-20
2026-09-20,Navi Mumbai,SKU6011,Aluminium Foil 9m,Household,12,73.26,0.32,2026-09-20
2026-09-20,Navi Mumbai,SKU6012,Scrub Pads 3-pack,Household,5,33.0,0.0,2026-08-16
2026-09-20,Navi Mumbai,SKU6013,Mosquito Repellent Refill,Household,2,60.35,0.21,2026-09-09
2026-09-20,Navi Mumbai,SKU6014,Air Freshener 240ml,Household,9,133.33,0.36,2026-09-19
2026-09-20,Navi Mumbai,SKU6015,Phenyl 1L,Household,10,63.0,0.39,2026-09-20
2026-09-20,Navi Mumbai,SKU6016,LED Bulb 9W,Household,106,71.5,3.11,2026-09-20
2026-09-20,Powai,SKU1001,Basmati Rice 5kg,Grocery,17,558.14,0.61,2026-09-20
2026-09-20,Powai,SKU1002,Sona Masoori Rice 10kg,Grocery,25,703.12,1.25,2026-09-16
2026-09-20,Powai,SKU1003,Whole Wheat Atta 10kg,Grocery,12,435.21,0.36,2026-09-19
2026-09-20,Powai,SKU1004,Toor Dal 1kg,Grocery,46,147.03,1.61,2026-09-20
2026-09-20,Powai,SKU1005,Moong Dal 1kg,Grocery,16,129.63,0.89,2026-09-19
2026-09-20,Powai,SKU1006,Chana Dal 1kg,Grocery,23,93.74,0.71,2026-09-20
2026-09-20,Powai,SKU1007,Sugar 1kg,Grocery,21,45.12,0.68,2026-09-20
2026-09-20,Powai,SKU1008,Iodised Salt 1kg,Grocery,15,22.96,0.54,2026-09-13
2026-09-20,Powai,SKU1009,Sunflower Oil 1L,Grocery,11,144.69,0.29,2026-09-12
2026-09-20,Powai,SKU1010,Mustard Oil 1L,Grocery,7,170.1,0.18,2026-09-18
2026-09-20,Powai,SKU1011,Poha 500g,Grocery,80,36.0,5.96,2026-09-20
2026-09-20,Powai,SKU1012,Rava 1kg,Grocery,44,50.22,1.11,2026-09-17
2026-09-20,Powai,SKU1013,Turmeric Powder 200g,Grocery,49,41.76,1.04,2026-09-19
2026-09-20,Powai,SKU1014,Red Chilli Powder 200g,Grocery,12,52.56,0.54,2026-09-18
2026-09-20,Powai,SKU1015,Garam Masala 100g,Grocery,21,57.8,0.36,2026-09-17
2026-09-20,Powai,SKU1016,Groundnuts 500g,Grocery,16,78.85,0.46,2026-09-20
2026-09-20,Powai,SKU1017,Kabuli Chana 1kg,Grocery,10,118.15,0.29,2026-09-19
2026-09-20,Powai,SKU1018,Rajma 1kg,Grocery,11,140.25,0.25,2026-09-16
2026-09-20,Powai,SKU1019,Jaggery 1kg,Grocery,266,66.36,5.25,2026-09-20
2026-09-20,Powai,SKU1020,Vermicelli 400g,Grocery,10,32.76,0.21,2026-09-17
2026-09-20,Powai,SKU2001,Instant Noodles 4-pack,FMCG,0,47.04,0.71,2026-09-19
2026-09-20,Powai,SKU2002,Tomato Ketchup 1kg,FMCG,3,109.81,0.0,
2026-09-20,Powai,SKU2003,Corn Flakes 875g,FMCG,14,286.18,0.86,2026-09-18
2026-09-20,Powai,SKU2004,Oats 1kg,FMCG,50,161.19,0.57,2026-09-17
2026-09-20,Powai,SKU2005,Peanut Butter 340g,FMCG,212,137.83,2.25,2026-09-20
2026-09-20,Powai,SKU2006,Mixed Fruit Jam 500g,FMCG,14,116.22,0.64,2026-09-20
2026-09-20,Powai,SKU2007,Glucose Biscuits 800g,FMCG,15,77.4,0.36,2026-09-17
2026-09-20,Powai,SKU2008,Cream Biscuits 300g,FMCG,3,49.8,0.0,
2026-09-20,Powai,SKU2009,Potato Chips 150g,FMCG,20,38.0,0.61,2026-09-12
2026-09-20,Powai,SKU2010,Namkeen Mix 400g,FMCG,21,74.25,0.43,2026-09-20
2026-09-20,Powai,SKU2011,Dark Chocolate 100g,FMCG,27,84.0,0.89,2026-09-11
2026-09-20,Powai,SKU2012,Instant Coffee 100g,FMCG,163,239.2,17.0,2026-09-20
2026-09-20,Powai,SKU2013,Tea Leaves 500g,FMCG,7,217.3,0.29,2026-09-20
2026-09-20,Powai,SKU2014,Pasta Penne 500g,FMCG,5,85.1,0.0,
2026-09-20,Powai,SKU2015,Soya Chunks 200g,FMCG,53,33.88,2.29,2026-09-20
2026-09-20,Powai,SKU2016,Honey 500g,FMCG,35,189.24,0.96,2026-09-20
2026-09-20,Powai,SKU2017,Pickle Mango 400g,FMCG,18,91.59,0.57,2026-09-19
2026-09-20,Powai,SKU2018,Baking Soda 100g,FMCG,7,17.5,0.39,2026-09-17
2026-09-20,Powai,SKU2019,Custard Powder 100g,FMCG,30,34.56,1.07,2026-09-17
2026-09-20,Powai,SKU2020,Muesli 500g,FMCG,22,256.62,0.68,2026-09-20
2026-09-20,Powai,SKU3001,Sandwich Bread 400g,Bakery,21,35.1,0.71,2026-09-18
2026-09-20,Powai,SKU3002,Brown Bread 400g,Bakery,0,41.8,0.0,
2026-09-20,Powai,SKU3003,Multigrain Bread 400g,Bakery,2,48.1,0.0,
2026-09-20,Powai,SKU3004,Pav 6-pack,Bakery,29,22.5,0.64,2026-09-19
2026-09-20,Powai,SKU3005,Butter Croissant,Bakery,155,34.1,4.04,2026-09-20
2026-09-20,Powai,SKU3006,Chocolate Muffin,Bakery,15,36.0,0.68,2026-09-14
2026-09-20,Powai,SKU3007,Plum Cake 300g,Bakery,120,118.8,11.54,2026-09-20
2026-09-20,Powai,SKU3008,Garlic Bread,Bakery,19,60.8,0.43,2026-09-16
2026-09-20,Powai,SKU3009,Rusk 300g,Bakery,13,51.1,0.54,2026-09-19
2026-09-20,Powai,SKU3010,Fruit Bun,Bakery,10,16.75,0.71,2026-09-19
2026-09-20,Powai,SKU3011,Cheese Danish,Bakery,290,51.85,7.86,2026-09-20
2026-09-20,Powai,SKU3012,Burger Buns 4-pack,Bakery,11,36.0,0.32,2026-09-18
2026-09-20,Powai,SKU3013,Whole Wheat Cookies 250g,Bakery,12,71.5,0.18,2026-09-14
2026-09-20,Powai,SKU3014,Banana Walnut Loaf,Bakery,63,138.6,2.04,2026-09-20
2026-09-20,Powai,SKU3015,Cinnamon Roll,Bakery,13,44.25,1.0,2026-09-19
2026-09-20,Powai,SKU3016,Pizza Base 2-pack,Bakery,16,42.0,0.86,2026-09-19
2026-09-20,Powai,SKU4001,Mineral Water 1L,Beverages,8,15.0,0.14,2026-09-19
2026-09-20,Powai,SKU4002,Orange Juice 1L,Beverages,45,98.75,0.79,2026-09-19
2026-09-20,Powai,SKU4003,Mango Drink 1.2L,Beverages,10,70.2,0.32,2026-09-14
2026-09-20,Powai,SKU4004,Cola 2L,Beverages,22,77.9,0.36,2026-09-11
2026-09-20,Powai,SKU4005,Lemon Soda 750ml,Beverages,0,30.8,1.0,2026-09-20
2026-09-20,Powai,SKU4006,Coconut Water 200ml,Beverages,8,36.0,0.25,2026-09-16
2026-09-20,Powai,SKU4007,Energy Drink 250ml,Beverages,4,85.1,0.64,2026-09-13
2026-09-20,Powai,SKU4008,Cold Coffee 200ml,Beverages,38,38.0,1.75,2026-09-20
2026-09-20,Powai,SKU4009,Buttermilk 500ml,Beverages,10,24.3,0.36,2026-09-20
2026-09-20,Powai,SKU4010,Flavoured Milk 200ml,Beverages,20,28.7,0.43,2026-09-15
2026-09-20,Powai,SKU4011,Green Tea 25 bags,Beverages,242,113.6,2.36,2026-09-18
2026-09-20,Powai,SKU4012,Apple Juice 1L,Beverages,26,106.65,0.61,2026-09-20
2026-09-20,Powai,SKU4013,Soda Water 750ml,Beverages,36,18.25,0.86,2026-09-20
2026-09-20,Powai,SKU4014,Iced Tea 500ml,Beverages,8,45.0,0.21,2026-09-15
2026-09-20,Powai,SKU5001,Herbal Shampoo 340ml,Personal Care,36,178.85,1.54,2026-09-20
2026-09-20,Powai,SKU5002,Anti-dandruff Shampoo 180ml,Personal Care,23,143.28,0.71,2026-09-20
2026-09-20,Powai,SKU5003,Bath Soap 4-pack,Personal Care,7,140.4,0.36,2026-09-18
2026-09-20,Powai,SKU5004,Toothpaste 150g,Personal Care,10,75.24,0.43,2026-09-14
2026-09-20,Powai,SKU5005,Toothbrush Soft,Personal Care,21,26.0,1.18,2026-09-19
2026-09-20,Powai,SKU5006,Face Wash 100ml,Personal Care,11,117.25,0.61,2026-09-18
2026-09-20,Powai,SKU5007,Body Lotion 400ml,Personal Care,10,206.31,0.25,2026-09-20
2026-09-20,Powai,SKU5008,Coconut Hair Oil 500ml,Personal Care,19,145.53,0.43,2026-09-08
2026-09-20,Powai,SKU5009,Hand Wash Refill 750ml,Personal Care,7,81.65,0.39,2026-09-15
2026-09-20,Powai,SKU5010,Deodorant 150ml,Personal Care,7,148.5,0.11,2026-09-12
2026-09-20,Powai,SKU5011,Talcum Powder 300g,Personal Care,15,118.4,0.36,2026-09-20
2026-09-20,Powai,SKU5012,Shaving Foam 200g,Personal Care,9,133.0,0.32,2026-09-08
2026-09-20,Powai,SKU5013,Sanitary Pads 20s,Personal Care,41,142.2,2.29,2026-09-20
2026-09-20,Powai,SKU5014,Lip Balm 4.5g,Personal Care,13,57.0,0.32,2026-09-19
2026-09-20,Powai,SKU5015,Sunscreen SPF50 50ml,Personal Care,99,223.36,2.43,2026-09-20
2026-09-20,Powai,SKU5016,Cotton Buds 100s,Personal Care,17,34.1,0.36,2026-09-14
2026-09-20,Powai,SKU6001,Detergent Powder 4kg,Household,15,414.17,0.64,2026-09-20
2026-09-20,Powai,SKU6002,Liquid Detergent 2L,Household,17,306.99,0.57,2026-09-20
2026-09-20,Powai,SKU6003,Dishwash Bar 3-pack,Household,22,47.4,1.04,2026-09-18
2026-09-20,Powai,SKU6004,Dishwash Gel 750ml,Household,18,110.2,0.71,2026-09-19
2026-09-20,Powai,SKU6005,Floor Cleaner 1L,Household,15,134.25,0.21,2026-09-20
2026-09-20,Powai,SKU6006,Toilet Cleaner 1L,Household,19,117.8,0.57,2026-09-18
2026-09-20,Powai,SKU6007,Glass Cleaner 500ml,Household,39,79.2,2.43,2026-09-19
2026-09-20,Powai,SKU6008,Garbage Bags 30s,Household,4,81.6,0.29,2026-09-19
2026-09-20,Powai,SKU6009,Kitchen Towels 2-roll,Household,40,109.5,1.68,2026-09-20
2026-09-20,Powai,SKU6010,Toilet Rolls 6-pack,Household,74,169.4,2.71,2026-09-20
2026-09-20,Powai,SKU6011,Aluminium Foil 9m,Household,10,73.26,0.29,2026-09-14
2026-09-20,Powai,SKU6012,Scrub Pads 3-pack,Household,5,33.0,0.0,
2026-09-20,Powai,SKU6013,Mosquito Repellent Refill,Household,9,60.35,0.29,2026-09-20
2026-09-20,Powai,SKU6014,Air Freshener 240ml,Household,19,133.33,0.96,2026-09-18
2026-09-20,Powai,SKU6015,Phenyl 1L,Household,6,63.0,0.29,2026-09-11
2026-09-20,Powai,SKU6016,LED Bulb 9W,Household,77,71.5,2.32,2026-09-20
2026-09-20,Thane,SKU1001,Basmati Rice 5kg,Grocery,13,558.14,0.57,2026-09-17
2026-09-20,Thane,SKU1002,Sona Masoori Rice 10kg,Grocery,22,703.12,1.46,2026-09-19
2026-09-20,Thane,SKU1003,Whole Wheat Atta 10kg,Grocery,14,435.21,0.32,2026-09-17
2026-09-20,Thane,SKU1004,Toor Dal 1kg,Grocery,54,147.03,0.96,2026-09-16
2026-09-20,Thane,SKU1005,Moong Dal 1kg,Grocery,4,129.63,0.68,2026-09-14
2026-09-20,Thane,SKU1006,Chana Dal 1kg,Grocery,38,93.74,0.89,2026-09-17
2026-09-20,Thane,SKU1007,Sugar 1kg,Grocery,16,45.12,0.46,2026-09-19
2026-09-20,Thane,SKU1008,Iodised Salt 1kg,Grocery,20,22.96,0.93,2026-09-17
2026-09-20,Thane,SKU1009,Sunflower Oil 1L,Grocery,11,144.69,0.79,2026-09-20
2026-09-20,Thane,SKU1010,Mustard Oil 1L,Grocery,6,170.1,0.29,2026-09-17
2026-09-20,Thane,SKU1011,Poha 500g,Grocery,156,36.0,7.57,2026-09-20
2026-09-20,Thane,SKU1012,Rava 1kg,Grocery,27,50.22,0.71,2026-09-17
2026-09-20,Thane,SKU1013,Turmeric Powder 200g,Grocery,14,41.76,1.0,2026-09-20
2026-09-20,Thane,SKU1014,Red Chilli Powder 200g,Grocery,10,52.56,0.39,2026-09-09
2026-09-20,Thane,SKU1015,Garam Masala 100g,Grocery,14,57.8,0.54,2026-09-14
2026-09-20,Thane,SKU1016,Groundnuts 500g,Grocery,5,78.85,0.11,2026-09-07
2026-09-20,Thane,SKU1017,Kabuli Chana 1kg,Grocery,9,118.15,0.39,2026-09-20
2026-09-20,Thane,SKU1018,Rajma 1kg,Grocery,18,140.25,0.54,2026-09-18
2026-09-20,Thane,SKU1019,Jaggery 1kg,Grocery,90,66.36,3.54,2026-09-20
2026-09-20,Thane,SKU1020,Vermicelli 400g,Grocery,16,32.76,0.32,2026-09-20
2026-09-20,Thane,SKU2001,Instant Noodles 4-pack,FMCG,7,47.04,0.11,2026-09-15
2026-09-20,Thane,SKU2002,Tomato Ketchup 1kg,FMCG,1,109.81,0.0,
2026-09-20,Thane,SKU2003,Corn Flakes 875g,FMCG,12,286.18,0.86,2026-09-19
2026-09-20,Thane,SKU2004,Oats 1kg,FMCG,7,161.19,0.5,2026-09-20
2026-09-20,Thane,SKU2005,Peanut Butter 340g,FMCG,30,137.83,2.64,2026-09-20
2026-09-20,Thane,SKU2006,Mixed Fruit Jam 500g,FMCG,13,116.22,0.68,2026-09-15
2026-09-20,Thane,SKU2007,Glucose Biscuits 800g,FMCG,1,77.4,0.25,2026-09-16
2026-09-20,Thane,SKU2008,Cream Biscuits 300g,FMCG,4,49.8,0.0,
2026-09-20,Thane,SKU2009,Potato Chips 150g,FMCG,6,38.0,0.29,2026-09-20
2026-09-20,Thane,SKU2010,Namkeen Mix 400g,FMCG,17,74.25,0.43,2026-09-20
2026-09-20,Thane,SKU2011,Dark Chocolate 100g,FMCG,23,84.0,0.64,2026-09-20
2026-09-20,Thane,SKU2012,Instant Coffee 100g,FMCG,393,239.2,21.04,2026-09-20
2026-09-20,Thane,SKU2013,Tea Leaves 500g,FMCG,7,217.3,0.14,2026-09-09
2026-09-20,Thane,SKU2014,Pasta Penne 500g,FMCG,3,85.1,0.0,
2026-09-20,Thane,SKU2015,Soya Chunks 200g,FMCG,29,33.88,2.71,2026-09-19
2026-09-20,Thane,SKU2016,Honey 500g,FMCG,28,189.24,1.43,2026-09-20
2026-09-20,Thane,SKU2017,Pickle Mango 400g,FMCG,12,91.59,0.68,2026-09-20
2026-09-20,Thane,SKU2018,Baking Soda 100g,FMCG,9,17.5,0.32,2026-09-19
2026-09-20,Thane,SKU2019,Custard Powder 100g,FMCG,27,34.56,1.79,2026-09-20
2026-09-20,Thane,SKU2020,Muesli 500g,FMCG,14,256.62,0.64,2026-09-20
2026-09-20,Thane,SKU3001,Sandwich Bread 400g,Bakery,31,35.1,0.96,2026-09-16
2026-09-20,Thane,SKU3002,Brown Bread 400g,Bakery,1,41.8,0.0,
2026-09-20,Thane,SKU3003,Multigrain Bread 400g,Bakery,0,48.1,0.0,2026-07-28
2026-09-20,Thane,SKU3004,Pav 6-pack,Bakery,15,22.5,0.5,2026-09-20
2026-09-20,Thane,SKU3005,Butter Croissant,Bakery,166,34.1,5.21,2026-09-20
2026-09-20,Thane,SKU3006,Chocolate Muffin,Bakery,15,36.0,0.5,2026-09-20
2026-09-20,Thane,SKU3007,Plum Cake 300g,Bakery,787,118.8,17.64,2026-09-20
2026-09-20,Thane,SKU3008,Garlic Bread,Bakery,15,60.8,0.39,2026-09-12
2026-09-20,Thane,SKU3009,Rusk 300g,Bakery,13,51.1,0.43,2026-09-15
2026-09-20,Thane,SKU3010,Fruit Bun,Bakery,20,16.75,0.79,2026-09-20
2026-09-20,Thane,SKU3011,Cheese Danish,Bakery,0,51.85,7.61,2026-09-20
2026-09-20,Thane,SKU3012,Burger Buns 4-pack,Bakery,14,36.0,0.29,2026-09-12
2026-09-20,Thane,SKU3013,Whole Wheat Cookies 250g,Bakery,9,71.5,0.32,2026-09-15
2026-09-20,Thane,SKU3014,Banana Walnut Loaf,Bakery,61,138.6,1.61,2026-09-20
2026-09-20,Thane,SKU3015,Cinnamon Roll,Bakery,61,44.25,0.93,2026-09-19
2026-09-20,Thane,SKU3016,Pizza Base 2-pack,Bakery,22,42.0,1.11,2026-09-17
2026-09-20,Thane,SKU4001,Mineral Water 1L,Beverages,7,15.0,0.29,2026-09-20
2026-09-20,Thane,SKU4002,Orange Juice 1L,Beverages,0,98.75,1.0,2026-09-17
2026-09-20,Thane,SKU4003,Mango Drink 1.2L,Beverages,31,70.2,1.11,2026-09-13
2026-09-20,Thane,SKU4004,Cola 2L,Beverages,11,77.9,0.21,2026-09-20
2026-09-20,Thane,SKU4005,Lemon Soda 750ml,Beverages,54,30.8,1.04,2026-09-19
2026-09-20,Thane,SKU4006,Coconut Water 200ml,Beverages,12,36.0,0.32,2026-09-20
2026-09-20,Thane,SKU4007,Energy Drink 250ml,Beverages,6,85.1,0.11,2026-09-01
2026-09-20,Thane,SKU4008,Cold Coffee 200ml,Beverages,50,38.0,1.25,2026-09-17
2026-09-20,Thane,SKU4009,Buttermilk 500ml,Beverages,8,24.3,0.75,2026-09-18
2026-09-20,Thane,SKU4010,Flavoured Milk 200ml,Beverages,9,28.7,0.46,2026-09-20
2026-09-20,Thane,SKU4011,Green Tea 25 bags,Beverages,40,113.6,2.18,2026-09-20
2026-09-20,Thane,SKU4012,Apple Juice 1L,Beverages,8,106.65,0.43,2026-09-13
2026-09-20,Thane,SKU4013,Soda Water 750ml,Beverages,73,18.25,1.46,2026-09-16
2026-09-20,Thane,SKU4014,Iced Tea 500ml,Beverages,10,45.0,0.39,2026-09-20
2026-09-20,Thane,SKU5001,Herbal Shampoo 340ml,Personal Care,87,178.85,2.0,2026-09-20
2026-09-20,Thane,SKU5002,Anti-dandruff Shampoo 180ml,Personal Care,22,143.28,0.82,2026-09-16
2026-09-20,Thane,SKU5003,Bath Soap 4-pack,Personal Care,14,140.4,0.39,2026-09-14
2026-09-20,Thane,SKU5004,Toothpaste 150g,Personal Care,10,75.24,0.29,2026-09-11
2026-09-20,Thane,SKU5005,Toothbrush Soft,Personal Care,11,26.0,0.57,2026-09-20
2026-09-20,Thane,SKU5006,Face Wash 100ml,Personal Care,21,117.25,1.04,2026-09-19
2026-09-20,Thane,SKU5007,Body Lotion 400ml,Personal Care,20,206.31,0.79,2026-09-20
2026-09-20,Thane,SKU5008,Coconut Hair Oil 500ml,Personal Care,16,145.53,0.43,2026-09-08
2026-09-20,Thane,SKU5009,Hand Wash Refill 750ml,Personal Care,6,81.65,0.21,2026-09-20
2026-09-20,Thane,SKU5010,Deodorant 150ml,Personal Care,10,148.5,0.29,2026-09-14
2026-09-20,Thane,SKU5011,Talcum Powder 300g,Personal Care,7,118.4,0.36,2026-09-17
2026-09-20,Thane,SKU5012,Shaving Foam 200g,Personal Care,7,133.0,0.43,2026-09-19
2026-09-20,Thane,SKU5013,Sanitary Pads 20s,Personal Care,98,142.2,3.75,2026-09-20
2026-09-20,Thane,SKU5014,Lip Balm 4.5g,Personal Care,6,57.0,0.07,2026-09-17
2026-09-20,Thane,SKU5015,Sunscreen SPF50 50ml,Personal Care,95,223.36,2.79,2026-09-20
2026-09-20,Thane,SKU5016,Cotton Buds 100s,Personal Care,9,34.1,0.64,2026-09-17
2026-09-20,Thane,SKU6001,Detergent Powder 4kg,Household,12,414.17,0.5,2026-09-16
2026-09-20,Thane,SKU6002,Liquid Detergent 2L,Household,21,306.99,0.64,2026-09-20
2026-09-20,Thane,SKU6003,Dishwash Bar 3-pack,Household,26,47.4,1.39,2026-09-20
2026-09-20,Thane,SKU6004,Dishwash Gel 750ml,Household,21,110.2,0.82,2026-09-20
2026-09-20,Thane,SKU6005,Floor Cleaner 1L,Household,10,134.25,0.68,2026-09-19
2026-09-20,Thane,SKU6006,Toilet Cleaner 1L,Household,4,117.8,0.75,2026-09-19
2026-09-20,Thane,SKU6007,Glass Cleaner 500ml,Household,31,79.2,2.14,2026-09-20
2026-09-20,Thane,SKU6008,Garbage Bags 30s,Household,16,81.6,0.46,2026-09-20
2026-09-20,Thane,SKU6009,Kitchen Towels 2-roll,Household,79,109.5,1.61,2026-09-20
2026-09-20,Thane,SKU6010,Toilet Rolls 6-pack,Household,11,169.4,1.0,2026-09-19
2026-09-20,Thane,SKU6011,Aluminium Foil 9m,Household,14,73.26,0.39,2026-09-20
2026-09-20,Thane,SKU6012,Scrub Pads 3-pack,Household,2,33.0,0.0,
2026-09-20,Thane,SKU6013,Mosquito Repellent Refill,Household,4,60.35,0.14,2026-09-16
2026-09-20,Thane,SKU6014,Air Freshener 240ml,Household,7,133.33,0.32,2026-09-20
2026-09-20,Thane,SKU6015,Phenyl 1L,Household,2,63.0,0.18,2026-09-16
2026-09-20,Thane,SKU6016,LED Bulb 9W,Household,35,71.5,2.68,2026-09-17
2026-09-27,Andheri,SKU1001,Basmati Rice 5kg,Grocery,12,558.14,0.71,2026-09-27
2026-09-27,Andheri,SKU1002,Sona Masoori Rice 10kg,Grocery,24,703.12,1.21,2026-09-27
2026-09-27,Andheri,SKU1003,Whole Wheat Atta 10kg,Grocery,7,435.21,0.21,2026-09-27
2026-09-27,Andheri,SKU1004,Toor Dal 1kg,Grocery,65,147.03,2.14,2026-09-27
2026-09-27,Andheri,SKU1005,Moong Dal 1kg,Grocery,19,129.63,0.82,2026-09-27
2026-09-27,Andheri,SKU1006,Chana Dal 1kg,Grocery,9,93.74,0.54,2026-09-27
2026-09-27,Andheri,SKU1007,Sugar 1kg,Grocery,83,45.12,1.04,2026-09-27
2026-09-27,Andheri,SKU1008,Iodised Salt 1kg,Grocery,75,22.96,1.07,2026-09-26
2026-09-27,Andheri,SKU1009,Sunflower Oil 1L,Grocery,2,144.69,0.11,2026-09-27
2026-09-27,Andheri,SKU1010,Mustard Oil 1L,Grocery,22,170.1,0.75,2026-09-27
2026-09-27,Andheri,SKU1011,Poha 500g,Grocery,251,36.0,8.93,2026-09-27
2026-09-27,Andheri,SKU1012,Rava 1kg,Grocery,56,50.22,1.36,2026-09-26
2026-09-27,Andheri,SKU1013,Turmeric Powder 200g,Grocery,26,41.76,1.14,2026-09-26
2026-09-27,Andheri,SKU1014,Red Chilli Powder 200g,Grocery,19,52.56,0.46,2026-09-23
2026-09-27,Andheri,SKU1015,Garam Masala 100g,Grocery,7,57.8,0.11,2026-09-18
2026-09-27,Andheri,SKU1016,Groundnuts 500g,Grocery,0,78.85,0.57,2026-09-27
2026-09-27,Andheri,SKU1017,Kabuli Chana 1kg,Grocery,29,118.15,0.89,2026-09-25
2026-09-27,Andheri,SKU1018,Rajma 1kg,Grocery,12,140.25,0.46,2026-09-27
2026-09-27,Andheri,SKU1019,Jaggery 1kg,Grocery,125,66.36,5.04,2026-09-27
2026-09-27,Andheri,SKU1020,Vermicelli 400g,Grocery,24,32.76,0.61,2026-09-26
2026-09-27,Andheri,SKU2001,Instant Noodles 4-pack,FMCG,13,47.04,0.36,2026-09-27
2026-09-27,Andheri,SKU2002,Tomato Ketchup 1kg,FMCG,4,109.81,0.0,
2026-09-27,Andheri,SKU2003,Corn Flakes 875g,FMCG,33,286.18,1.46,2026-09-27
2026-09-27,Andheri,SKU2004,Oats 1kg,FMCG,16,161.19,0.82,2026-09-25
2026-09-27,Andheri,SKU2005,Peanut Butter 340g,FMCG,132,137.83,3.82,2026-09-26
2026-09-27,Andheri,SKU2006,Mixed Fruit Jam 500g,FMCG,7,116.22,0.29,2026-09-14
2026-09-27,Andheri,SKU2007,Glucose Biscuits 800g,FMCG,43,77.4,0.61,2026-09-22
2026-09-27,Andheri,SKU2008,Cream Biscuits 300g,FMCG,1,49.8,0.0,
2026-09-27,Andheri,SKU2009,Potato Chips 150g,FMCG,15,38.0,0.64,2026-09-25
2026-09-27,Andheri,SKU2010,Namkeen Mix 400g,FMCG,8,74.25,0.21,2026-09-21
2026-09-27,Andheri,SKU2011,Dark Chocolate 100g,FMCG,20,84.0,1.0,2026-09-27
2026-09-27,Andheri,SKU2012,Instant Coffee 100g,FMCG,568,239.2,21.82,2026-09-27
2026-09-27,Andheri,SKU2013,Tea Leaves 500g,FMCG,20,217.3,0.46,2026-09-27
2026-09-27,Andheri,SKU2014,Pasta Penne 500g,FMCG,3,85.1,0.0,
2026-09-27,Andheri,SKU2015,Soya Chunks 200g,FMCG,191,33.88,2.89,2026-09-27
2026-09-27,Andheri,SKU2016,Honey 500g,FMCG,17,189.24,0.71,2026-09-27
2026-09-27,Andheri,SKU2017,Pickle Mango 400g,FMCG,8,91.59,0.29,2026-09-26
2026-09-27,Andheri,SKU2018,Baking Soda 100g,FMCG,27,17.5,1.14,2026-09-21
2026-09-27,Andheri,SKU2019,Custard Powder 100g,FMCG,35,34.56,1.71,2026-09-27
2026-09-27,Andheri,SKU2020,Muesli 500g,FMCG,22,256.62,1.14,2026-09-27
2026-09-27,Andheri,SKU3001,Sandwich Bread 400g,Bakery,19,35.1,0.46,2026-09-08
2026-09-27,Andheri,SKU3002,Brown Bread 400g,Bakery,2,41.8,0.0,2026-08-16
2026-09-27,Andheri,SKU3003,Multigrain Bread 400g,Bakery,1,48.1,0.04,2026-09-06
2026-09-27,Andheri,SKU3004,Pav 6-pack,Bakery,12,22.5,0.68,2026-09-25
2026-09-27,Andheri,SKU3005,Butter Croissant,Bakery,60,34.1,6.39,2026-09-27
2026-09-27,Andheri,SKU3006,Chocolate Muffin,Bakery,34,36.0,1.0,2026-09-27
2026-09-27,Andheri,SKU3007,Plum Cake 300g,Bakery,0,118.8,19.57,2026-09-27
2026-09-27,Andheri,SKU3008,Garlic Bread,Bakery,35,60.8,1.14,2026-09-24
2026-09-27,Andheri,SKU3009,Rusk 300g,Bakery,9,51.1,0.54,2026-09-25
2026-09-27,Andheri,SKU3010,Fruit Bun,Bakery,103,16.75,1.32,2026-09-27
2026-09-27,Andheri,SKU3011,Cheese Danish,Bakery,622,51.85,9.61,2026-09-27
2026-09-27,Andheri,SKU3012,Burger Buns 4-pack,Bakery,8,36.0,0.64,2026-09-15
2026-09-27,Andheri,SKU3013,Whole Wheat Cookies 250g,Bakery,12,71.5,0.5,2026-09-27
2026-09-27,Andheri,SKU3014,Banana Walnut Loaf,Bakery,29,138.6,2.54,2026-09-26
2026-09-27,Andheri,SKU3015,Cinnamon Roll,Bakery,9,44.25,0.5,2026-09-18
2026-09-27,Andheri,SKU3016,Pizza Base 2-pack,Bakery,70,42.0,2.18,2026-09-27
2026-09-27,Andheri,SKU4001,Mineral Water 1L,Beverages,10,15.0,0.46,2026-09-23
2026-09-27,Andheri,SKU4002,Orange Juice 1L,Beverages,26,98.75,0.61,2026-09-23
2026-09-27,Andheri,SKU4003,Mango Drink 1.2L,Beverages,12,70.2,0.54,2026-09-24
2026-09-27,Andheri,SKU4004,Cola 2L,Beverages,14,77.9,0.39,2026-09-26
2026-09-27,Andheri,SKU4005,Lemon Soda 750ml,Beverages,23,30.8,1.36,2026-09-26
2026-09-27,Andheri,SKU4006,Coconut Water 200ml,Beverages,5,36.0,0.14,2026-09-25
2026-09-27,Andheri,SKU4007,Energy Drink 250ml,Beverages,36,85.1,0.82,2026-09-26
2026-09-27,Andheri,SKU4008,Cold Coffee 200ml,Beverages,58,38.0,1.86,2026-09-27
2026-09-27,Andheri,SKU4009,Buttermilk 500ml,Beverages,19,24.3,0.71,2026-09-25
2026-09-27,Andheri,SKU4010,Flavoured Milk 200ml,Beverages,10,28.7,0.57,2026-09-27
2026-09-27,Andheri,SKU4011,Green Tea 25 bags,Beverages,104,113.6,3.07,2026-09-27
2026-09-27,Andheri,SKU4012,Apple Juice 1L,Beverages,7,106.65,0.32,2026-09-24
2026-09-27,Andheri,SKU4013,Soda Water 750ml,Beverages,17,18.25,0.64,2026-09-23
2026-09-27,Andheri,SKU4014,Iced Tea 500ml,Beverages,11,45.0,0.29,2026-09-27
2026-09-27,Andheri,SKU5001,Herbal Shampoo 340ml,Personal Care,86,178.85,1.89,2026-09-26
2026-09-27,Andheri,SKU5002,Anti-dandruff Shampoo 180ml,Personal Care,54,143.28,1.04,2026-09-27
2026-09-27,Andheri,SKU5003,Bath Soap 4-pack,Personal Care,15,140.4,0.5,2026-09-23
2026-09-27,Andheri,SKU5004,Toothpaste 150g,Personal Care,17,75.24,0.71,2026-09-26
2026-09-27,Andheri,SKU5005,Toothbrush Soft,Personal Care,45,26.0,1.0,2026-09-26
2026-09-27,Andheri,SKU5006,Face Wash 100ml,Personal Care,21,117.25,0.86,2026-09-22
2026-09-27,Andheri,SKU5007,Body Lotion 400ml,Personal Care,6,206.31,0.61,2026-09-24
2026-09-27,Andheri,SKU5008,Coconut Hair Oil 500ml,Personal Care,9,145.53,0.43,2026-09-24
2026-09-27,Andheri,SKU5009,Hand Wash Refill 750ml,Personal Care,14,81.65,0.57,2026-09-27
2026-09-27,Andheri,SKU5010,Deodorant 150ml,Personal Care,30,148.5,0.57,2026-09-24
2026-09-27,Andheri,SKU5011,Talcum Powder 300g,Personal Care,28,118.4,0.5,2026-09-23
2026-09-27,Andheri,SKU5012,Shaving Foam 200g,Personal Care,9,133.0,0.5,2026-09-24
2026-09-27,Andheri,SKU5013,Sanitary Pads 20s,Personal Care,77,142.2,2.86,2026-09-27
2026-09-27,Andheri,SKU5014,Lip Balm 4.5g,Personal Care,12,57.0,0.36,2026-09-12
2026-09-27,Andheri,SKU5015,Sunscreen SPF50 50ml,Personal Care,38,223.36,2.21,2026-09-27
2026-09-27,Andheri,SKU5016,Cotton Buds 100s,Personal Care,15,34.1,0.46,2026-09-24
2026-09-27,Andheri,SKU6001,Detergent Powder 4kg,Household,18,414.17,0.43,2026-09-26
2026-09-27,Andheri,SKU6002,Liquid Detergent 2L,Household,0,306.99,1.04,2026-09-27
2026-09-27,Andheri,SKU6003,Dishwash Bar 3-pack,Household,34,47.4,1.5,2026-09-27
2026-09-27,Andheri,SKU6004,Dishwash Gel 750ml,Household,0,110.2,0.79,2026-09-24
2026-09-27,Andheri,SKU6005,Floor Cleaner 1L,Household,40,134.25,0.61,2026-09-20
2026-09-27,Andheri,SKU6006,Toilet Cleaner 1L,Household,19,117.8,0.61,2026-09-26
2026-09-27,Andheri,SKU6007,Glass Cleaner 500ml,Household,62,79.2,2.5,2026-09-27
2026-09-27,Andheri,SKU6008,Garbage Bags 30s,Household,25,81.6,0.93,2026-09-26
2026-09-27,Andheri,SKU6009,Kitchen Towels 2-roll,Household,39,109.5,1.5,2026-09-27
2026-09-27,Andheri,SKU6010,Toilet Rolls 6-pack,Household,30,169.4,1.36,2026-09-27
2026-09-27,Andheri,SKU6011,Aluminium Foil 9m,Household,23,73.26,1.0,2026-09-27
2026-09-27,Andheri,SKU6012,Scrub Pads 3-pack,Household,3,33.0,0.0,
2026-09-27,Andheri,SKU6013,Mosquito Repellent Refill,Household,11,60.35,0.54,2026-09-23
2026-09-27,Andheri,SKU6014,Air Freshener 240ml,Household,49,133.33,0.86,2026-09-27
2026-09-27,Andheri,SKU6015,Phenyl 1L,Household,7,63.0,0.36,2026-09-26
2026-09-27,Andheri,SKU6016,LED Bulb 9W,Household,39,71.5,3.61,2026-09-27
2026-09-27,Mumbai Central,SKU1001,Basmati Rice 5kg,Grocery,14,558.14,0.57,2026-09-27
2026-09-27,Mumbai Central,SKU1002,Sona Masoori Rice 10kg,Grocery,25,703.12,1.54,2026-09-27
2026-09-27,Mumbai Central,SKU1003,Whole Wheat Atta 10kg,Grocery,21,435.21,0.5,2026-09-27
2026-09-27,Mumbai Central,SKU1004,Toor Dal 1kg,Grocery,121,147.03,1.86,2026-09-27
2026-09-27,Mumbai Central,SKU1005,Moong Dal 1kg,Grocery,25,129.63,0.96,2026-09-27
2026-09-27,Mumbai Central,SKU1006,Chana Dal 1kg,Grocery,7,93.74,1.11,2026-09-27
2026-09-27,Mumbai Central,SKU1007,Sugar 1kg,Grocery,12,45.12,0.64,2026-09-26
2026-09-27,Mumbai Central,SKU1008,Iodised Salt 1kg,Grocery,49,22.96,1.32,2026-09-26
2026-09-27,Mumbai Central,SKU1009,Sunflower Oil 1L,Grocery,17,144.69,0.46,2026-09-22
2026-09-27,Mumbai Central,SKU1010,Mustard Oil 1L,Grocery,16,170.1,0.68,2026-09-26
2026-09-27,Mumbai Central,SKU1011,Poha 500g,Grocery,328,36.0,10.04,2026-09-27
2026-09-27,Mumbai Central,SKU1012,Rava 1kg,Grocery,45,50.22,1.68,2026-09-26
2026-09-27,Mumbai Central,SKU1013,Turmeric Powder 200g,Grocery,89,41.76,1.86,2026-09-27
2026-09-27,Mumbai Central,SKU1014,Red Chilli Powder 200g,Grocery,13,52.56,0.5,2026-09-26
2026-09-27,Mumbai Central,SKU1015,Garam Masala 100g,Grocery,20,57.8,0.57,2026-09-26
2026-09-27,Mumbai Central,SKU1016,Groundnuts 500g,Grocery,8,78.85,0.54,2026-09-23
2026-09-27,Mumbai Central,SKU1017,Kabuli Chana 1kg,Grocery,9,118.15,0.43,2026-09-25
2026-09-27,Mumbai Central,SKU1018,Rajma 1kg,Grocery,10,140.25,0.68,2026-09-27
2026-09-27,Mumbai Central,SKU1019,Jaggery 1kg,Grocery,80,66.36,6.0,2026-09-27
2026-09-27,Mumbai Central,SKU1020,Vermicelli 400g,Grocery,24,32.76,0.46,2026-09-25
2026-09-27,Mumbai Central,SKU2001,Instant Noodles 4-pack,FMCG,5,47.04,0.79,2026-09-26
2026-09-27,Mumbai Central,SKU2002,Tomato Ketchup 1kg,FMCG,1,109.81,0.0,
2026-09-27,Mumbai Central,SKU2003,Corn Flakes 875g,FMCG,23,286.18,1.11,2026-09-24
2026-09-27,Mumbai Central,SKU2004,Oats 1kg,FMCG,23,161.19,0.75,2026-09-26
2026-09-27,Mumbai Central,SKU2005,Peanut Butter 340g,FMCG,60,137.83,2.5,2026-09-27
2026-09-27,Mumbai Central,SKU2006,Mixed Fruit Jam 500g,FMCG,21,116.22,0.71,2026-09-26
2026-09-27,Mumbai Central,SKU2007,Glucose Biscuits 800g,FMCG,7,77.4,0.46,2026-09-27
2026-09-27,Mumbai Central,SKU2008,Cream Biscuits 300g,FMCG,8,49.8,0.11,2026-09-13
2026-09-27,Mumbai Central,SKU2009,Potato Chips 150g,FMCG,23,38.0,0.68,2026-09-22
2026-09-27,Mumbai Central,SKU2010,Namkeen Mix 400g,FMCG,33,74.25,0.64,2026-09-27
2026-09-27,Mumbai Central,SKU2011,Dark Chocolate 100g,FMCG,22,84.0,0.75,2026-09-26
2026-09-27,Mumbai Central,SKU2012,Instant Coffee 100g,FMCG,1244,239.2,28.07,2026-09-27
2026-09-27,Mumbai Central,SKU2013,Tea Leaves 500g,FMCG,17,217.3,0.64,2026-09-25
2026-09-27,Mumbai Central,SKU2014,Pasta Penne 500g,FMCG,5,85.1,0.0,
2026-09-27,Mumbai Central,SKU2015,Soya Chunks 200g,FMCG,48,33.88,2.39,2026-09-27
2026-09-27,Mumbai Central,SKU2016,Honey 500g,FMCG,14,189.24,0.89,2026-09-26
2026-09-27,Mumbai Central,SKU2017,Pickle Mango 400g,FMCG,38,91.59,0.75,2026-09-27
2026-09-27,Mumbai Central,SKU2018,Baking Soda 100g,FMCG,0,17.5,0.96,2026-09-26
2026-09-27,Mumbai Central,SKU2019,Custard Powder 100g,FMCG,23,34.56,1.5,2026-09-27
2026-09-27,Mumbai Central,SKU2020,Muesli 500g,FMCG,23,256.62,0.89,2026-09-26
2026-09-27,Mumbai Central,SKU3001,Sandwich Bread 400g,Bakery,20,35.1,0.54,2026-09-23
2026-09-27,Mumbai Central,SKU3002,Brown Bread 400g,Bakery,3,41.8,0.0,
2026-09-27,Mumbai Central,SKU3003,Multigrain Bread 400g,Bakery,4,48.1,0.0,
2026-09-27,Mumbai Central,SKU3004,Pav 6-pack,Bakery,42,22.5,0.82,2026-09-24
2026-09-27,Mumbai Central,SKU3005,Butter Croissant,Bakery,267,34.1,6.71,2026-09-26
2026-09-27,Mumbai Central,SKU3006,Chocolate Muffin,Bakery,11,36.0,0.89,2026-09-27
2026-09-27,Mumbai Central,SKU3007,Plum Cake 300g,Bakery,229,118.8,19.29,2026-09-27
2026-09-27,Mumbai Central,SKU3008,Garlic Bread,Bakery,54,60.8,1.79,2026-09-26
2026-09-27,Mumbai Central,SKU3009,Rusk 300g,Bakery,71,51.1,1.39,2026-09-27
2026-09-27,Mumbai Central,SKU3010,Fruit Bun,Bakery,39,16.75,1.07,2026-09-27
2026-09-27,Mumbai Central,SKU3011,Cheese Danish,Bakery,173,51.85,11.64,2026-09-27
2026-09-27,Mumbai Central,SKU3012,Burger Buns 4-pack,Bakery,13,36.0,0.75,2026-09-25
2026-09-27,Mumbai Central,SKU3013,Whole Wheat Cookies 250g,Bakery,11,71.5,0.71,2026-09-13
2026-09-27,Mumbai Central,SKU3014,Banana Walnut Loaf,Bakery,94,138.6,1.61,2026-09-27
2026-09-27,Mumbai Central,SKU3015,Cinnamon Roll,Bakery,9,44.25,0.79,2026-09-25
2026-09-27,Mumbai Central,SKU3016,Pizza Base 2-pack,Bakery,27,42.0,1.0,2026-09-26
2026-09-27,Mumbai Central,SKU4001,Mineral Water 1L,Beverages,7,15.0,0.39,2026-09-20
2026-09-27,Mumbai Central,SKU4002,Orange Juice 1L,Beverages,57,98.75,1.11,2026-09-27
2026-09-27,Mumbai Central,SKU4003,Mango Drink 1.2L,Beverages,44,70.2,0.86,2026-09-25
2026-09-27,Mumbai Central,SKU4004,Cola 2L,Beverages,6,77.9,0.5,2026-09-23
2026-09-27,Mumbai Central,SKU4005,Lemon Soda 750ml,Beverages,26,30.8,1.18,2026-09-26
2026-09-27,Mumbai Central,SKU4006,Coconut Water 200ml,Beverages,18,36.0,0.5,2026-09-27
2026-09-27,Mumbai Central,SKU4007,Energy Drink 250ml,Beverages,20,85.1,0.71,2026-09-26
2026-09-27,Mumbai Central,SKU4008,Cold Coffee 200ml,Beverages,38,38.0,2.32,2026-09-26
2026-09-27,Mumbai Central,SKU4009,Buttermilk 500ml,Beverages,32,24.3,0.68,2026-09-27
2026-09-27,Mumbai Central,SKU4010,Flavoured Milk 200ml,Beverages,17,28.7,0.93,2026-09-23
2026-09-27,Mumbai Central,SKU4011,Green Tea 25 bags,Beverages,112,113.6,3.43,2026-09-27
2026-09-27,Mumbai Central,SKU4012,Apple Juice 1L,Beverages,15,106.65,0.43,2026-09-25
2026-09-27,Mumbai Central,SKU4013,Soda Water 750ml,Beverages,13,18.25,1.54,2026-09-26
2026-09-27,Mumbai Central,SKU4014,Iced Tea 500ml,Beverages,55,45.0,0.71,2026-09-24
2026-09-27,Mumbai Central,SKU5001,Herbal Shampoo 340ml,Personal Care,99,178.85,1.82,2026-09-27
2026-09-27,Mumbai Central,SKU5002,Anti-dandruff Shampoo 180ml,Personal Care,62,143.28,1.11,2026-09-22
2026-09-27,Mumbai Central,SKU5003,Bath Soap 4-pack,Personal Care,17,140.4,0.46,2026-09-24
2026-09-27,Mumbai Central,SKU5004,Toothpaste 150g,Personal Care,83,75.24,0.86,2026-09-26
2026-09-27,Mumbai Central,SKU5005,Toothbrush Soft,Personal Care,27,26.0,1.61,2026-09-27
2026-09-27,Mumbai Central,SKU5006,Face Wash 100ml,Personal Care,17,117.25,1.21,2026-09-27
2026-09-27,Mumbai Central,SKU5007,Body Lotion 400ml,Personal Care,14,206.31,0.79,2026-09-26
2026-09-27,Mumbai Central,SKU5008,Coconut Hair Oil 500ml,Personal Care,11,145.53,0.5,2026-09-24
2026-09-27,Mumbai Central,SKU5009,Hand Wash Refill 750ml,Personal Care,26,81.65,0.75,2026-09-27
2026-09-27,Mumbai Central,SKU5010,Deodorant 150ml,Personal Care,7,148.5,0.21,2026-09-16
2026-09-27,Mumbai Central,SKU5011,Talcum Powder 300g,Personal Care,27,118.4,1.07,2026-09-26
2026-09-27,Mumbai Central,SKU5012,Shaving Foam 200g,Personal Care,26,133.0,1.11,2026-09-27
2026-09-27,Mumbai Central,SKU5013,Sanitary Pads 20s,Personal Care,102,142.2,6.04,2026-09-27
2026-09-27,Mumbai Central,SKU5014,Lip Balm 4.5g,Personal Care,3,57.0,0.11,2026-09-26
2026-09-27,Mumbai Central,SKU5015,Sunscreen SPF50 50ml,Personal Care,87,223.36,3.18,2026-09-27
2026-09-27,Mumbai Central,SKU5016,Cotton Buds 100s,Personal Care,7,34.1,0.29,2026-09-27
2026-09-27,Mumbai Central,SKU6001,Detergent Powder 4kg,Household,35,414.17,0.93,2026-09-25
2026-09-27,Mumbai Central,SKU6002,Liquid Detergent 2L,Household,35,306.99,1.86,2026-09-26
2026-09-27,Mumbai Central,SKU6003,Dishwash Bar 3-pack,Household,48,47.4,1.61,2026-09-26
2026-09-27,Mumbai Central,SKU6004,Dishwash Gel 750ml,Household,90,110.2,1.89,2026-09-27
2026-09-27,Mumbai Central,SKU6005,Floor Cleaner 1L,Household,20,134.25,0.54,2026-09-27
2026-09-27,Mumbai Central,SKU6006,Toilet Cleaner 1L,Household,13,117.8,0.64,2026-09-27
2026-09-27,Mumbai Central,SKU6007,Glass Cleaner 500ml,Household,226,79.2,3.07,2026-09-27
2026-09-27,Mumbai Central,SKU6008,Garbage Bags 30s,Household,22,81.6,0.54,2026-09-27
2026-09-27,Mumbai Central,SKU6009,Kitchen Towels 2-roll,Household,75,109.5,2.64,2026-09-27
2026-09-27,Mumbai Central,SKU6010,Toilet Rolls 6-pack,Household,87,169.4,2.32,2026-09-26
2026-09-27,Mumbai Central,SKU6011,Aluminium Foil 9m,Household,24,73.26,0.75,2026-09-26
2026-09-27,Mumbai Central,SKU6012,Scrub Pads 3-pack,Household,4,33.0,0.0,
2026-09-27,Mumbai Central,SKU6013,Mosquito Repellent Refill,Household,17,60.35,0.36,2026-09-20
2026-09-27,Mumbai Central,SKU6014,Air Freshener 240ml,Household,12,133.33,0.89,2026-09-25
2026-09-27,Mumbai Central,SKU6015,Phenyl 1L,Household,9,63.0,0.46,2026-09-27
2026-09-27,Mumbai Central,SKU6016,LED Bulb 9W,Household,79,71.5,2.61,2026-09-26
2026-09-27,Navi Mumbai,SKU1001,Basmati Rice 5kg,Grocery,17,558.14,0.39,2026-09-26
2026-09-27,Navi Mumbai,SKU1002,Sona Masoori Rice 10kg,Grocery,15,703.12,0.93,2026-09-26
2026-09-27,Navi Mumbai,SKU1003,Whole Wheat Atta 10kg,Grocery,13,435.21,0.18,2026-09-18
2026-09-27,Navi Mumbai,SKU1004,Toor Dal 1kg,Grocery,26,147.03,0.96,2026-09-27
2026-09-27,Navi Mumbai,SKU1005,Moong Dal 1kg,Grocery,7,129.63,0.39,2026-09-26
2026-09-27,Navi Mumbai,SKU1006,Chana Dal 1kg,Grocery,12,93.74,0.39,2026-09-26
2026-09-27,Navi Mumbai,SKU1007,Sugar 1kg,Grocery,27,45.12,0.71,2026-09-25
2026-09-27,Navi Mumbai,SKU1008,Iodised Salt 1kg,Grocery,35,22.96,0.54,2026-09-21
2026-09-27,Navi Mumbai,SKU1009,Sunflower Oil 1L,Grocery,5,144.69,0.18,2026-09-15
2026-09-27,Navi Mumbai,SKU1010,Mustard Oil 1L,Grocery,13,170.1,0.32,2026-09-19
2026-09-27,Navi Mumbai,SKU1011,Poha 500g,Grocery,77,36.0,5.54,2026-09-27
2026-09-27,Navi Mumbai,SKU1012,Rava 1kg,Grocery,32,50.22,1.07,2026-09-27
2026-09-27,Navi Mumbai,SKU1013,Turmeric Powder 200g,Grocery,45,41.76,1.0,2026-09-23
2026-09-27,Navi Mumbai,SKU1014,Red Chilli Powder 200g,Grocery,6,52.56,0.21,2026-09-23
2026-09-27,Navi Mumbai,SKU1015,Garam Masala 100g,Grocery,22,57.8,0.36,2026-09-27
2026-09-27,Navi Mumbai,SKU1016,Groundnuts 500g,Grocery,11,78.85,0.68,2026-09-27
2026-09-27,Navi Mumbai,SKU1017,Kabuli Chana 1kg,Grocery,36,118.15,0.68,2026-09-27
2026-09-27,Navi Mumbai,SKU1018,Rajma 1kg,Grocery,40,140.25,0.61,2026-09-27
2026-09-27,Navi Mumbai,SKU1019,Jaggery 1kg,Grocery,97,66.36,3.61,2026-09-27
2026-09-27,Navi Mumbai,SKU1020,Vermicelli 400g,Grocery,12,32.76,0.36,2026-09-23
2026-09-27,Navi Mumbai,SKU2001,Instant Noodles 4-pack,FMCG,10,47.04,0.14,2026-09-21
2026-09-27,Navi Mumbai,SKU2002,Tomato Ketchup 1kg,FMCG,0,109.81,0.0,
2026-09-27,Navi Mumbai,SKU2003,Corn Flakes 875g,FMCG,33,286.18,1.04,2026-09-27
2026-09-27,Navi Mumbai,SKU2004,Oats 1kg,FMCG,24,161.19,0.57,2026-09-27
2026-09-27,Navi Mumbai,SKU2005,Peanut Butter 340g,FMCG,151,137.83,2.96,2026-09-27
2026-09-27,Navi Mumbai,SKU2006,Mixed Fruit Jam 500g,FMCG,12,116.22,0.21,2026-09-22
2026-09-27,Navi Mumbai,SKU2007,Glucose Biscuits 800g,FMCG,5,77.4,0.32,2026-09-27
2026-09-27,Navi Mumbai,SKU2008,Cream Biscuits 300g,FMCG,3,49.8,0.0,
2026-09-27,Navi Mumbai,SKU2009,Potato Chips 150g,FMCG,17,38.0,0.5,2026-09-27
2026-09-27,Navi Mumbai,SKU2010,Namkeen Mix 400g,FMCG,12,74.25,0.14,2026-09-19
2026-09-27,Navi Mumbai,SKU2011,Dark Chocolate 100g,FMCG,21,84.0,0.64,2026-09-26
2026-09-27,Navi Mumbai,SKU2012,Instant Coffee 100g,FMCG,229,239.2,16.14,2026-09-27
2026-09-27,Navi Mumbai,SKU2013,Tea Leaves 500g,FMCG,3,217.3,0.11,2026-09-27
2026-09-27,Navi Mumbai,SKU2014,Pasta Penne 500g,FMCG,0,85.1,0.0,
2026-09-27,Navi Mumbai,SKU2015,Soya Chunks 200g,FMCG,67,33.88,2.07,2026-09-27
2026-09-27,Navi Mumbai,SKU2016,Honey 500g,FMCG,18,189.24,0.96,2026-09-26
2026-09-27,Navi Mumbai,SKU2017,Pickle Mango 400g,FMCG,35,91.59,0.57,2026-09-26
2026-09-27,Navi Mumbai,SKU2018,Baking Soda 100g,FMCG,41,17.5,0.75,2026-09-26
2026-09-27,Navi Mumbai,SKU2019,Custard Powder 100g,FMCG,27,34.56,1.07,2026-09-26
2026-09-27,Navi Mumbai,SKU2020,Muesli 500g,FMCG,17,256.62,0.57,2026-09-26
2026-09-27,Navi Mumbai,SKU3001,Sandwich Bread 400g,Bakery,21,35.1,0.25,2026-09-26
2026-09-27,Navi Mumbai,SKU3002,Brown Bread 400g,Bakery,4,41.8,0.0,
2026-09-27,Navi Mumbai,SKU3003,Multigrain Bread 400g,Bakery,3,48.1,0.0,
2026-09-27,Navi Mumbai,SKU3004,Pav 6-pack,Bakery,1,22.5,0.04,2026-09-06
2026-09-27,Navi Mumbai,SKU3005,Butter Croissant,Bakery,52,34.1,3.43,2026-09-27
2026-09-27,Navi Mumbai,SKU3006,Chocolate Muffin,Bakery,12,36.0,0.54,2026-09-27
2026-09-27,Navi Mumbai,SKU3007,Plum Cake 300g,Bakery,497,118.8,12.75,2026-09-27
2026-09-27,Navi Mumbai,SKU3008,Garlic Bread,Bakery,5,60.8,0.21,2026-09-22
2026-09-27,Navi Mumbai,SKU3009,Rusk 300g,Bakery,7,51.1,0.07,2026-09-07
2026-09-27,Navi Mumbai,SKU3010,Fruit Bun,Bakery,11,16.75,0.71,2026-09-26
2026-09-27,Navi Mumbai,SKU3011,Cheese Danish,Bakery,73,51.85,5.46,2026-09-27
2026-09-27,Navi Mumbai,SKU3012,Burger Buns 4-pack,Bakery,11,36.0,0.43,2026-09-26
2026-09-27,Navi Mumbai,SKU3013,Whole Wheat Cookies 250g,Bakery,5,71.5,0.25,2026-09-13
2026-09-27,Navi Mumbai,SKU3014,Banana Walnut Loaf,Bakery,32,138.6,1.39,2026-09-27
2026-09-27,Navi Mumbai,SKU3015,Cinnamon Roll,Bakery,8,44.25,0.36,2026-09-13
2026-09-27,Navi Mumbai,SKU3016,Pizza Base 2-pack,Bakery,22,42.0,0.32,2026-09-19
2026-09-27,Navi Mumbai,SKU4001,Mineral Water 1L,Beverages,13,15.0,0.36,2026-09-25
2026-09-27,Navi Mumbai,SKU4002,Orange Juice 1L,Beverages,37,98.75,0.82,2026-09-26
2026-09-27,Navi Mumbai,SKU4003,Mango Drink 1.2L,Beverages,17,70.2,0.5,2026-09-25
2026-09-27,Navi Mumbai,SKU4004,Cola 2L,Beverages,10,77.9,0.25,2026-09-17
2026-09-27,Navi Mumbai,SKU4005,Lemon Soda 750ml,Beverages,26,30.8,1.21,2026-09-27
2026-09-27,Navi Mumbai,SKU4006,Coconut Water 200ml,Beverages,11,36.0,0.32,2026-09-27
2026-09-27,Navi Mumbai,SKU4007,Energy Drink 250ml,Beverages,7,85.1,0.32,2026-09-21
2026-09-27,Navi Mumbai,SKU4008,Cold Coffee 200ml,Beverages,66,38.0,1.39,2026-09-26
2026-09-27,Navi Mumbai,SKU4009,Buttermilk 500ml,Beverages,35,24.3,0.64,2026-09-20
2026-09-27,Navi Mumbai,SKU4010,Flavoured Milk 200ml,Beverages,13,28.7,0.36,2026-09-26
2026-09-27,Navi Mumbai,SKU4011,Green Tea 25 bags,Beverages,48,113.6,1.75,2026-09-26
2026-09-27,Navi Mumbai,SKU4012,Apple Juice 1L,Beverages,10,106.65,0.25,2026-09-19
2026-09-27,Navi Mumbai,SKU4013,Soda Water 750ml,Beverages,30,18.25,0.5,2026-09-20
2026-09-27,Navi Mumbai,SKU4014,Iced Tea 500ml,Beverages,6,45.0,0.54,2026-09-27
2026-09-27,Navi Mumbai,SKU5001,Herbal Shampoo 340ml,Personal Care,40,178.85,0.96,2026-09-27
2026-09-27,Navi Mumbai,SKU5002,Anti-dandruff Shampoo 180ml,Personal Care,9,143.28,0.39,2026-09-26
2026-09-27,Navi Mumbai,SKU5003,Bath Soap 4-pack,Personal Care,11,140.4,0.25,2026-09-27
2026-09-27,Navi Mumbai,SKU5004,Toothpaste 150g,Personal Care,3,75.24,0.14,2026-09-18
2026-09-27,Navi Mumbai,SKU5005,Toothbrush Soft,Personal Care,26,26.0,0.68,2026-09-26
2026-09-27,Navi Mumbai,SKU5006,Face Wash 100ml,Personal Care,9,117.25,0.68,2026-09-26
2026-09-27,Navi Mumbai,SKU5007,Body Lotion 400ml,Personal Care,6,206.31,0.18,2026-09-25
2026-09-27,Navi Mumbai,SKU5008,Coconut Hair Oil 500ml,Personal Care,12,145.53,0.43,2026-09-21
2026-09-27,Navi Mumbai,SKU5009,Hand Wash Refill 750ml,Personal Care,8,81.65,0.04,2026-09-05
2026-09-27,Navi Mumbai,SKU5010,Deodorant 150ml,Personal Care,4,148.5,0.11,2026-09-18
2026-09-27,Navi Mumbai,SKU5011,Talcum Powder 300g,Personal Care,7,118.4,0.29,2026-09-20
2026-09-27,Navi Mumbai,SKU5012,Shaving Foam 200g,Personal Care,5,133.0,0.57,2026-09-26
2026-09-27,Navi Mumbai,SKU5013,Sanitary Pads 20s,Personal Care,30,142.2,2.21,2026-09-27
2026-09-27,Navi Mumbai,SKU5014,Lip Balm 4.5g,Personal Care,8,57.0,0.18,2026-09-25
2026-09-27,Navi Mumbai,SKU5015,Sunscreen SPF50 50ml,Personal Care,38,223.36,1.46,2026-09-27
2026-09-27,Navi Mumbai,SKU5016,Cotton Buds 100s,Personal Care,9,34.1,0.14,2026-09-13
2026-09-27,Navi Mumbai,SKU6001,Detergent Powder 4kg,Household,8,414.17,0.29,2026-09-27
2026-09-27,Navi Mumbai,SKU6002,Liquid Detergent 2L,Household,11,306.99,0.68,2026-09-27
2026-09-27,Navi Mumbai,SKU6003,Dishwash Bar 3-pack,Household,22,47.4,0.75,2026-09-27
2026-09-27,Navi Mumbai,SKU6004,Dishwash Gel 750ml,Household,34,110.2,0.96,2026-09-22
2026-09-27,Navi Mumbai,SKU6005,Floor Cleaner 1L,Household,17,134.25,0.57,2026-09-26
2026-09-27,Navi Mumbai,SKU6006,Toilet Cleaner 1L,Household,25,117.8,0.71,2026-09-22
2026-09-27,Navi Mumbai,SKU6007,Glass Cleaner 500ml,Household,30,79.2,1.21,2026-09-27
2026-09-27,Navi Mumbai,SKU6008,Garbage Bags 30s,Household,25,81.6,0.82,2026-09-27
2026-09-27,Navi Mumbai,SKU6009,Kitchen Towels 2-roll,Household,26,109.5,1.18,2026-09-27
2026-09-27,Navi Mumbai,SKU6010,Toilet Rolls 6-pack,Household,24,169.4,1.39,2026-09-27
2026-09-27,Navi Mumbai,SKU6011,Aluminium Foil 9m,Household,14,73.26,0.25,2026-09-26
2026-09-27,Navi Mumbai,SKU6012,Scrub Pads 3-pack,Household,2,33.0,0.0,2026-08-16
2026-09-27,Navi Mumbai,SKU6013,Mosquito Repellent Refill,Household,5,60.35,0.11,2026-09-09
2026-09-27,Navi Mumbai,SKU6014,Air Freshener 240ml,Household,8,133.33,0.29,2026-09-26
2026-09-27,Navi Mumbai,SKU6015,Phenyl 1L,Household,4,63.0,0.43,2026-09-24
2026-09-27,Navi Mumbai,SKU6016,LED Bulb 9W,Household,117,71.5,3.11,2026-09-27
2026-09-27,Powai,SKU1001,Basmati Rice 5kg,Grocery,16,558.14,0.64,2026-09-26
2026-09-27,Powai,SKU1002,Sona Masoori Rice 10kg,Grocery,21,703.12,0.89,2026-09-26
2026-09-27,Powai,SKU1003,Whole Wheat Atta 10kg,Grocery,13,435.21,0.25,2026-09-25
2026-09-27,Powai,SKU1004,Toor Dal 1kg,Grocery,44,147.03,1.61,2026-09-27
2026-09-27,Powai,SKU1005,Moong Dal 1kg,Grocery,14,129.63,0.86,2026-09-26
2026-09-27,Powai,SKU1006,Chana Dal 1kg,Grocery,18,93.74,0.54,2026-09-26
2026-09-27,Powai,SKU1007,Sugar 1kg,Grocery,20,45.12,0.39,2026-09-25
2026-09-27,Powai,SKU1008,Iodised Salt 1kg,Grocery,17,22.96,0.71,2026-09-26
2026-09-27,Powai,SKU1009,Sunflower Oil 1L,Grocery,7,144.69,0.25,2026-09-21
2026-09-27,Powai,SKU1010,Mustard Oil 1L,Grocery,3,170.1,0.07,2026-09-18
2026-09-27,Powai,SKU1011,Poha 500g,Grocery,114,36.0,5.71,2026-09-26
2026-09-27,Powai,SKU1012,Rava 1kg,Grocery,51,50.22,1.04,2026-09-26
2026-09-27,Powai,SKU1013,Turmeric Powder 200g,Grocery,15,41.76,0.82,2026-09-19
2026-09-27,Powai,SKU1014,Red Chilli Powder 200g,Grocery,15,52.56,0.79,2026-09-27
2026-09-27,Powai,SKU1015,Garam Masala 100g,Grocery,19,57.8,0.14,2026-09-17
2026-09-27,Powai,SKU1016,Groundnuts 500g,Grocery,9,78.85,0.54,2026-09-25
2026-09-27,Powai,SKU1017,Kabuli Chana 1kg,Grocery,7,118.15,0.43,2026-09-27
2026-09-27,Powai,SKU1018,Rajma 1kg,Grocery,7,140.25,0.36,2026-09-26
2026-09-27,Powai,SKU1019,Jaggery 1kg,Grocery,81,66.36,5.0,2026-09-27
2026-09-27,Powai,SKU1020,Vermicelli 400g,Grocery,0,32.76,0.14,2026-09-26
2026-09-27,Powai,SKU2001,Instant Noodles 4-pack,FMCG,19,47.04,0.82,2026-09-23
2026-09-27,Powai,SKU2002,Tomato Ketchup 1kg,FMCG,4,109.81,0.0,
2026-09-27,Powai,SKU2003,Corn Flakes 875g,FMCG,12,286.18,0.93,2026-09-27
2026-09-27,Powai,SKU2004,Oats 1kg,FMCG,30,161.19,0.64,2026-09-23
2026-09-27,Powai,SKU2005,Peanut Butter 340g,FMCG,14,137.83,2.25,2026-09-27
2026-09-27,Powai,SKU2006,Mixed Fruit Jam 500g,FMCG,12,116.22,0.54,2026-09-25
2026-09-27,Powai,SKU2007,Glucose Biscuits 800g,FMCG,19,77.4,0.36,2026-09-26
2026-09-27,Powai,SKU2008,Cream Biscuits 300g,FMCG,5,49.8,0.0,
2026-09-27,Powai,SKU2009,Potato Chips 150g,FMCG,20,38.0,0.61,2026-09-27
2026-09-27,Powai,SKU2010,Namkeen Mix 400g,FMCG,17,74.25,0.39,2026-09-21
2026-09-27,Powai,SKU2011,Dark Chocolate 100g,FMCG,12,84.0,0.71,2026-09-23
2026-09-27,Powai,SKU2012,Instant Coffee 100g,FMCG,197,239.2,17.5,2026-09-27
2026-09-27,Powai,SKU2013,Tea Leaves 500g,FMCG,7,217.3,0.29,2026-09-20
2026-09-27,Powai,SKU2014,Pasta Penne 500g,FMCG,2,85.1,0.0,
2026-09-27,Powai,SKU2015,Soya Chunks 200g,FMCG,134,33.88,2.68,2026-09-27
2026-09-27,Powai,SKU2016,Honey 500g,FMCG,27,189.24,0.96,2026-09-24
2026-09-27,Powai,SKU2017,Pickle Mango 400g,FMCG,13,91.59,0.57,2026-09-26
2026-09-27,Powai,SKU2018,Baking Soda 100g,FMCG,13,17.5,0.54,2026-09-22
2026-09-27,Powai,SKU2019,Custard Powder 100g,FMCG,40,34.56,0.96,2026-09-26
2026-09-27,Powai,SKU2020,Muesli 500g,FMCG,32,256.62,0.68,2026-09-26
2026-09-27,Powai,SKU3001,Sandwich Bread 400g,Bakery,5,35.1,0.71,2026-09-18
2026-09-27,Powai,SKU3002,Brown Bread 400g,Bakery,5,41.8,0.0,
2026-09-27,Powai,SKU3003,Multigrain Bread 400g,Bakery,0,48.1,0.0,
2026-09-27,Powai,SKU3004,Pav 6-pack,Bakery,22,22.5,0.82,2026-09-27
2026-09-27,Powai,SKU3005,Butter Croissant,Bakery,0,34.1,3.57,2026-09-26
2026-09-27,Powai,SKU3006,Chocolate Muffin,Bakery,21,36.0,0.61,2026-09-22
2026-09-27,Powai,SKU3007,Plum Cake 300g,Bakery,0,118.8,11.46,2026-09-27
2026-09-27,Powai,SKU3008,Garlic Bread,Bakery,10,60.8,0.46,2026-09-25
2026-09-27,Powai,SKU3009,Rusk 300g,Bakery,17,51.1,0.54,2026-09-19
2026-09-27,Powai,SKU3010,Fruit Bun,Bakery,7,16.75,0.32,2026-09-19
2026-09-27,Powai,SKU3011,Cheese Danish,Bakery,253,51.85,7.96,2026-09-27
2026-09-27,Powai,SKU3012,Burger Buns 4-pack,Bakery,7,36.0,0.43,2026-09-27
2026-09-27,Powai,SKU3013,Whole Wheat Cookies 250g,Bakery,10,71.5,0.21,2026-09-23
2026-09-27,Powai,SKU3014,Banana Walnut Loaf,Bakery,69,138.6,2.0,2026-09-27
2026-09-27,Powai,SKU3015,Cinnamon Roll,Bakery,10,44.25,0.64,2026-09-19
2026-09-27,Powai,SKU3016,Pizza Base 2-pack,Bakery,30,42.0,1.21,2026-09-27
2026-09-27,Powai,SKU4001,Mineral Water 1L,Beverages,9,15.0,0.14,2026-09-19
2026-09-27,Powai,SKU4002,Orange Juice 1L,Beverages,22,98.75,0.64,2026-09-27
2026-09-27,Powai,SKU4003,Mango Drink 1.2L,Beverages,8,70.2,0.36,2026-09-21
2026-09-27,Powai,SKU4004,Cola 2L,Beverages,7,77.9,0.18,2026-09-11
2026-09-27,Powai,SKU4005,Lemon Soda 750ml,Beverages,18,30.8,1.25,2026-09-26
2026-09-27,Powai,SKU4006,Coconut Water 200ml,Beverages,16,36.0,0.32,2026-09-27
2026-09-27,Powai,SKU4007,Energy Drink 250ml,Beverages,15,85.1,0.54,2026-09-23
2026-09-27,Powai,SKU4008,Cold Coffee 200ml,Beverages,71,38.0,1.96,2026-09-27
2026-09-27,Powai,SKU4009,Buttermilk 500ml,Beverages,9,24.3,0.36,2026-09-22
2026-09-27,Powai,SKU4010,Flavoured Milk 200ml,Beverages,13,28.7,0.25,2026-09-21
2026-09-27,Powai,SKU4011,Green Tea 25 bags,Beverages,134,113.6,2.43,2026-09-26
2026-09-27,Powai,SKU4012,Apple Juice 1L,Beverages,20,106.65,0.39,2026-09-23
2026-09-27,Powai,SKU4013,Soda Water 750ml,Beverages,23,18.25,0.82,2026-09-21
2026-09-27,Powai,SKU4014,Iced Tea 500ml,Beverages,8,45.0,0.25,2026-09-27
2026-09-27,Powai,SKU5001,Herbal Shampoo 340ml,Personal Care,45,178.85,1.64,2026-09-27
2026-09-27,Powai,SKU5002,Anti-dandruff Shampoo 180ml,Personal Care,9,143.28,0.46,2026-09-25
2026-09-27,Powai,SKU5003,Bath Soap 4-pack,Personal Care,10,140.4,0.32,2026-09-26
2026-09-27,Powai,SKU5004,Toothpaste 150g,Personal Care,10,75.24,0.36,2026-09-26
2026-09-27,Powai,SKU5005,Toothbrush Soft,Personal Care,29,26.0,1.36,2026-09-27
2026-09-27,Powai,SKU5006,Face Wash 100ml,Personal Care,19,117.25,0.64,2026-09-26
2026-09-27,Powai,SKU5007,Body Lotion 400ml,Personal Care,8,206.31,0.29,2026-09-25
2026-09-27,Powai,SKU5008,Coconut Hair Oil 500ml,Personal Care,25,145.53,0.61,2026-09-27
2026-09-27,Powai,SKU5009,Hand Wash Refill 750ml,Personal Care,15,81.65,0.32,2026-09-15
2026-09-27,Powai,SKU5010,Deodorant 150ml,Personal Care,5,148.5,0.11,2026-09-12
2026-09-27,Powai,SKU5011,Talcum Powder 300g,Personal Care,10,118.4,0.32,2026-09-20
2026-09-27,Powai,SKU5012,Shaving Foam 200g,Personal Care,15,133.0,0.43,2026-09-25
2026-09-27,Powai,SKU5013,Sanitary Pads 20s,Personal Care,81,142.2,2.46,2026-09-27
2026-09-27,Powai,SKU5014,Lip Balm 4.5g,Personal Care,13,57.0,0.29,2026-09-25
2026-09-27,Powai,SKU5015,Sunscreen SPF50 50ml,Personal Care,37,223.36,2.61,2026-09-27
2026-09-27,Powai,SKU5016,Cotton Buds 100s,Personal Care,11,34.1,0.36,2026-09-23
2026-09-27,Powai,SKU6001,Detergent Powder 4kg,Household,16,414.17,0.86,2026-09-21
2026-09-27,Powai,SKU6002,Liquid Detergent 2L,Household,27,306.99,0.68,2026-09-25
2026-09-27,Powai,SKU6003,Dishwash Bar 3-pack,Household,14,47.4,1.04,2026-09-26
2026-09-27,Powai,SKU6004,Dishwash Gel 750ml,Household,13,110.2,0.61,2026-09-24
2026-09-27,Powai,SKU6005,Floor Cleaner 1L,Household,7,134.25,0.21,2026-09-23
2026-09-27,Powai,SKU6006,Toilet Cleaner 1L,Household,9,117.8,0.32,2026-09-25
2026-09-27,Powai,SKU6007,Glass Cleaner 500ml,Household,87,79.2,2.79,2026-09-27
2026-09-27,Powai,SKU6008,Garbage Bags 30s,Household,8,81.6,0.25,2026-09-19
2026-09-27,Powai,SKU6009,Kitchen Towels 2-roll,Household,42,109.5,1.64,2026-09-24
2026-09-27,Powai,SKU6010,Toilet Rolls 6-pack,Household,75,169.4,2.46,2026-09-26
2026-09-27,Powai,SKU6011,Aluminium Foil 9m,Household,8,73.26,0.21,2026-09-26
2026-09-27,Powai,SKU6012,Scrub Pads 3-pack,Household,2,33.0,0.0,
2026-09-27,Powai,SKU6013,Mosquito Repellent Refill,Household,20,60.35,0.21,2026-09-25
2026-09-27,Powai,SKU6014,Air Freshener 240ml,Household,19,133.33,0.71,2026-09-18
2026-09-27,Powai,SKU6015,Phenyl 1L,Household,7,63.0,0.32,2026-09-26
2026-09-27,Powai,SKU6016,LED Bulb 9W,Household,25,71.5,2.75,2026-09-27
2026-09-27,Thane,SKU1001,Basmati Rice 5kg,Grocery,15,558.14,0.54,2026-09-27
2026-09-27,Thane,SKU1002,Sona Masoori Rice 10kg,Grocery,56,703.12,1.18,2026-09-25
2026-09-27,Thane,SKU1003,Whole Wheat Atta 10kg,Grocery,3,435.21,0.11,2026-09-23
2026-09-27,Thane,SKU1004,Toor Dal 1kg,Grocery,18,147.03,0.64,2026-09-26
2026-09-27,Thane,SKU1005,Moong Dal 1kg,Grocery,14,129.63,0.64,2026-09-27
2026-09-27,Thane,SKU1006,Chana Dal 1kg,Grocery,21,93.74,0.61,2026-09-17
2026-09-27,Thane,SKU1007,Sugar 1kg,Grocery,11,45.12,0.46,2026-09-22
2026-09-27,Thane,SKU1008,Iodised Salt 1kg,Grocery,22,22.96,0.93,2026-09-25
2026-09-27,Thane,SKU1009,Sunflower Oil 1L,Grocery,10,144.69,0.82,2026-09-26
2026-09-27,Thane,SKU1010,Mustard Oil 1L,Grocery,7,170.1,0.21,2026-09-17
2026-09-27,Thane,SKU1011,Poha 500g,Grocery,333,36.0,7.07,2026-09-27
2026-09-27,Thane,SKU1012,Rava 1kg,Grocery,28,50.22,0.68,2026-09-27
2026-09-27,Thane,SKU1013,Turmeric Powder 200g,Grocery,16,41.76,1.29,2026-09-27
2026-09-27,Thane,SKU1014,Red Chilli Powder 200g,Grocery,9,52.56,0.29,2026-09-09
2026-09-27,Thane,SKU1015,Garam Masala 100g,Grocery,0,57.8,0.5,2026-09-25
2026-09-27,Thane,SKU1016,Groundnuts 500g,Grocery,5,78.85,0.07,2026-09-07
2026-09-27,Thane,SKU1017,Kabuli Chana 1kg,Grocery,17,118.15,0.54,2026-09-25
2026-09-27,Thane,SKU1018,Rajma 1kg,Grocery,28,140.25,0.64,2026-09-27
2026-09-27,Thane,SKU1019,Jaggery 1kg,Grocery,51,66.36,4.43,2026-09-26
2026-09-27,Thane,SKU1020,Vermicelli 400g,Grocery,12,32.76,0.5,2026-09-26
2026-09-27,Thane,SKU2001,Instant Noodles 4-pack,FMCG,7,47.04,0.07,2026-09-27
2026-09-27,Thane,SKU2002,Tomato Ketchup 1kg,FMCG,4,109.81,0.0,
2026-09-27,Thane,SKU2003,Corn Flakes 875g,FMCG,20,286.18,0.89,2026-09-26
2026-09-27,Thane,SKU2004,Oats 1kg,FMCG,15,161.19,0.61,2026-09-22
2026-09-27,Thane,SKU2005,Peanut Butter 340g,FMCG,51,137.83,2.96,2026-09-27
2026-09-27,Thane,SKU2006,Mixed Fruit Jam 500g,FMCG,10,116.22,0.64,2026-09-26
2026-09-27,Thane,SKU2007,Glucose Biscuits 800g,FMCG,14,77.4,0.18,2026-09-26
2026-09-27,Thane,SKU2008,Cream Biscuits 300g,FMCG,0,49.8,0.0,
2026-09-27,Thane,SKU2009,Potato Chips 150g,FMCG,13,38.0,0.36,2026-09-23
2026-09-27,Thane,SKU2010,Namkeen Mix 400g,FMCG,10,74.25,0.29,2026-09-25
2026-09-27,Thane,SKU2011,Dark Chocolate 100g,FMCG,14,84.0,0.5,2026-09-20
2026-09-27,Thane,SKU2012,Instant Coffee 100g,FMCG,1252,239.2,19.04,2026-09-27
2026-09-27,Thane,SKU2013,Tea Leaves 500g,FMCG,9,217.3,0.25,2026-09-27
2026-09-27,Thane,SKU2014,Pasta Penne 500g,FMCG,2,85.1,0.0,
2026-09-27,Thane,SKU2015,Soya Chunks 200g,FMCG,94,33.88,2.46,2026-09-27
2026-09-27,Thane,SKU2016,Honey 500g,FMCG,35,189.24,1.5,2026-09-26
2026-09-27,Thane,SKU2017,Pickle Mango 400g,FMCG,68,91.59,0.64,2026-09-27
2026-09-27,Thane,SKU2018,Baking Soda 100g,FMCG,12,17.5,0.39,2026-09-27
2026-09-27,Thane,SKU2019,Custard Powder 100g,FMCG,47,34.56,2.11,2026-09-27
2026-09-27,Thane,SKU2020,Muesli 500g,FMCG,10,256.62,0.54,2026-09-25
2026-09-27,Thane,SKU3001,Sandwich Bread 400g,Bakery,14,35.1,0.86,2026-09-24
2026-09-27,Thane,SKU3002,Brown Bread 400g,Bakery,1,41.8,0.0,
2026-09-27,Thane,SKU3003,Multigrain Bread 400g,Bakery,5,48.1,0.0,2026-07-28
2026-09-27,Thane,SKU3004,Pav 6-pack,Bakery,10,22.5,0.46,2026-09-24
2026-09-27,Thane,SKU3005,Butter Croissant,Bakery,132,34.1,4.57,2026-09-27
2026-09-27,Thane,SKU3006,Chocolate Muffin,Bakery,16,36.0,0.64,2026-09-26
2026-09-27,Thane,SKU3007,Plum Cake 300g,Bakery,624,118.8,17.96,2026-09-27
2026-09-27,Thane,SKU3008,Garlic Bread,Bakery,6,60.8,0.25,2026-09-12
2026-09-27,Thane,SKU3009,Rusk 300g,Bakery,7,51.1,0.39,2026-09-25
2026-09-27,Thane,SKU3010,Fruit Bun,Bakery,10,16.75,0.75,2026-09-20
2026-09-27,Thane,SKU3011,Cheese Danish,Bakery,137,51.85,7.96,2026-09-27
2026-09-27,Thane,SKU3012,Burger Buns 4-pack,Bakery,5,36.0,0.25,2026-09-24
2026-09-27,Thane,SKU3013,Whole Wheat Cookies 250g,Bakery,6,71.5,0.54,2026-09-26
2026-09-27,Thane,SKU3014,Banana Walnut Loaf,Bakery,91,138.6,1.86,2026-09-27
2026-09-27,Thane,SKU3015,Cinnamon Roll,Bakery,15,44.25,0.96,2026-09-24
2026-09-27,Thane,SKU3016,Pizza Base 2-pack,Bakery,20,42.0,0.71,2026-09-25
2026-09-27,Thane,SKU4001,Mineral Water 1L,Beverages,7,15.0,0.21,2026-09-27
2026-09-27,Thane,SKU4002,Orange Juice 1L,Beverages,32,98.75,1.04,2026-09-27
2026-09-27,Thane,SKU4003,Mango Drink 1.2L,Beverages,21,70.2,0.79,2026-09-27
2026-09-27,Thane,SKU4004,Cola 2L,Beverages,8,77.9,0.14,2026-09-26
2026-09-27,Thane,SKU4005,Lemon Soda 750ml,Beverages,0,30.8,1.25,2026-09-27
2026-09-27,Thane,SKU4006,Coconut Water 200ml,Beverages,30,36.0,0.57,2026-09-26
2026-09-27,Thane,SKU4007,Energy Drink 250ml,Beverages,8,85.1,0.14,2026-09-21
2026-09-27,Thane,SKU4008,Cold Coffee 200ml,Beverages,15,38.0,1.25,2026-09-27
2026-09-27,Thane,SKU4009,Buttermilk 500ml,Beverages,28,24.3,0.82,2026-09-26
2026-09-27,Thane,SKU4010,Flavoured Milk 200ml,Beverages,9,28.7,0.25,2026-09-20
2026-09-27,Thane,SKU4011,Green Tea 25 bags,Beverages,13,113.6,2.0,2026-09-27
2026-09-27,Thane,SKU4012,Apple Juice 1L,Beverages,35,106.65,0.39,2026-09-13
2026-09-27,Thane,SKU4013,Soda Water 750ml,Beverages,15,18.25,0.96,2026-09-22
2026-09-27,Thane,SKU4014,Iced Tea 500ml,Beverages,8,45.0,0.39,2026-09-22
2026-09-27,Thane,SKU5001,Herbal Shampoo 340ml,Personal Care,59,178.85,2.14,2026-09-27
2026-09-27,Thane,SKU5002,Anti-dandruff Shampoo 180ml,Personal Care,13,143.28,0.61,2026-09-26
2026-09-27,Thane,SKU5003,Bath Soap 4-pack,Personal Care,9,140.4,0.11,2026-09-14
2026-09-27,Thane,SKU5004,Toothpaste 150g,Personal Care,8,75.24,0.21,2026-09-26
2026-09-27,Thane,SKU5005,Toothbrush Soft,Personal Care,38,26.0,0.79,2026-09-26
2026-09-27,Thane,SKU5006,Face Wash 100ml,Personal Care,14,117.25,1.0,2026-09-25
2026-09-27,Thane,SKU5007,Body Lotion 400ml,Personal Care,20,206.31,0.57,2026-09-25
2026-09-27,Thane,SKU5008,Coconut Hair Oil 500ml,Personal Care,6,145.53,0.32,2026-09-25
2026-09-27,Thane,SKU5009,Hand Wash Refill 750ml,Personal Care,5,81.65,0.18,2026-09-20
2026-09-27,Thane,SKU5010,Deodorant 150ml,Personal Care,4,148.5,0.29,2026-09-14
2026-09-27,Thane,SKU5011,Talcum Powder 300g,Personal Care,14,118.4,0.36,2026-09-22
2026-09-27,Thane,SKU5012,Shaving Foam 200g,Personal Care,16,133.0,0.71,2026-09-27
2026-09-27,Thane,SKU5013,Sanitary Pads 20s,Personal Care,163,142.2,3.46,2026-09-27
2026-09-27,Thane,SKU5014,Lip Balm 4.5g,Personal Care,7,57.0,0.07,2026-09-17
2026-09-27,Thane,SKU5015,Sunscreen SPF50 50ml,Personal Care,160,223.36,2.54,2026-09-27
2026-09-27,Thane,SKU5016,Cotton Buds 100s,Personal Care,12,34.1,0.61,2026-09-23
2026-09-27,Thane,SKU6001,Detergent Powder 4kg,Household,18,414.17,0.57,2026-09-24
2026-09-27,Thane,SKU6002,Liquid Detergent 2L,Household,17,306.99,0.68,2026-09-27
2026-09-27,Thane,SKU6003,Dishwash Bar 3-pack,Household,0,47.4,1.39,2026-09-27
2026-09-27,Thane,SKU6004,Dishwash Gel 750ml,Household,26,110.2,0.82,2026-09-27
2026-09-27,Thane,SKU6005,Floor Cleaner 1L,Household,33,134.25,0.75,2026-09-27
2026-09-27,Thane,SKU6006,Toilet Cleaner 1L,Household,5,117.8,0.64,2026-09-27
2026-09-27,Thane,SKU6007,Glass Cleaner 500ml,Household,0,79.2,2.07,2026-09-27
2026-09-27,Thane,SKU6008,Garbage Bags 30s,Household,12,81.6,0.21,2026-09-20
2026-09-27,Thane,SKU6009,Kitchen Towels 2-roll,Household,32,109.5,1.5,2026-09-27
2026-09-27,Thane,SKU6010,Toilet Rolls 6-pack,Household,21,169.4,1.0,2026-09-27
2026-09-27,Thane,SKU6011,Aluminium Foil 9m,Household,6,73.26,0.43,2026-09-27
2026-09-27,Thane,SKU6012,Scrub Pads 3-pack,Household,3,33.0,0.0,
2026-09-27,Thane,SKU6013,Mosquito Repellent Refill,Household,5,60.35,0.11,2026-09-16
2026-09-27,Thane,SKU6014,Air Freshener 240ml,Household,34,133.33,0.29,2026-09-20
2026-09-27,Thane,SKU6015,Phenyl 1L,Household,9,63.0,0.25,2026-09-26
2026-09-27,Thane,SKU6016,LED Bulb 9W,Household,113,71.5,2.57,2026-09-27
