request_id,branch,department,request_type,priority,created_at,completed_at,status,order_value,assigned_to
REQ-202601238,Thane,Maintenance,Equipment Repair,low,2026-07-01 07:53,,open,17480.0,DM1155
REQ-202603143,Mumbai Central,Merchandising,Planogram Update,medium,2026-07-01 08:33,2026-07-02 12:56,completed,,DM1160
REQ-202600120,Powai,Store Operations,Customer Complaint,medium,2026-07-01 08:41,,in_progress,,DM1195
REQ-202600736,Navi Mumbai,Store Operations,Customer Complaint,high,2026-07-01 09:10,2026-07-01 10:37,completed,,DM1194
REQ-202603093,Thane,IT Support,POS Issue,high,2026-07-01 09:21,2026-07-01 12:00,completed,,DM1226
REQ-202600434,Andheri,IT Support,Access Request,low,2026-07-01 10:01,2026-07-04 11:31,completed,,DM1184
REQ-202600372,Mumbai Central,Maintenance,Facility Issue,critical,2026-07-01 10:17,2026-07-01 13:16,completed,,DM1180
REQ-202601370,Andheri,HR,Payroll Query,medium,2026-07-01 10:31,2026-07-02 13:21,completed,,DM1051
REQ-202600321,Powai,Merchandising,Planogram Update,high,2026-07-01 10:56,,in_progress,,DM1197
REQ-202602904,Thane,Merchandising,Promotion Setup,critical,2026-07-01 11:17,2026-07-01 13:23,completed,,DM1132
REQ-202600637,Mumbai Central,IT Support,Access Request,low,2026-07-01 11:44,,in_progress,,DM1079
REQ-202601179,Mumbai Central,Store Operations,Stock Transfer,high,2026-07-01 11:48,2026-07-01 13:27,completed,60080.0,DM1034
REQ-202603200,Andheri,Store Operations,Shelf Replenishment,high,2026-07-01 12:03,2026-07-01 15:47,completed,,DM1132
REQ-202603142,Thane,HR,Payroll Query,medium,2026-07-01 12:05,2026-07-02 11:30,completed,,DM1088
REQ-202601596,Thane,Store Operations,Shelf Replenishment,critical,2026-07-01 12:18,2026-07-01 14:09,completed,,DM1235
REQ-202601636,Navi Mumbai,Store Operations,Stock Transfer,low,2026-07-01 12:55,,in_progress,18680.0,DM1196
REQ-202601890,Navi Mumbai,Store Operations,Stock Transfer,medium,2026-07-01 12:58,2026-07-02 10:57,completed,18990.0,DM1176
REQ-202602906,Mumbai Central,Finance,Vendor Payment Query,critical,2026-07-01 13:25,,cancelled,,DM1183
REQ-202600028,Andheri,Store Operations,Customer Complaint,low,2026-07-01 13:30,2026-07-08 08:32,completed,,DM1061
REQ-202603165,Mumbai Central,Store Operations,Stock Transfer,low,2026-07-01 13:54,2026-07-03 09:07,completed,42120.0,DM1042
REQ-202600236,Powai,Finance,Vendor Payment Query,high,2026-07-01 14:03,2026-07-01 15:45,completed,,DM1178
REQ-202603196,Powai,Store Operations,Shelf Replenishment,critical,2026-07-01 14:07,2026-07-01 16:03,completed,,DM1044
REQ-202600895,Andheri,Store Operations,Customer Complaint,high,2026-07-01 14:21,2026-07-02 08:46,completed,,DM1127
REQ-202601015,Powai,HR,Leave Query,low,2026-07-01 14:21,2026-07-06 09:38,completed,,DM1125
REQ-202602895,Navi Mumbai,IT Support,POS Issue,low,2026-07-01 14:28,2026-07-06 13:57,completed,,DM1097
REQ-202600891,Powai,Store Operations,Stock Transfer,medium,2026-07-01 14:33,2026-07-02 13:24,completed,14960.0,DM1087
REQ-202600649,Powai,Finance,Purchase Request,high,2026-07-01 15:24,2026-07-02 10:10,completed,395707.0,DM1200
REQ-202603167,Mumbai Central,HR,Onboarding,medium,2026-07-01 15:45,,cancelled,,DM1186
REQ-202600852,Powai,Store Operations,Shelf Replenishment,high,2026-07-01 15:46,2026-07-02 08:14,completed,,DM1095
REQ-202600022,Mumbai Central,Store Operations,Stock Transfer,medium,2026-07-01 16:21,2026-07-02 09:29,completed,8160.0,DM1192
REQ-202601676,Thane,Store Operations,Stock Transfer,low,2026-07-01 16:45,2026-07-03 14:37,completed,51550.0,DM1134
REQ-202601755,Mumbai Central,Merchandising,Planogram Update,medium,2026-07-01 17:48,2026-07-02 12:40,completed,,DM1016
REQ-202600091,Thane,Maintenance,Facility Issue,medium,2026-07-01 18:26,2026-07-02 10:56,completed,,DM1109
REQ-202602961,Mumbai Central,IT Support,Network Issue,critical,2026-07-01 19:40,2026-07-02 08:52,completed,,DM1230
REQ-202602326,Powai,Maintenance,Equipment Repair,low,2026-07-01 21:52,,in_progress,21770.0,DM1017
REQ-202601712,Andheri,Finance,Vendor Payment Query,high,2026-07-02 06:12,2026-07-02 10:14,completed,,DM1073
REQ-202600644,Andheri,Finance,Purchase Request,medium,2026-07-02 07:01,2026-07-02 11:31,completed,39140.0,DM1141
REQ-202602229,Navi Mumbai,Maintenance,Facility Issue,critical,2026-07-02 08:15,2026-07-02 09:01,completed,,DM1108
REQ-202600675,Andheri,Maintenance,Equipment Repair,medium,2026-07-02 08:16,2026-07-04 16:54,completed,3350.0,DM1128
REQ-202600797,Navi Mumbai,IT Support,Network Issue,high,2026-07-02 09:17,2026-07-02 12:49,completed,,DM1132
REQ-202602784,Mumbai Central,IT Support,Network Issue,medium,2026-07-02 09:40,2026-07-03 08:33,completed,,DM1044
REQ-202600212,Thane,Finance,Petty Cash Claim,low,2026-07-02 10:30,2026-07-03 08:43,completed,8010.0,DM1082
REQ-202600446,Thane,Store Operations,Shelf Replenishment,low,2026-07-02 10:46,2026-07-02 15:04,completed,,DM1181
REQ-202601815,Mumbai Central,IT Support,POS Issue,medium,2026-07-02 11:30,,cancelled,,DM1188
REQ-202602475,Mumbai Central,Maintenance,Facility Issue,high,2026-07-02 11:44,,open,,DM1162
REQ-202602414,Powai,Store Operations,Shelf Replenishment,medium,2026-07-02 12:30,2026-07-02 15:34,completed,,DM1141
REQ-202600030,Navi Mumbai,Finance,Vendor Payment Query,low,2026-07-02 12:31,2026-07-03 16:41,completed,,DM1063
REQ-202602667,Powai,Maintenance,Equipment Repair,high,2026-07-02 12:41,,in_progress,12380.0,DM1232
REQ-202600094,Thane,Store Operations,Stock Transfer,medium,2026-07-02 12:48,,open,19980.0,DM1156
REQ-202601776,Navi Mumbai,Merchandising,Promotion Setup,high,2026-07-02 13:54,2026-07-02 15:00,completed,,DM1048
REQ-202602438,Powai,IT Support,Network Issue,critical,2026-07-02 15:01,2026-07-02 16:24,completed,,DM1130
REQ-202600294,Navi Mumbai,Store Operations,Shelf Replenishment,medium,2026-07-02 15:38,2026-07-03 12:46,completed,,DM1040
REQ-202600863,Andheri,IT Support,Network Issue,low,2026-07-02 16:22,2026-07-06 12:27,completed,,DM1150
REQ-202602224,Powai,Store Operations,Customer Complaint,medium,2026-07-02 16:27,2026-07-03 12:16,completed,,DM1238
REQ-202601302,Thane,HR,Leave Query,high,2026-07-02 16:34,2026-07-03 09:48,completed,,DM1191
REQ-202602988,Andheri,Store Operations,Customer Complaint,low,2026-07-02 16:34,2026-07-08 08:49,completed,,DM1065
REQ-202602330,Thane,Merchandising,Planogram Update,medium,2026-07-02 16:40,2026-07-03 15:54,completed,,DM1010
REQ-202600355,Andheri,HR,Leave Query,medium,2026-07-02 21:39,2026-07-04 10:35,completed,,DM1128
REQ-202602848,Navi Mumbai,IT Support,POS Issue,high,2026-07-03 08:34,2026-07-03 11:27,completed,,DM1105
REQ-202600163,Andheri,Merchandising,Price Change,low,2026-07-03 08:47,2026-07-07 11:09,completed,,DM1034
REQ-202601783,Andheri,IT Support,Network Issue,high,2026-07-03 08:56,,in_progress,,DM1179
REQ-202600487,Navi Mumbai,Finance,Petty Cash Claim,medium,2026-07-03 08:59,2026-07-04 10:07,completed,34880.0,DM1024
REQ-202602499,Andheri,Merchandising,Price Change,medium,2026-07-03 09:02,2026-07-03 13:41,completed,,DM1212
REQ-202601928,Navi Mumbai,HR,Payroll Query,low,2026-07-03 09:29,2026-07-04 14:23,completed,,DM1153
REQ-202600574,Powai,Store Operations,Stock Transfer,high,2026-07-03 09:37,2026-07-03 11:28,completed,25240.0,DM1051
REQ-202602290,Thane,Merchandising,Price Change,high,2026-07-03 10:08,2026-07-03 11:19,completed,,DM1190
REQ-202603132,Navi Mumbai,Merchandising,Planogram Update,medium,2026-07-03 10:31,2026-07-03 16:07,completed,,DM1235
REQ-202601401,Mumbai Central,Store Operations,Stock Transfer,critical,2026-07-03 10:33,,in_progress,11590.0,DM1042
REQ-202602769,Navi Mumbai,Store Operations,Shelf Replenishment,low,2026-07-03 10:39,2026-07-09 16:50,completed,,DM1117
REQ-202601667,Mumbai Central,Finance,Petty Cash Claim,high,2026-07-03 11:06,2026-07-03 13:28,completed,15750.0,DM1069
REQ-202601245,Navi Mumbai,IT Support,Access Request,medium,2026-07-03 11:11,2026-07-04 08:12,completed,,DM1110
REQ-202601695,Powai,Merchandising,Planogram Update,medium,2026-07-03 11:20,,open,,DM1142
REQ-202601648,Mumbai Central,Store Operations,Shelf Replenishment,low,2026-07-03 11:37,2026-07-06 09:36,completed,,DM1002
REQ-202601603,Powai,IT Support,Network Issue,high,2026-07-03 11:41,2026-07-04 10:40,completed,,DM1039
REQ-202603124,Mumbai Central,Store Operations,Customer Complaint,high,2026-07-03 11:42,2026-07-04 09:19,completed,,DM1194
REQ-202601376,Navi Mumbai,HR,Onboarding,medium,2026-07-03 11:51,2026-07-04 12:30,completed,,DM1144
REQ-202602549,Andheri,Store Operations,Shelf Replenishment,low,2026-07-03 13:27,2026-07-07 08:00,completed,,DM1142
REQ-202601714,Mumbai Central,Merchandising,Planogram Update,low,2026-07-03 13:35,2026-07-07 10:21,completed,,DM1077
REQ-202600054,Andheri,Store Operations,Shelf Replenishment,medium,2026-07-03 13:37,2026-07-04 08:07,completed,,DM1134
REQ-202602719,Andheri,Maintenance,Facility Issue,high,2026-07-03 13:46,2026-07-03 14:52,completed,,DM1099
REQ-202600404,Mumbai Central,Finance,Vendor Payment Query,medium,2026-07-03 14:38,2026-07-04 10:29,completed,,DM1223
REQ-202602313,Thane,IT Support,POS Issue,high,2026-07-03 15:05,2026-07-04 09:21,completed,,DM1206
REQ-202601782,Navi Mumbai,Finance,Vendor Payment Query,high,2026-07-03 15:21,2026-07-04 08:36,completed,,DM1232
REQ-202602277,Navi Mumbai,IT Support,Access Request,low,2026-07-03 15:22,2026-07-11 08:35,completed,,DM1226
REQ-202600142,Powai,Store Operations,Stock Transfer,medium,2026-07-03 15:40,2026-07-04 12:56,completed,14270.0,DM1236
REQ-202601441,Andheri,Merchandising,Promotion Setup,medium,2026-07-03 16:03,2026-07-04 11:17,completed,,DM1180
REQ-202601337,Navi Mumbai,HR,Onboarding,high,2026-07-03 16:27,2026-07-04 09:45,completed,,DM1126
REQ-202603008,Navi Mumbai,IT Support,Network Issue,high,2026-07-03 16:30,2026-07-04 08:54,completed,,DM1105
REQ-202602444,Andheri,Merchandising,Planogram Update,medium,2026-07-03 16:31,2026-07-04 12:58,completed,,DM1204
REQ-202602299,Andheri,IT Support,POS Issue,high,2026-07-03 16:38,2026-07-04 13:42,completed,,DM1233
REQ-202601460,Andheri,Maintenance,Equipment Repair,medium,2026-07-03 16:39,2026-07-04 14:48,completed,48050.0,DM1003
REQ-202600679,Navi Mumbai,Store Operations,Stock Transfer,medium,2026-07-03 17:58,2026-07-04 13:17,completed,10740.0,DM1128
REQ-202602483,Andheri,IT Support,POS Issue,medium,2026-07-03 19:29,2026-07-04 09:44,completed,,DM1236
REQ-202600411,Mumbai Central,Maintenance,Refrigeration Fault,low,2026-07-03 20:54,2026-07-06 12:19,completed,,DM1226
REQ-202603041,Andheri,Merchandising,Promotion Setup,low,2026-07-03 20:57,2026-07-07 10:10,completed,,DM1203
REQ-202602328,Thane,Store Operations,Customer Complaint,low,2026-07-03 21:48,2026-07-06 10:37,completed,,DM1096
REQ-202602611,Navi Mumbai,Store Operations,Stock Transfer,critical,2026-07-04 06:30,2026-07-04 08:36,completed,3310.0,DM1161
REQ-202600787,Andheri,Finance,Purchase Request,low,2026-07-04 08:45,2026-07-07 13:35,completed,6960.0,DM1015
REQ-202602225,Navi Mumbai,IT Support,Network Issue,low,2026-07-04 08:55,2026-07-04 14:40,completed,,DM1158
REQ-202601108,Powai,Store Operations,Customer Complaint,medium,2026-07-04 09:24,2026-07-06 08:01,completed,,DM1199
REQ-202602510,Andheri,Finance,Vendor Payment Query,medium,2026-07-04 09:35,2026-07-04 12:58,completed,,DM1123
REQ-202600858,Powai,Store Operations,Stock Transfer,critical,2026-07-04 09:55,2026-07-04 11:48,completed,7800.0,DM1047
REQ-202602580,Thane,Merchandising,Promotion Setup,critical,2026-07-04 10:02,2026-07-04 11:17,completed,,DM1113
REQ-202602129,Powai,Store Operations,Customer Complaint,low,2026-07-04 10:15,,cancelled,,DM1207
REQ-202601204,Andheri,Store Operations,Customer Complaint,low,2026-07-04 10:24,2026-07-06 14:54,completed,,DM1101
REQ-202602399,Andheri,Store Operations,Stock Transfer,medium,2026-07-04 10:43,,open,18920.0,DM1225
REQ-202602987,Andheri,IT Support,Network Issue,low,2026-07-04 10:43,2026-07-06 11:43,completed,,DM1125
REQ-202603069,Mumbai Central,Finance,Vendor Payment Query,high,2026-07-04 11:35,2026-07-04 13:23,completed,,DM1161
REQ-202602978,Mumbai Central,Store Operations,Stock Transfer,high,2026-07-04 11:49,2026-07-04 13:42,completed,220419.0,DM1142
REQ-202602293,Thane,IT Support,POS Issue,low,2026-07-04 11:54,,cancelled,,DM1228
REQ-202602840,Powai,Store Operations,Shelf Replenishment,medium,2026-07-04 12:03,,in_progress,,DM1096
REQ-202602155,Thane,Maintenance,Facility Issue,low,2026-07-04 12:33,2026-07-08 13:26,completed,,DM1170
REQ-202602576,Powai,IT Support,Network Issue,medium,2026-07-04 12:41,,open,,DM1066
REQ-202600134,Powai,Store Operations,Shelf Replenishment,medium,2026-07-04 13:15,2026-07-06 12:01,completed,,DM1081
REQ-202601205,Andheri,IT Support,POS Issue,medium,2026-07-04 13:16,2026-07-06 09:23,completed,,DM1098
REQ-202601053,Powai,Finance,Petty Cash Claim,medium,2026-07-04 13:36,,in_progress,14670.0,DM1136
REQ-202600001,Navi Mumbai,Merchandising,Promotion Setup,medium,2026-07-04 13:46,2026-07-06 08:38,completed,,DM1222
REQ-202601295,Navi Mumbai,Merchandising,Price Change,high,2026-07-04 14:09,,in_progress,,DM1062
REQ-202601200,Thane,Merchandising,Promotion Setup,medium,2026-07-04 14:23,2026-07-07 12:09,completed,,DM1146
REQ-202601683,Powai,Maintenance,Facility Issue,critical,2026-07-04 14:31,2026-07-04 15:54,completed,,DM1064
REQ-202602764,Navi Mumbai,Merchandising,Planogram Update,high,2026-07-04 16:00,2026-07-06 11:12,completed,,DM1157
REQ-202600162,Thane,Store Operations,Stock Transfer,critical,2026-07-04 16:13,2026-07-06 08:35,completed,34390.0,DM1163
REQ-202601437,Andheri,IT Support,Access Request,medium,2026-07-04 16:13,,open,,DM1204
REQ-202602676,Mumbai Central,Store Operations,Customer Complaint,critical,2026-07-04 16:16,2026-07-06 08:04,completed,,DM1240
REQ-202601565,Powai,Finance,Purchase Request,critical,2026-07-04 16:34,2026-07-06 08:12,completed,1880.0,DM1201
REQ-202602038,Thane,Store Operations,Stock Transfer,medium,2026-07-04 19:30,2026-07-06 13:22,completed,18430.0,DM1033
REQ-202600383,Thane,Finance,Vendor Payment Query,low,2026-07-04 20:05,2026-07-07 09:47,completed,,DM1056
REQ-202601340,Mumbai Central,Merchandising,Price Change,critical,2026-07-04 21:51,2026-07-06 08:37,completed,,DM1227
REQ-202600982,Andheri,Merchandising,Promotion Setup,critical,2026-07-05 06:19,2026-07-06 08:31,completed,,DM1190
REQ-202602362,Thane,IT Support,Network Issue,medium,2026-07-05 06:19,2026-07-06 11:20,completed,,DM1094
REQ-202601442,Powai,IT Support,POS Issue,high,2026-07-05 07:26,2026-07-06 10:22,completed,,DM1188
REQ-202600900,Powai,Maintenance,Refrigeration Fault,high,2026-07-05 07:30,2026-07-06 09:16,completed,,DM1129
REQ-202603026,Navi Mumbai,Finance,Petty Cash Claim,medium,2026-07-05 07:55,2026-07-07 15:08,completed,26420.0,DM1090
REQ-202601031,Andheri,Maintenance,Refrigeration Fault,low,2026-07-05 08:24,,in_progress,,DM1233
REQ-202600183,Mumbai Central,Store Operations,Customer Complaint,high,2026-07-05 09:09,2026-07-06 13:32,completed,,DM1115
REQ-202602815,Thane,Store Operations,Shelf Replenishment,low,2026-07-05 09:11,,cancelled,,DM1049
REQ-202600705,Andheri,Store Operations,Customer Complaint,high,2026-07-05 09:22,,cancelled,,DM1025
REQ-202601998,Powai,IT Support,Network Issue,medium,2026-07-05 09:25,2026-07-06 13:17,completed,,DM1065
REQ-202600527,Mumbai Central,Finance,Vendor Payment Query,low,2026-07-05 09:42,2026-07-06 16:33,completed,,DM1098
REQ-202600319,Powai,IT Support,Network Issue,medium,2026-07-05 10:19,2026-07-09 08:51,completed,,DM1142
REQ-202601209,Thane,Store Operations,Customer Complaint,medium,2026-07-05 11:06,2026-07-06 10:22,completed,,DM1069
REQ-202600879,Powai,Maintenance,Facility Issue,medium,2026-07-05 12:28,,cancelled,,DM1135
REQ-202602553,Navi Mumbai,Store Operations,Shelf Replenishment,high,2026-07-05 12:45,,open,,DM1048
REQ-202600097,Andheri,Store Operations,Stock Transfer,medium,2026-07-05 12:51,2026-07-06 14:23,completed,4480.0,DM1058
REQ-202602367,Mumbai Central,Merchandising,Planogram Update,high,2026-07-05 13:05,2026-07-06 09:02,completed,,DM1074
REQ-202602966,Thane,Merchandising,Promotion Setup,medium,2026-07-05 13:08,2026-07-07 08:35,completed,,DM1117
REQ-202602083,Mumbai Central,HR,Leave Query,high,2026-07-05 13:15,2026-07-06 10:34,completed,,DM1210
REQ-202602552,Andheri,Store Operations,Stock Transfer,medium,2026-07-05 13:18,2026-07-06 12:17,completed,12530.0,DM1092
REQ-202600214,Navi Mumbai,IT Support,Access Request,medium,2026-07-05 13:20,,in_progress,,DM1207
REQ-202602749,Powai,Finance,Purchase Request,high,2026-07-05 13:22,2026-07-06 09:41,completed,45690.0,DM1121
REQ-202601318,Mumbai Central,Store Operations,Shelf Replenishment,low,2026-07-05 13:37,2026-07-08 08:25,completed,,DM1225
REQ-202602342,Thane,Merchandising,Promotion Setup,high,2026-07-05 13:42,,in_progress,,DM1160
REQ-202600822,Navi Mumbai,Merchandising,Promotion Setup,medium,2026-07-05 13:49,2026-07-06 10:44,completed,,DM1187
REQ-202601822,Andheri,Maintenance,Facility Issue,high,2026-07-05 14:11,2026-07-06 10:12,completed,,DM1148
REQ-202603156,Mumbai Central,Store Operations,Shelf Replenishment,medium,2026-07-05 14:22,2026-07-06 15:59,completed,,DM1220
REQ-202603111,Thane,Store Operations,Shelf Replenishment,medium,2026-07-05 14:58,2026-07-06 11:14,completed,,DM1137
REQ-202601366,Mumbai Central,Maintenance,Equipment Repair,high,2026-07-05 15:34,2026-07-06 09:28,completed,23250.0,DM1024
REQ-202602804,Navi Mumbai,Store Operations,Stock Transfer,medium,2026-07-05 15:43,2026-07-06 15:27,completed,22440.0,DM1160
REQ-202601727,Andheri,Store Operations,Shelf Replenishment,medium,2026-07-05 15:59,2026-07-06 12:30,completed,,DM1095
REQ-202600935,Powai,IT Support,Access Request,medium,2026-07-05 21:19,2026-07-06 11:46,completed,,DM1221
REQ-202602434,Powai,Merchandising,Price Change,medium,2026-07-06 06:47,2026-07-06 12:42,completed,,DM1214
REQ-202602780,Mumbai Central,Store Operations,Stock Transfer,low,2026-07-06 06:54,2026-07-06 16:08,completed,71370.0,DM1135
REQ-202602936,Powai,Store Operations,Shelf Replenishment,critical,2026-07-06 07:23,2026-07-06 09:51,completed,,DM1081
REQ-202600810,Powai,Store Operations,Customer Complaint,medium,2026-07-06 07:40,2026-07-06 09:51,completed,,DM1151
REQ-202602571,Thane,Store Operations,Shelf Replenishment,low,2026-07-06 09:01,2026-07-07 15:30,completed,,DM1173
REQ-202601762,Mumbai Central,HR,Leave Query,high,2026-07-06 09:06,2026-07-06 12:41,completed,,DM1175
REQ-202602964,Thane,Store Operations,Customer Complaint,high,2026-07-06 09:17,2026-07-07 11:33,completed,,DM1117
REQ-202601141,Thane,Store Operations,Customer Complaint,medium,2026-07-06 09:40,,open,,DM1062
REQ-202600470,Powai,Store Operations,Shelf Replenishment,high,2026-07-06 09:43,,in_progress,,DM1061
REQ-202600531,Mumbai Central,Merchandising,Price Change,low,2026-07-06 12:04,2026-07-07 14:08,completed,,DM1028
REQ-202601902,Navi Mumbai,Store Operations,Stock Transfer,low,2026-07-06 12:09,2026-07-10 11:14,completed,4280.0,DM1053
REQ-202601432,Mumbai Central,IT Support,Access Request,medium,2026-07-06 12:44,,in_progress,,DM1216
REQ-202602693,Powai,Store Operations,Stock Transfer,medium,2026-07-06 13:20,2026-07-06 10:20,completed,189780.0,DM1021
REQ-202601038,Mumbai Central,Merchandising,Planogram Update,medium,2026-07-06 13:27,2026-07-07 13:29,completed,,DM1101
REQ-202601190,Navi Mumbai,Store Operations,Stock Transfer,medium,2026-07-06 13:46,2026-07-06 16:58,completed,27820.0,DM1026
REQ-202602929,Powai,Maintenance,Refrigeration Fault,low,2026-07-06 13:46,2026-07-09 12:10,completed,,DM1161
REQ-202600216,Thane,Store Operations,Shelf Replenishment,low,2026-07-06 13:48,,in_progress,,DM1012
REQ-202602633,Thane,Finance,Purchase Request,medium,2026-07-06 13:58,2026-07-07 10:42,completed,8420.0,DM1017
REQ-202602617,Powai,Merchandising,Planogram Update,low,2026-07-06 14:17,2026-07-11 09:49,completed,,DM1098
REQ-202600260,Thane,Store Operations,Customer Complaint,critical,2026-07-06 14:28,2026-07-06 16:03,completed,,DM1041
REQ-202601959,Navi Mumbai,Merchandising,Promotion Setup,medium,2026-07-06 15:02,,in_progress,,DM1225
REQ-202602594,Navi Mumbai,Store Operations,Stock Transfer,low,2026-07-06 15:06,2026-07-07 16:37,completed,7080.0,DM1025
REQ-202601344,Andheri,Store Operations,Stock Transfer,medium,2026-07-06 15:08,2026-07-07 13:11,completed,18290.0,DM1098
REQ-202602659,Powai,Store Operations,Stock Transfer,medium,2026-07-06 15:10,2026-07-07 12:56,completed,16130.0,DM1169
REQ-202602542,Mumbai Central,Store Operations,Shelf Replenishment,medium,2026-07-06 15:26,2026-07-07 08:37,completed,,DM1069
REQ-202601996,Mumbai Central,Store Operations,Customer Complaint,high,2026-07-06 15:34,2026-07-07 10:18,completed,,DM1072
REQ-202602067,Thane,HR,Leave Query,high,2026-07-06 16:04,,open,,DM1212
REQ-202602040,Navi Mumbai,Maintenance,Refrigeration Fault,critical,2026-07-06 16:20,,open,,DM1046
REQ-202600078,Mumbai Central,Store Operations,Shelf Replenishment,high,2026-07-06 16:21,2026-07-07 12:22,completed,,DM1221
REQ-202602310,Mumbai Central,Store Operations,Shelf Replenishment,medium,2026-07-06 16:36,2026-07-07 13:57,completed,,DM1121
REQ-202601512,Andheri,Merchandising,Planogram Update,high,2026-07-06 16:51,2026-07-07 08:31,completed,,DM1010
REQ-202602748,Andheri,IT Support,Access Request,medium,2026-07-06 16:52,2026-07-07 16:45,completed,,DM1038
REQ-202600916,Powai,Merchandising,Price Change,high,2026-07-06 16:59,,open,,DM1023
REQ-202600070,Thane,Merchandising,Price Change,high,2026-07-06 19:45,,cancelled,,DM1111
REQ-202601553,Thane,Store Operations,Customer Complaint,low,2026-07-07 06:10,2026-07-08 08:16,completed,,DM1011
REQ-202602199,Powai,Store Operations,Shelf Replenishment,low,2026-07-07 06:29,2026-07-14 12:41,completed,,DM1121
REQ-202601682,Andheri,Merchandising,Promotion Setup,high,2026-07-07 08:07,2026-07-07 09:31,completed,,DM1058
REQ-202601744,Thane,IT Support,Network Issue,low,2026-07-07 08:20,2026-07-08 09:03,completed,,DM1098
REQ-202602259,Andheri,Store Operations,Stock Transfer,medium,2026-07-07 08:48,2026-07-07 12:03,completed,39680.0,DM1065
REQ-202601321,Thane,IT Support,Access Request,medium,2026-07-07 09:29,2026-07-07 14:02,completed,,DM1062
REQ-202602918,Andheri,IT Support,POS Issue,medium,2026-07-07 09:34,,in_progress,,DM1229
REQ-202601845,Andheri,Store Operations,Customer Complaint,medium,2026-07-07 09:35,2026-07-07 11:33,completed,,DM1007
REQ-202601257,Powai,Maintenance,Facility Issue,medium,2026-07-07 09:54,2026-07-08 08:14,completed,,DM1110
REQ-202600748,Thane,IT Support,Access Request,low,2026-07-07 10:12,2026-07-08 15:43,completed,,DM1174
REQ-202602971,Navi Mumbai,Store Operations,Customer Complaint,medium,2026-07-07 10:14,2026-07-08 08:22,completed,,DM1101
REQ-202600258,Mumbai Central,Store Operations,Customer Complaint,low,2026-07-07 10:29,2026-07-10 10:28,completed,,DM1107
REQ-202602320,Mumbai Central,Finance,Vendor Payment Query,medium,2026-07-07 11:10,2026-07-07 14:35,completed,,DM1018
REQ-202602558,Andheri,HR,Leave Query,low,2026-07-07 11:23,,open,,DM1029
REQ-202601467,Thane,Store Operations,Stock Transfer,medium,2026-07-07 11:28,2026-07-07 14:22,completed,4500.0,DM1130
REQ-202602033,Powai,HR,Leave Query,high,2026-07-07 11:40,,in_progress,,DM1106
REQ-202602255,Powai,IT Support,Network Issue,high,2026-07-07 12:06,2026-07-07 14:39,completed,,DM1026
REQ-202601713,Mumbai Central,Maintenance,Refrigeration Fault,medium,2026-07-07 12:23,2026-07-08 08:13,completed,,DM1157
REQ-202602007,Thane,Store Operations,Stock Transfer,low,2026-07-07 12:27,2026-07-08 12:14,completed,52410.0,DM1238
REQ-202603038,Powai,Store Operations,Customer Complaint,medium,2026-07-07 12:32,2026-07-08 08:04,completed,,DM1027
REQ-202600012,Navi Mumbai,Store Operations,Shelf Replenishment,high,2026-07-07 13:10,,cancelled,,DM1042
REQ-202602015,Thane,Merchandising,Promotion Setup,medium,2026-07-07 13:45,2026-07-08 13:14,completed,,DM1215
REQ-202600712,Thane,Finance,Purchase Request,medium,2026-07-07 14:47,2026-07-07 16:31,completed,383980.0,DM1218
REQ-202600967,Mumbai Central,Store Operations,Customer Complaint,medium,2026-07-07 15:18,2026-07-08 11:56,completed,,DM1028
REQ-202600313,Mumbai Central,IT Support,Network Issue,critical,2026-07-07 16:11,2026-07-08 10:27,completed,,DM1132
REQ-202602246,Navi Mumbai,HR,Payroll Query,medium,2026-07-07 16:15,2026-07-08 12:24,completed,,DM1091
REQ-202601589,Andheri,Store Operations,Customer Complaint,low,2026-07-07 16:21,2026-07-08 12:36,completed,,DM1175
REQ-202602196,Thane,HR,Payroll Query,medium,2026-07-07 16:27,,open,,DM1097
REQ-202600233,Andheri,IT Support,Network Issue,low,2026-07-07 16:44,2026-07-11 10:03,completed,,DM1136
REQ-202603098,Andheri,IT Support,Network Issue,low,2026-07-07 16:51,2026-07-09 09:11,completed,,DM1235
REQ-202602629,Mumbai Central,IT Support,Access Request,critical,2026-07-07 17:16,2026-07-08 10:00,completed,,DM1122
REQ-202602442,Thane,IT Support,Network Issue,medium,2026-07-07 18:16,2026-07-08 11:13,completed,,DM1026
REQ-202603040,Andheri,IT Support,POS Issue,low,2026-07-07 20:39,2026-07-10 10:32,completed,,DM1166
REQ-202602996,Powai,Merchandising,Promotion Setup,high,2026-07-07 20:50,2026-07-08 10:11,completed,,DM1121
REQ-202602959,Powai,Maintenance,Refrigeration Fault,medium,2026-07-07 21:37,2026-07-08 09:48,completed,,DM1053
REQ-202601550,Powai,IT Support,Network Issue,low,2026-07-08 06:03,2026-07-10 10:32,completed,,DM1079
REQ-202600764,Mumbai Central,IT Support,Access Request,critical,2026-07-08 06:34,2026-07-08 10:19,completed,,DM1106
REQ-202602883,Navi Mumbai,Store Operations,Shelf Replenishment,medium,2026-07-08 06:35,2026-07-09 08:47,completed,,DM1070
REQ-202602981,Thane,Maintenance,Equipment Repair,high,2026-07-08 08:12,2026-07-08 10:27,completed,3300.0,DM1213
REQ-202600457,Thane,HR,Payroll Query,medium,2026-07-08 08:19,2026-07-08 12:15,completed,,DM1058
REQ-202600654,Mumbai Central,Merchandising,Planogram Update,medium,2026-07-08 08:20,2026-07-08 09:53,completed,,DM1232
REQ-202602458,Thane,Merchandising,Planogram Update,critical,2026-07-08 08:33,2026-07-08 08:48,completed,,DM1141
REQ-202600564,Thane,Store Operations,Shelf Replenishment,medium,2026-07-08 09:11,2026-07-08 12:49,completed,,DM1019
REQ-202600730,Andheri,Merchandising,Planogram Update,low,2026-07-08 09:33,2026-07-10 09:39,completed,,DM1226
REQ-202600035,Navi Mumbai,Store Operations,Customer Complaint,high,2026-07-08 09:49,2026-07-08 12:12,completed,,DM1004
REQ-202600518,Powai,HR,Payroll Query,low,2026-07-08 10:17,2026-07-16 12:02,completed,,DM1237
REQ-202602511,Powai,Finance,Petty Cash Claim,medium,2026-07-08 10:51,2026-07-08 12:52,completed,12340.0,DM1007
REQ-202601946,Navi Mumbai,Store Operations,Shelf Replenishment,critical,2026-07-08 11:29,2026-07-08 12:52,completed,,DM1151
REQ-202601616,Andheri,Maintenance,Refrigeration Fault,medium,2026-07-08 11:32,2026-07-08 15:50,completed,,DM1020
REQ-202602873,Thane,Merchandising,Promotion Setup,medium,2026-07-08 12:51,2026-07-08 13:57,completed,,DM1036
REQ-202600987,Navi Mumbai,Store Operations,Shelf Replenishment,high,2026-07-08 13:00,2026-07-08 14:43,completed,,DM1038
REQ-202600297,Andheri,Finance,Vendor Payment Query,low,2026-07-08 13:21,2026-07-09 13:07,completed,,DM1116
REQ-202602074,Mumbai Central,Maintenance,Facility Issue,low,2026-07-08 13:21,2026-07-16 15:10,completed,,DM1193
REQ-202601503,Andheri,IT Support,Access Request,low,2026-07-08 13:22,2026-07-10 13:13,completed,,DM1064
REQ-202603083,Thane,IT Support,Network Issue,medium,2026-07-08 13:24,2026-07-08 15:00,completed,,DM1038
REQ-202600684,Powai,Merchandising,Price Change,low,2026-07-08 15:29,2026-07-11 12:05,completed,,DM1023
REQ-202602421,Navi Mumbai,Merchandising,Price Change,high,2026-07-08 15:29,2026-07-09 09:22,completed,,DM1196
REQ-202601633,Powai,Finance,Petty Cash Claim,medium,2026-07-08 15:51,2026-07-10 09:26,completed,178170.0,DM1163
REQ-202601229,Andheri,Store Operations,Stock Transfer,low,2026-07-08 16:09,2026-07-13 08:52,completed,14000.0,DM1153
REQ-202603018,Powai,Store Operations,Customer Complaint,low,2026-07-08 16:13,,cancelled,,DM1054
REQ-202600462,Thane,Merchandising,Promotion Setup,critical,2026-07-08 16:17,2026-07-09 08:31,completed,,DM1180
REQ-202602437,Mumbai Central,HR,Payroll Query,low,2026-07-08 16:20,2026-07-10 12:39,completed,,DM1157
REQ-202602171,Andheri,Maintenance,Equipment Repair,medium,2026-07-08 16:47,2026-07-09 11:22,completed,91170.0,DM1071
REQ-202600174,Thane,Store Operations,Customer Complaint,high,2026-07-09 06:03,2026-07-09 09:50,completed,,DM1053
REQ-202600171,Thane,IT Support,Network Issue,high,2026-07-09 06:11,2026-07-09 10:42,completed,,DM1006
REQ-202601157,Thane,Merchandising,Promotion Setup,medium,2026-07-09 06:14,2026-07-10 08:05,completed,,DM1165
REQ-202602178,Navi Mumbai,Store Operations,Shelf Replenishment,medium,2026-07-09 06:20,2026-07-09 16:13,completed,,DM1165
REQ-202602102,Navi Mumbai,Store Operations,Shelf Replenishment,critical,2026-07-09 06:58,2026-07-09 09:09,completed,,DM1168
REQ-202600352,Thane,HR,Payroll Query,medium,2026-07-09 07:08,2026-07-09 10:56,completed,,DM1202
REQ-202600850,Navi Mumbai,Finance,Purchase Request,low,2026-07-09 07:46,2026-07-09 13:49,completed,21310.0,DM1057
REQ-202601371,Thane,Merchandising,Planogram Update,low,2026-07-09 08:10,2026-07-13 13:26,completed,,DM1032
REQ-202601288,Thane,Merchandising,Price Change,medium,2026-07-09 08:31,,open,,DM1043
REQ-202601725,Andheri,Merchandising,Price Change,low,2026-07-09 08:34,2026-07-10 08:49,completed,,DM1013
REQ-202602835,Thane,HR,Payroll Query,high,2026-07-09 08:38,2026-07-09 10:07,completed,,DM1025
REQ-202601101,Andheri,IT Support,POS Issue,high,2026-07-09 09:50,2026-07-09 11:54,completed,,DM1049
REQ-202600613,Thane,Merchandising,Promotion Setup,low,2026-07-09 09:52,2026-07-14 16:54,completed,,DM1066
REQ-202602105,Powai,IT Support,POS Issue,high,2026-07-09 10:12,,cancelled,,DM1051
REQ-202600862,Thane,IT Support,Network Issue,low,2026-07-09 10:32,2026-07-10 10:33,completed,,DM1090
REQ-202602412,Powai,Maintenance,Refrigeration Fault,low,2026-07-09 10:34,2026-07-11 09:49,completed,,DM1084
REQ-202600928,Thane,Merchandising,Promotion Setup,low,2026-07-09 10:40,2026-07-10 16:38,completed,,DM1043
REQ-202601710,Mumbai Central,Finance,Vendor Payment Query,medium,2026-07-09 11:03,2026-07-09 14:54,completed,,DM1096
REQ-202600310,Powai,IT Support,Access Request,medium,2026-07-09 12:18,2026-07-10 08:14,completed,,DM1219
REQ-202603103,Mumbai Central,Store Operations,Shelf Replenishment,high,2026-07-09 12:18,2026-07-09 13:47,completed,,DM1125
REQ-202600718,Powai,Store Operations,Shelf Replenishment,medium,2026-07-09 12:45,2026-07-10 09:16,completed,,DM1080
REQ-202600575,Andheri,Store Operations,Stock Transfer,high,2026-07-09 12:46,2026-07-10 12:39,completed,3970.0,DM1048
REQ-202600617,Andheri,Finance,Purchase Request,medium,2026-07-09 13:34,2026-07-10 10:01,completed,62660.0,DM1002
REQ-202602777,Thane,Store Operations,Customer Complaint,medium,2026-07-09 13:35,2026-07-09 14:49,completed,,DM1011
REQ-202603061,Thane,Store Operations,Customer Complaint,medium,2026-07-09 13:39,2026-07-10 09:59,completed,,DM1003
REQ-202601036,Mumbai Central,Store Operations,Shelf Replenishment,medium,2026-07-09 14:09,2026-07-10 16:28,completed,,DM1060
REQ-202601716,Mumbai Central,IT Support,Network Issue,medium,2026-07-09 14:24,2026-07-10 11:17,completed,,DM1105
REQ-202600093,Thane,Merchandising,Planogram Update,medium,2026-07-09 14:59,,open,,DM1134
REQ-202600990,Mumbai Central,Merchandising,Price Change,critical,2026-07-09 15:12,2026-07-10 08:21,completed,,DM1210
REQ-202601488,Navi Mumbai,IT Support,POS Issue,low,2026-07-09 16:05,2026-07-13 12:32,completed,,DM1066
REQ-202600905,Powai,Merchandising,Price Change,medium,2026-07-09 16:08,2026-07-10 15:47,completed,,DM1123
REQ-202602435,Mumbai Central,Maintenance,Equipment Repair,medium,2026-07-09 18:38,2026-07-10 10:08,completed,9620.0,DM1002
REQ-202600790,Navi Mumbai,Finance,Petty Cash Claim,medium,2026-07-09 21:15,,in_progress,10030.0,DM1120
REQ-202600429,Navi Mumbai,Store Operations,Customer Complaint,high,2026-07-09 21:30,,cancelled,,DM1017
REQ-202602622,Powai,IT Support,Network Issue,medium,2026-07-10 08:32,,open,,DM1048
REQ-202602316,Powai,Store Operations,Shelf Replenishment,high,2026-07-10 08:35,2026-07-10 12:38,completed,,DM1151
REQ-202600176,Navi Mumbai,Merchandising,Price Change,medium,2026-07-10 09:22,2026-07-10 11:24,completed,,DM1090
REQ-202601233,Mumbai Central,Maintenance,Facility Issue,high,2026-07-10 09:35,,open,,DM1155
REQ-202601186,Powai,Merchandising,Price Change,low,2026-07-10 10:09,2026-07-11 14:03,completed,,DM1148
REQ-202601768,Thane,Store Operations,Customer Complaint,high,2026-07-10 10:12,2026-07-10 11:49,completed,,DM1024
REQ-202602184,Mumbai Central,Maintenance,Facility Issue,low,2026-07-10 10:42,2026-07-17 10:17,completed,,DM1090
REQ-202603054,Thane,Store Operations,Customer Complaint,medium,2026-07-10 10:43,2026-07-10 14:01,completed,,DM1065
REQ-202601494,Mumbai Central,Store Operations,Customer Complaint,medium,2026-07-10 10:51,2026-07-10 13:45,completed,,DM1062
REQ-202602063,Mumbai Central,Store Operations,Shelf Replenishment,low,2026-07-10 10:52,2026-07-13 16:55,completed,,DM1007
REQ-202600431,Powai,IT Support,Network Issue,high,2026-07-10 12:22,2026-07-10 14:57,completed,,DM1014
REQ-202600969,Thane,Merchandising,Promotion Setup,low,2026-07-10 12:38,,in_progress,,DM1235
REQ-202600287,Mumbai Central,IT Support,Access Request,medium,2026-07-10 12:47,2026-07-11 08:55,completed,,DM1011
REQ-202601804,Thane,Maintenance,Facility Issue,medium,2026-07-10 13:02,,in_progress,,DM1222
REQ-202601379,Andheri,Finance,Vendor Payment Query,medium,2026-07-10 14:00,,open,,DM1125
REQ-202601974,Mumbai Central,Store Operations,Shelf Replenishment,low,2026-07-10 14:24,2026-07-13 12:58,completed,,DM1239
REQ-202601131,Thane,Store Operations,Shelf Replenishment,low,2026-07-10 14:28,2026-07-13 09:48,completed,,DM1042
REQ-202602680,Thane,Store Operations,Customer Complaint,medium,2026-07-10 14:48,2026-07-11 12:05,completed,,DM1181
REQ-202601650,Mumbai Central,HR,Payroll Query,medium,2026-07-10 15:03,2026-07-11 10:43,completed,,DM1015
REQ-202603128,Mumbai Central,IT Support,POS Issue,medium,2026-07-10 15:16,2026-07-11 14:00,completed,,DM1173
REQ-202602737,Andheri,Maintenance,Equipment Repair,low,2026-07-10 15:47,2026-07-16 09:37,completed,13210.0,DM1159
REQ-202600067,Navi Mumbai,Store Operations,Shelf Replenishment,medium,2026-07-10 15:54,,open,,DM1183
REQ-202602233,Thane,Maintenance,Facility Issue,low,2026-07-10 16:12,2026-07-11 16:13,completed,,DM1109
REQ-202602854,Powai,Maintenance,Facility Issue,high,2026-07-10 16:32,2026-07-11 13:02,completed,,DM1224
REQ-202600926,Andheri,HR,Payroll Query,high,2026-07-10 17:53,2026-07-11 13:11,completed,,DM1050
REQ-202601208,Mumbai Central,Maintenance,Refrigeration Fault,medium,2026-07-10 18:00,,open,,DM1160
REQ-202602977,Thane,Finance,Purchase Request,high,2026-07-10 18:55,2026-07-11 09:50,completed,150904.0,DM1171
REQ-202602019,Andheri,IT Support,POS Issue,medium,2026-07-10 19:27,,open,,DM1017
REQ-202602575,Powai,Maintenance,Refrigeration Fault,medium,2026-07-10 20:56,2026-07-11 12:59,completed,,DM1081
REQ-202600382,Andheri,Store Operations,Shelf Replenishment,medium,2026-07-11 07:24,2026-07-11 13:02,completed,,DM1193
REQ-202602145,Thane,Store Operations,Stock Transfer,critical,2026-07-11 08:05,2026-07-11 09:19,completed,29740.0,DM1198
REQ-202601528,Powai,Store Operations,Shelf Replenishment,high,2026-07-11 08:06,2026-07-11 12:33,completed,,DM1060
REQ-202602695,Powai,IT Support,Access Request,low,2026-07-11 09:11,2026-07-13 09:12,completed,,DM1164
REQ-202600859,Powai,Store Operations,Shelf Replenishment,low,2026-07-11 09:29,2026-07-13 14:12,completed,,DM1046
REQ-202601362,Powai,IT Support,Network Issue,medium,2026-07-11 09:36,,cancelled,,DM1027
REQ-202600366,Powai,Merchandising,Promotion Setup,medium,2026-07-11 10:18,2026-07-13 08:00,completed,,DM1076
REQ-202601656,Powai,IT Support,Network Issue,high,2026-07-11 10:23,2026-07-11 12:32,completed,,DM1108
REQ-202602294,Navi Mumbai,Merchandising,Price Change,medium,2026-07-11 11:34,2026-07-11 14:41,completed,,DM1013
REQ-202601809,Navi Mumbai,Merchandising,Planogram Update,medium,2026-07-11 11:40,2026-07-11 15:56,completed,,DM1134
REQ-202600594,Mumbai Central,Store Operations,Customer Complaint,critical,2026-07-11 11:52,2026-07-11 13:30,completed,,DM1015
REQ-202601895,Navi Mumbai,IT Support,Network Issue,high,2026-07-11 11:55,2026-07-11 13:40,completed,,DM1194
REQ-202602460,Navi Mumbai,Merchandising,Planogram Update,high,2026-07-11 12:05,2026-07-11 15:33,completed,,DM1169
REQ-202600515,Thane,Maintenance,Refrigeration Fault,medium,2026-07-11 12:14,2026-07-11 16:44,completed,,DM1210
REQ-202600701,Andheri,HR,Leave Query,medium,2026-07-11 12:19,2026-07-11 16:07,completed,,DM1129
REQ-202602941,Powai,Maintenance,Equipment Repair,critical,2026-07-11 12:37,,in_progress,47800.0,DM1207
REQ-202603175,Andheri,Finance,Vendor Payment Query,medium,2026-07-11 12:52,,open,,DM1102
REQ-202600890,Thane,HR,Onboarding,medium,2026-07-11 14:00,2026-07-13 09:49,completed,,DM1055
REQ-202601242,Thane,Maintenance,Refrigeration Fault,medium,2026-07-11 14:09,2026-07-11 16:55,completed,,DM1171
REQ-202600857,Thane,Store Operations,Customer Complaint,low,2026-07-11 14:34,2026-07-14 10:47,completed,,DM1177
REQ-202602567,Thane,Store Operations,Stock Transfer,critical,2026-07-11 14:45,2026-07-11 15:38,completed,2990.0,DM1079
REQ-202603182,Andheri,Store Operations,Stock Transfer,medium,2026-07-11 14:51,,open,10440.0,DM1159
REQ-202601874,Mumbai Central,Merchandising,Planogram Update,medium,2026-07-11 15:08,2026-07-13 10:02,completed,,DM1108
REQ-202601134,Powai,IT Support,Network Issue,medium,2026-07-11 15:14,2026-07-13 13:48,completed,,DM1047
REQ-202601237,Mumbai Central,Merchandising,Planogram Update,high,2026-07-11 15:20,2026-07-13 09:28,completed,,DM1239
REQ-202601357,Thane,Store Operations,Stock Transfer,critical,2026-07-11 15:22,2026-07-11 16:11,completed,107020.0,DM1130
REQ-202601652,Mumbai Central,Finance,Petty Cash Claim,low,2026-07-11 15:30,2026-07-15 16:45,completed,33620.0,DM1079
REQ-202601687,Mumbai Central,IT Support,Access Request,medium,2026-07-11 16:26,2026-07-13 13:00,completed,,DM1198
REQ-202602072,Mumbai Central,Store Operations,Shelf Replenishment,medium,2026-07-11 18:17,2026-07-13 12:59,completed,,DM1184
REQ-202602000,Powai,Store Operations,Stock Transfer,critical,2026-07-11 19:19,2026-07-13 08:36,completed,63840.0,DM1173
REQ-202601543,Powai,Finance,Purchase Request,low,2026-07-11 19:42,2026-07-13 13:45,completed,49500.0,DM1143
REQ-202602023,Andheri,Merchandising,Price Change,medium,2026-07-11 19:56,2026-07-14 11:07,completed,,DM1183
REQ-202600690,Navi Mumbai,Maintenance,Refrigeration Fault,medium,2026-07-11 20:34,2026-07-13 13:43,completed,,DM1121
REQ-202601195,Navi Mumbai,HR,Payroll Query,critical,2026-07-11 20:53,2026-07-13 08:40,completed,,DM1094
REQ-202602646,Thane,Merchandising,Promotion Setup,medium,2026-07-12 06:37,2026-07-14 13:34,completed,,DM1031
REQ-202600311,Navi Mumbai,Maintenance,Refrigeration Fault,medium,2026-07-12 08:27,2026-07-13 10:18,completed,,DM1203
REQ-202600039,Powai,Maintenance,Facility Issue,medium,2026-07-12 08:47,2026-07-14 08:07,completed,,DM1168
REQ-202601211,Powai,Store Operations,Stock Transfer,medium,2026-07-12 08:48,2026-07-14 09:19,completed,3190.0,DM1197
REQ-202601835,Powai,Store Operations,Shelf Replenishment,medium,2026-07-12 08:48,,in_progress,,DM1211
REQ-202601103,Andheri,IT Support,Access Request,high,2026-07-12 09:04,2026-07-13 10:28,completed,,DM1102
REQ-202600682,Navi Mumbai,Merchandising,Promotion Setup,medium,2026-07-12 09:19,2026-07-13 12:32,completed,,DM1088
REQ-202601818,Navi Mumbai,Merchandising,Planogram Update,medium,2026-07-12 09:25,2026-07-13 13:53,completed,,DM1073
REQ-202601673,Navi Mumbai,Store Operations,Stock Transfer,critical,2026-07-12 09:31,,in_progress,79080.0,DM1121
REQ-202600222,Powai,Store Operations,Stock Transfer,low,2026-07-12 09:33,2026-07-20 11:38,completed,17050.0,DM1016
REQ-202600488,Mumbai Central,Store Operations,Customer Complaint,medium,2026-07-12 09:55,2026-07-13 14:38,completed,,DM1217
REQ-202600252,Navi Mumbai,Store Operations,Stock Transfer,medium,2026-07-12 10:13,2026-07-13 11:36,completed,22670.0,DM1230
REQ-202600963,Thane,Finance,Purchase Request,low,2026-07-12 10:53,2026-07-13 14:55,completed,41140.0,DM1114
REQ-202602049,Navi Mumbai,IT Support,Access Request,low,2026-07-12 11:25,2026-07-14 11:07,completed,,DM1161
REQ-202602027,Thane,Store Operations,Customer Complaint,medium,2026-07-12 12:12,2026-07-14 11:15,completed,,DM1226
REQ-202602879,Andheri,Store Operations,Customer Complaint,low,2026-07-12 12:26,2026-07-14 10:14,completed,,DM1120
REQ-202602446,Mumbai Central,Store Operations,Shelf Replenishment,low,2026-07-12 13:11,,open,,DM1156
REQ-202601267,Powai,Store Operations,Stock Transfer,medium,2026-07-12 13:14,2026-07-14 08:07,completed,20230.0,DM1052
REQ-202602279,Mumbai Central,IT Support,POS Issue,medium,2026-07-12 13:18,2026-07-13 11:01,completed,,DM1017
REQ-202602131,Andheri,Store Operations,Customer Complaint,low,2026-07-12 13:38,2026-07-15 10:46,completed,,DM1114
REQ-202601536,Navi Mumbai,Store Operations,Shelf Replenishment,medium,2026-07-12 13:55,2026-07-13 09:11,completed,,DM1031
REQ-202601443,Mumbai Central,Store Operations,Customer Complaint,medium,2026-07-12 14:08,2026-07-13 10:54,completed,,DM1085
REQ-202601917,Powai,IT Support,POS Issue,high,2026-07-12 14:37,2026-07-13 08:46,completed,,DM1073
REQ-202601199,Thane,Store Operations,Customer Complaint,low,2026-07-12 14:43,2026-07-17 14:32,completed,,DM1084
REQ-202603192,Mumbai Central,Store Operations,Stock Transfer,medium,2026-07-12 14:50,2026-07-13 13:06,completed,27930.0,DM1217
REQ-202600763,Mumbai Central,IT Support,Access Request,low,2026-07-12 14:52,2026-07-14 15:33,completed,,DM1012
REQ-202600775,Mumbai Central,Merchandising,Planogram Update,high,2026-07-12 15:00,2026-07-13 11:32,completed,,DM1217
REQ-202602654,Thane,Maintenance,Refrigeration Fault,medium,2026-07-12 15:23,2026-07-13 15:19,completed,,DM1109
REQ-202600544,Thane,IT Support,POS Issue,high,2026-07-12 15:26,2026-07-13 10:19,completed,,DM1047
REQ-202600621,Andheri,Merchandising,Planogram Update,medium,2026-07-12 16:05,2026-07-13 13:49,completed,,DM1143
REQ-202600781,Navi Mumbai,Maintenance,Equipment Repair,low,2026-07-12 16:29,2026-07-15 13:30,completed,23500.0,DM1082
REQ-202602351,Powai,Maintenance,Equipment Repair,high,2026-07-12 16:33,2026-07-13 13:10,completed,13160.0,DM1230
REQ-202601923,Andheri,HR,Leave Query,medium,2026-07-12 17:07,,open,,DM1103
REQ-202601705,Thane,Merchandising,Planogram Update,low,2026-07-12 19:34,2026-07-13 16:16,completed,,DM1093
REQ-202601930,Andheri,Maintenance,Equipment Repair,low,2026-07-12 19:40,,in_progress,1750.0,DM1091
REQ-202602922,Andheri,IT Support,Access Request,critical,2026-07-12 20:34,2026-07-13 09:23,completed,,DM1079
REQ-202601985,Powai,Maintenance,Facility Issue,high,2026-07-12 20:48,2026-07-13 10:18,completed,,DM1234
REQ-202601864,Navi Mumbai,Store Operations,Customer Complaint,medium,2026-07-13 06:23,2026-07-13 11:00,completed,,DM1132
REQ-202602322,Navi Mumbai,Store Operations,Stock Transfer,medium,2026-07-13 06:33,2026-07-14 12:07,completed,16380.0,DM1214
REQ-202603147,Mumbai Central,IT Support,POS Issue,medium,2026-07-13 06:38,2026-07-13 12:17,completed,,DM1138
REQ-202603114,Andheri,Merchandising,Price Change,critical,2026-07-13 07:36,2026-07-13 08:57,completed,,DM1048
REQ-202601253,Navi Mumbai,Maintenance,Refrigeration Fault,high,2026-07-13 07:49,2026-07-13 10:30,completed,,DM1059
REQ-202601153,Thane,IT Support,POS Issue,medium,2026-07-13 07:54,,in_progress,,DM1162
REQ-202602674,Powai,Store Operations,Customer Complaint,low,2026-07-13 08:01,2026-07-15 16:01,completed,,DM1073
REQ-202602393,Mumbai Central,HR,Onboarding,medium,2026-07-13 08:04,,in_progress,,DM1014
REQ-202600565,Powai,HR,Onboarding,medium,2026-07-13 08:37,2026-07-13 11:47,completed,,DM1199
REQ-202602035,Powai,Store Operations,Shelf Replenishment,medium,2026-07-13 08:44,2026-07-13 12:43,completed,,DM1225
REQ-202600568,Thane,Finance,Petty Cash Claim,high,2026-07-13 08:48,2026-07-13 11:11,completed,8820.0,DM1099
REQ-202603033,Powai,Store Operations,Customer Complaint,low,2026-07-13 08:57,2026-07-14 14:51,completed,,DM1101
REQ-202601285,Navi Mumbai,HR,Payroll Query,high,2026-07-13 09:10,2026-07-13 11:03,completed,,DM1221
REQ-202600175,Mumbai Central,IT Support,Network Issue,critical,2026-07-13 09:14,2026-07-13 11:11,completed,,DM1170
REQ-202600586,Mumbai Central,HR,Leave Query,low,2026-07-13 09:18,,in_progress,,DM1203
REQ-202602960,Thane,IT Support,Access Request,critical,2026-07-13 09:42,,open,,DM1103
REQ-202603080,Mumbai Central,Merchandising,Promotion Setup,high,2026-07-13 10:14,2026-07-13 13:06,completed,,DM1043
REQ-202600740,Thane,Store Operations,Shelf Replenishment,medium,2026-07-13 10:15,,cancelled,,DM1214
REQ-202602232,Mumbai Central,Merchandising,Promotion Setup,high,2026-07-13 10:18,2026-07-13 12:58,completed,,DM1240
REQ-202602727,Navi Mumbai,Finance,Vendor Payment Query,medium,2026-07-13 10:46,2026-07-13 13:10,completed,,DM1093
REQ-202603181,Powai,Store Operations,Shelf Replenishment,medium,2026-07-13 11:23,2026-07-15 10:38,completed,,DM1228
REQ-202600506,Powai,IT Support,POS Issue,medium,2026-07-13 11:27,2026-07-13 13:44,completed,,DM1178
REQ-202600061,Mumbai Central,Merchandising,Promotion Setup,high,2026-07-13 11:42,2026-07-13 16:18,completed,,DM1006
REQ-202600421,Mumbai Central,Store Operations,Stock Transfer,low,2026-07-13 11:52,,in_progress,14350.0,DM1198
REQ-202600263,Powai,Store Operations,Customer Complaint,medium,2026-07-13 12:07,2026-07-13 15:17,completed,,DM1081
REQ-202601899,Andheri,Store Operations,Shelf Replenishment,medium,2026-07-13 12:43,2026-07-14 12:27,completed,,DM1094
REQ-202602104,Navi Mumbai,IT Support,Network Issue,medium,2026-07-13 12:48,,open,,DM1150
REQ-202600940,Powai,IT Support,Network Issue,medium,2026-07-13 12:54,,open,,DM1126
REQ-202601829,Mumbai Central,Maintenance,Facility Issue,medium,2026-07-13 13:01,2026-07-14 11:19,completed,,DM1109
REQ-202602269,Powai,Merchandising,Planogram Update,low,2026-07-13 13:07,,open,,DM1050
REQ-202601978,Navi Mumbai,Merchandising,Promotion Setup,medium,2026-07-13 13:10,2026-07-13 16:38,completed,,DM1133
REQ-202603075,Mumbai Central,Merchandising,Price Change,medium,2026-07-13 13:14,2026-07-14 12:12,completed,,DM1086
REQ-202600017,Powai,HR,Payroll Query,medium,2026-07-13 13:18,2026-07-14 09:55,completed,,DM1156
REQ-202600392,Powai,Merchandising,Price Change,high,2026-07-13 13:46,,open,,DM1001
REQ-202601091,Thane,Merchandising,Price Change,medium,2026-07-13 13:46,2026-07-13 15:45,completed,,DM1046
REQ-202603191,Navi Mumbai,Maintenance,Refrigeration Fault,high,2026-07-13 14:49,2026-07-14 10:49,completed,,DM1184
REQ-202601004,Thane,HR,Payroll Query,medium,2026-07-13 14:50,2026-07-14 10:44,completed,,DM1058
REQ-202600603,Thane,Store Operations,Customer Complaint,medium,2026-07-13 15:24,2026-07-14 11:55,completed,,DM1103
REQ-202602352,Thane,HR,Onboarding,medium,2026-07-13 16:01,2026-07-15 11:29,completed,,DM1084
REQ-202601398,Powai,Finance,Vendor Payment Query,low,2026-07-13 16:15,2026-07-14 13:04,completed,,DM1041
REQ-202601533,Thane,IT Support,Access Request,low,2026-07-13 17:16,2026-07-15 11:46,completed,,DM1172
REQ-202601743,Navi Mumbai,Finance,Purchase Request,medium,2026-07-13 18:26,2026-07-14 11:59,completed,6160.0,DM1002
REQ-202601284,Mumbai Central,Merchandising,Planogram Update,low,2026-07-13 19:00,2026-07-14 15:28,completed,,DM1206
REQ-202601411,Powai,Maintenance,Equipment Repair,low,2026-07-13 19:03,2026-07-17 14:55,completed,9420.0,DM1154
REQ-202600477,Thane,Merchandising,Price Change,low,2026-07-14 06:00,2026-07-15 12:06,completed,,DM1134
REQ-202602927,Navi Mumbai,Merchandising,Planogram Update,medium,2026-07-14 06:17,2026-07-15 11:19,completed,,DM1041
REQ-202600970,Mumbai Central,HR,Leave Query,medium,2026-07-14 07:28,2026-07-14 11:00,completed,,DM1141
REQ-202602078,Powai,HR,Payroll Query,high,2026-07-14 08:11,2026-07-14 09:45,completed,,DM1219
REQ-202602514,Mumbai Central,Maintenance,Equipment Repair,low,2026-07-14 09:17,2026-07-17 08:43,completed,4550.0,DM1163
REQ-202602152,Powai,HR,Onboarding,medium,2026-07-14 09:27,2026-07-14 13:24,completed,,DM1056
REQ-202602098,Navi Mumbai,Finance,Vendor Payment Query,high,2026-07-14 10:08,2026-07-14 12:14,completed,,DM1124
REQ-202602714,Andheri,HR,Onboarding,medium,2026-07-14 10:09,2026-07-15 13:03,completed,,DM1097
REQ-202601841,Mumbai Central,IT Support,Access Request,medium,2026-07-14 10:22,2026-07-14 12:47,completed,,DM1226
REQ-202600370,Thane,IT Support,Access Request,low,2026-07-14 10:52,2026-07-16 10:07,completed,,DM1069
REQ-202602076,Andheri,Store Operations,Customer Complaint,medium,2026-07-14 11:35,,cancelled,,DM1123
REQ-202601132,Navi Mumbai,Store Operations,Customer Complaint,medium,2026-07-14 11:46,2026-07-14 14:34,completed,,DM1069
REQ-202601176,Powai,Finance,Vendor Payment Query,low,2026-07-14 12:41,2026-07-16 08:45,completed,,DM1164
REQ-202600798,Navi Mumbai,Maintenance,Facility Issue,high,2026-07-14 13:15,2026-07-15 08:37,completed,,DM1199
REQ-202601819,Thane,Finance,Purchase Request,low,2026-07-14 13:45,2026-07-21 09:37,completed,55260.0,DM1194
REQ-202603011,Mumbai Central,IT Support,Network Issue,high,2026-07-14 13:46,2026-07-15 08:54,completed,,DM1216
REQ-202601435,Powai,IT Support,Network Issue,low,2026-07-14 14:00,2026-07-16 10:01,completed,,DM1111
REQ-202600486,Andheri,Store Operations,Customer Complaint,low,2026-07-14 14:22,2026-07-16 12:29,completed,,DM1136
REQ-202601906,Navi Mumbai,Store Operations,Customer Complaint,medium,2026-07-14 14:22,,in_progress,,DM1040
REQ-202601300,Andheri,Store Operations,Shelf Replenishment,medium,2026-07-14 14:49,2026-07-15 16:09,completed,,DM1120
REQ-202600557,Powai,Maintenance,Equipment Repair,medium,2026-07-14 15:53,2026-07-15 13:29,completed,59830.0,DM1096
REQ-202601177,Navi Mumbai,HR,Onboarding,medium,2026-07-14 16:15,2026-07-15 12:46,completed,,DM1026
REQ-202600451,Navi Mumbai,Maintenance,Equipment Repair,low,2026-07-14 16:18,2026-07-16 14:33,completed,14800.0,DM1110
REQ-202600056,Powai,Store Operations,Shelf Replenishment,medium,2026-07-14 16:39,2026-07-15 10:43,completed,,DM1171
REQ-202601672,Mumbai Central,Maintenance,Refrigeration Fault,medium,2026-07-14 17:02,2026-07-15 16:12,completed,,DM1213
REQ-202600924,Powai,Finance,Purchase Request,high,2026-07-14 18:39,,open,15110.0,DM1066
REQ-202602482,Andheri,IT Support,Access Request,high,2026-07-14 20:00,2026-07-15 09:29,completed,,DM1070
REQ-202600552,Andheri,HR,Onboarding,critical,2026-07-14 21:00,2026-07-15 08:48,completed,,DM1157
REQ-202602627,Powai,Store Operations,Stock Transfer,medium,2026-07-14 21:59,2026-07-15 11:53,completed,25450.0,DM1123
REQ-202600460,Navi Mumbai,Merchandising,Planogram Update,medium,2026-07-15 07:55,2026-07-15 11:43,completed,,DM1194
REQ-202600834,Thane,Merchandising,Price Change,medium,2026-07-15 07:56,2026-07-15 12:51,completed,,DM1040
REQ-202601976,Andheri,Merchandising,Price Change,medium,2026-07-15 08:58,,open,,DM1048
REQ-202602026,Navi Mumbai,Store Operations,Shelf Replenishment,medium,2026-07-15 09:11,2026-07-15 12:05,completed,,DM1046
REQ-202602190,Thane,Finance,Purchase Request,high,2026-07-15 09:20,,open,23160.0,DM1173
REQ-202602451,Mumbai Central,Merchandising,Promotion Setup,low,2026-07-15 09:29,,cancelled,,DM1157
REQ-202602601,Powai,Store Operations,Customer Complaint,medium,2026-07-15 09:53,,open,,DM1144
REQ-202601334,Andheri,Store Operations,Stock Transfer,medium,2026-07-15 10:13,2026-07-15 15:17,completed,7220.0,DM1011
REQ-202601816,Mumbai Central,Store Operations,Stock Transfer,medium,2026-07-15 10:35,2026-07-15 14:44,completed,22680.0,DM1078
REQ-202603153,Thane,Maintenance,Facility Issue,low,2026-07-15 10:40,2026-07-17 11:56,completed,,DM1061
REQ-202601239,Andheri,Store Operations,Stock Transfer,low,2026-07-15 10:41,,in_progress,8940.0,DM1146
REQ-202602924,Navi Mumbai,Maintenance,Refrigeration Fault,medium,2026-07-15 11:52,,open,,DM1101
REQ-202601551,Powai,Maintenance,Refrigeration Fault,low,2026-07-15 12:02,2026-07-18 15:19,completed,,DM1103
REQ-202602410,Mumbai Central,Finance,Vendor Payment Query,low,2026-07-15 12:28,2026-07-20 16:42,completed,,DM1023
REQ-202601076,Mumbai Central,Store Operations,Shelf Replenishment,low,2026-07-15 12:33,2026-07-20 12:23,completed,,DM1034
REQ-202600053,Mumbai Central,Finance,Petty Cash Claim,medium,2026-07-15 13:07,2026-07-16 10:27,completed,41010.0,DM1003
REQ-202602392,Mumbai Central,Store Operations,Shelf Replenishment,medium,2026-07-15 13:18,,in_progress,,DM1043
REQ-202601319,Andheri,Finance,Vendor Payment Query,high,2026-07-15 13:44,2026-07-15 15:23,completed,,DM1077
REQ-202602215,Navi Mumbai,Maintenance,Facility Issue,medium,2026-07-15 13:51,2026-07-16 09:33,completed,,DM1220
REQ-202601154,Thane,Finance,Petty Cash Claim,low,2026-07-15 14:05,2026-07-16 11:07,completed,12350.0,DM1161
REQ-202602587,Andheri,IT Support,POS Issue,medium,2026-07-15 14:09,2026-07-16 13:54,completed,,DM1093
REQ-202600210,Thane,Store Operations,Shelf Replenishment,high,2026-07-15 14:24,2026-07-16 08:41,completed,,DM1042
REQ-202601706,Andheri,Store Operations,Shelf Replenishment,medium,2026-07-15 15:56,2026-07-16 10:15,completed,,DM1193
REQ-202602191,Navi Mumbai,Merchandising,Price Change,high,2026-07-15 16:01,2026-07-16 10:08,completed,,DM1049
REQ-202601419,Navi Mumbai,IT Support,POS Issue,low,2026-07-15 16:13,2026-07-18 11:53,completed,,DM1170
REQ-202602730,Andheri,IT Support,Access Request,medium,2026-07-15 16:33,,open,,DM1123
REQ-202602464,Powai,Maintenance,Facility Issue,high,2026-07-15 19:28,2026-07-16 09:42,completed,,DM1018
REQ-202602651,Navi Mumbai,Finance,Purchase Request,high,2026-07-16 06:30,2026-07-16 10:18,completed,29890.0,DM1136
REQ-202601093,Andheri,Store Operations,Shelf Replenishment,medium,2026-07-16 08:17,2026-07-16 11:31,completed,,DM1190
REQ-202601684,Mumbai Central,Store Operations,Shelf Replenishment,medium,2026-07-16 08:18,2026-07-16 10:21,completed,,DM1151
REQ-202600657,Navi Mumbai,Finance,Petty Cash Claim,medium,2026-07-16 08:28,2026-07-16 10:48,completed,29770.0,DM1035
REQ-202602710,Mumbai Central,Finance,Vendor Payment Query,medium,2026-07-16 08:44,2026-07-17 09:09,completed,,DM1003
REQ-202601278,Navi Mumbai,IT Support,Network Issue,critical,2026-07-16 08:50,2026-07-16 10:49,completed,,DM1038
REQ-202601573,Powai,Store Operations,Customer Complaint,medium,2026-07-16 09:20,2026-07-16 15:53,completed,,DM1039
REQ-202601722,Powai,Maintenance,Refrigeration Fault,medium,2026-07-16 10:24,2026-07-16 16:45,completed,,DM1025
REQ-202600683,Mumbai Central,HR,Onboarding,high,2026-07-16 10:41,2026-07-16 11:40,completed,,DM1165
REQ-202600291,Navi Mumbai,Store Operations,Shelf Replenishment,medium,2026-07-16 11:00,2026-07-16 14:41,completed,,DM1151
REQ-202600688,Navi Mumbai,Store Operations,Stock Transfer,high,2026-07-16 11:05,,in_progress,88240.0,DM1027
REQ-202600327,Andheri,Finance,Petty Cash Claim,high,2026-07-16 11:54,2026-07-17 08:21,completed,88240.0,DM1032
REQ-202600910,Mumbai Central,IT Support,Access Request,low,2026-07-16 11:59,,open,,DM1107
REQ-202601825,Navi Mumbai,Merchandising,Planogram Update,low,2026-07-16 12:02,2026-07-17 16:19,completed,,DM1057
REQ-202600997,Navi Mumbai,Store Operations,Stock Transfer,medium,2026-07-16 12:05,2026-07-16 16:39,completed,7160.0,DM1187
REQ-202602793,Navi Mumbai,Store Operations,Shelf Replenishment,critical,2026-07-16 12:45,2026-07-16 13:33,completed,,DM1158
REQ-202601820,Thane,HR,Payroll Query,high,2026-07-16 12:48,2026-07-16 15:22,completed,,DM1211
REQ-202601064,Andheri,HR,Leave Query,high,2026-07-16 12:57,2026-07-16 16:12,completed,,DM1183
REQ-202601760,Powai,Store Operations,Shelf Replenishment,critical,2026-07-16 12:57,2026-07-16 15:08,completed,,DM1239
REQ-202601944,Thane,Finance,Purchase Request,critical,2026-07-16 12:59,,open,3770.0,DM1039
REQ-202601308,Mumbai Central,IT Support,Network Issue,medium,2026-07-16 14:18,2026-07-17 11:58,completed,,DM1107
REQ-202602610,Andheri,IT Support,POS Issue,medium,2026-07-16 14:29,2026-07-17 09:45,completed,,DM1004
REQ-202601724,Powai,Maintenance,Equipment Repair,high,2026-07-16 14:47,,in_progress,49020.0,DM1080
REQ-202600956,Thane,Maintenance,Equipment Repair,low,2026-07-16 15:19,2026-07-18 08:49,completed,11340.0,DM1234
REQ-202600601,Navi Mumbai,Store Operations,Customer Complaint,high,2026-07-16 15:53,2026-07-16 16:44,completed,,DM1100
REQ-202600485,Thane,Store Operations,Stock Transfer,high,2026-07-16 16:43,,cancelled,8380.0,DM1112
REQ-202600329,Andheri,Finance,Vendor Payment Query,medium,2026-07-16 19:07,2026-07-17 10:12,completed,,DM1070
REQ-202600119,Andheri,Finance,Purchase Request,low,2026-07-16 19:37,,in_progress,33620.0,DM1001
REQ-202601544,Andheri,Merchandising,Promotion Setup,low,2026-07-16 19:49,2026-07-18 08:32,completed,,DM1169
REQ-202602602,Powai,Store Operations,Stock Transfer,high,2026-07-16 20:38,2026-07-17 11:12,completed,25650.0,DM1182
REQ-202602250,Andheri,Maintenance,Equipment Repair,medium,2026-07-16 20:50,2026-07-18 10:23,completed,56200.0,DM1168
REQ-202602174,Thane,IT Support,Access Request,high,2026-07-16 20:56,2026-07-17 12:25,completed,,DM1040
REQ-202602525,Navi Mumbai,Store Operations,Stock Transfer,low,2026-07-16 21:00,2026-07-18 11:19,completed,33640.0,DM1134
REQ-202601056,Powai,Finance,Purchase Request,low,2026-07-16 21:31,2026-07-20 15:04,completed,77540.0,DM1211
REQ-202601314,Mumbai Central,Merchandising,Price Change,medium,2026-07-17 06:38,2026-07-17 10:33,completed,,DM1105
REQ-202600025,Navi Mumbai,Store Operations,Stock Transfer,high,2026-07-17 07:56,2026-07-17 10:12,completed,17110.0,DM1161
REQ-202600128,Mumbai Central,Store Operations,Shelf Replenishment,medium,2026-07-17 08:19,2026-07-17 12:18,completed,,DM1131
REQ-202601500,Powai,Finance,Purchase Request,high,2026-07-17 08:19,2026-07-17 05:19,completed,50270.0,DM1076
REQ-202601453,Mumbai Central,Maintenance,Equipment Repair,medium,2026-07-17 08:24,2026-07-18 08:54,completed,10210.0,DM1222
REQ-202600456,Thane,HR,Payroll Query,critical,2026-07-17 08:37,2026-07-17 09:24,completed,,DM1001
REQ-202600602,Andheri,Maintenance,Equipment Repair,medium,2026-07-17 08:40,2026-07-17 12:01,completed,37310.0,DM1112
REQ-202601540,Andheri,Store Operations,Customer Complaint,medium,2026-07-17 08:44,2026-07-18 14:38,completed,,DM1200
REQ-202601914,Mumbai Central,Maintenance,Facility Issue,low,2026-07-17 08:57,2026-07-20 13:03,completed,,DM1028
REQ-202601198,Powai,IT Support,Access Request,medium,2026-07-17 10:00,2026-07-18 13:28,completed,,DM1014
REQ-202602616,Andheri,Finance,Petty Cash Claim,medium,2026-07-17 10:00,,in_progress,22730.0,DM1039
REQ-202600732,Powai,IT Support,Network Issue,low,2026-07-17 10:09,2026-07-20 08:14,completed,,DM1101
REQ-202602801,Navi Mumbai,Maintenance,Equipment Repair,low,2026-07-17 10:32,2026-07-18 14:15,completed,12380.0,DM1007
REQ-202602388,Navi Mumbai,Store Operations,Shelf Replenishment,medium,2026-07-17 10:38,2026-07-18 11:17,completed,,DM1105
REQ-202601074,Powai,Maintenance,Equipment Repair,medium,2026-07-17 10:55,2026-07-18 11:39,completed,170825.0,DM1187
REQ-202600241,Navi Mumbai,IT Support,POS Issue,medium,2026-07-17 11:09,2026-07-18 08:15,completed,,DM1107
REQ-202603183,Thane,Maintenance,Facility Issue,critical,2026-07-17 11:49,2026-07-17 13:05,completed,,DM1148
REQ-202602638,Mumbai Central,Store Operations,Customer Complaint,high,2026-07-17 12:09,,cancelled,,DM1134
REQ-202600257,Thane,Store Operations,Customer Complaint,medium,2026-07-17 12:58,2026-07-18 14:12,completed,,DM1137
REQ-202601698,Powai,Maintenance,Equipment Repair,low,2026-07-17 12:59,2026-07-21 10:25,completed,25290.0,DM1121
REQ-202600250,Andheri,Maintenance,Facility Issue,low,2026-07-17 13:03,2026-07-21 09:30,completed,,DM1131
REQ-202600711,Thane,Store Operations,Customer Complaint,high,2026-07-17 13:13,2026-07-17 14:10,completed,,DM1030
REQ-202600356,Navi Mumbai,Store Operations,Shelf Replenishment,medium,2026-07-17 13:50,2026-07-18 09:09,completed,,DM1057
REQ-202601622,Andheri,Merchandising,Planogram Update,high,2026-07-17 14:05,2026-07-18 08:48,completed,,DM1069
REQ-202600245,Mumbai Central,Finance,Purchase Request,high,2026-07-17 14:13,,in_progress,35690.0,DM1159
REQ-202602240,Mumbai Central,Store Operations,Stock Transfer,high,2026-07-17 14:26,,cancelled,17670.0,DM1046
REQ-202601312,Thane,Finance,Petty Cash Claim,low,2026-07-17 14:57,2026-07-20 13:17,completed,63750.0,DM1054
REQ-202600106,Powai,Store Operations,Shelf Replenishment,medium,2026-07-17 16:37,2026-07-18 12:37,completed,,DM1094
REQ-202602298,Mumbai Central,Store Operations,Stock Transfer,low,2026-07-17 16:41,2026-07-18 14:13,completed,10150.0,DM1049
REQ-202602886,Powai,Merchandising,Price Change,medium,2026-07-17 18:16,2026-07-18 14:15,completed,,DM1200
REQ-202602200,Navi Mumbai,Merchandising,Price Change,high,2026-07-17 19:38,2026-07-18 09:41,completed,,DM1204
REQ-202601754,Navi Mumbai,Finance,Petty Cash Claim,high,2026-07-17 21:11,2026-07-18 09:20,completed,107450.0,DM1122
REQ-202601464,Andheri,Finance,Petty Cash Claim,low,2026-07-17 21:23,2026-07-20 13:19,completed,33700.0,DM1211
REQ-202602060,Andheri,Store Operations,Customer Complaint,high,2026-07-18 06:23,2026-07-18 09:30,completed,,DM1154
REQ-202602596,Mumbai Central,Store Operations,Customer Complaint,high,2026-07-18 07:05,2026-07-18 10:23,completed,,DM1007
REQ-202601810,Thane,Store Operations,Shelf Replenishment,low,2026-07-18 07:10,2026-07-18 15:10,completed,,DM1239
REQ-202602997,Powai,Store Operations,Customer Complaint,low,2026-07-18 07:20,2026-07-22 13:01,completed,,DM1150
REQ-202601803,Navi Mumbai,Store Operations,Stock Transfer,medium,2026-07-18 07:29,2026-07-18 12:19,completed,10800.0,DM1043
REQ-202602426,Thane,Store Operations,Customer Complaint,low,2026-07-18 07:55,2026-07-20 12:26,completed,,DM1050
REQ-202602031,Thane,Maintenance,Equipment Repair,low,2026-07-18 08:00,2026-07-20 08:19,completed,5520.0,DM1059
REQ-202601386,Powai,Maintenance,Equipment Repair,high,2026-07-18 08:20,2026-07-18 10:23,completed,30320.0,DM1223
REQ-202601967,Mumbai Central,HR,Onboarding,medium,2026-07-18 08:23,2026-07-20 09:55,completed,,DM1192
REQ-202600943,Andheri,Merchandising,Planogram Update,medium,2026-07-18 08:35,,in_progress,,DM1179
REQ-202602488,Navi Mumbai,Store Operations,Stock Transfer,low,2026-07-18 08:47,2026-07-20 15:45,completed,23520.0,DM1199
REQ-202601832,Mumbai Central,IT Support,Access Request,medium,2026-07-18 08:56,2026-07-18 14:15,completed,,DM1081
REQ-202602948,Navi Mumbai,Store Operations,Customer Complaint,low,2026-07-18 09:10,,in_progress,,DM1091
REQ-202602581,Thane,Store Operations,Stock Transfer,low,2026-07-18 09:12,2026-07-20 16:04,completed,9360.0,DM1005
REQ-202601812,Thane,Finance,Petty Cash Claim,high,2026-07-18 09:16,2026-07-18 10:08,completed,47440.0,DM1240
REQ-202602368,Thane,IT Support,Network Issue,medium,2026-07-18 09:23,2026-07-18 11:45,completed,,DM1071
REQ-202601492,Navi Mumbai,Finance,Vendor Payment Query,critical,2026-07-18 09:58,2026-07-18 11:20,completed,,DM1036
REQ-202601296,Navi Mumbai,Store Operations,Stock Transfer,low,2026-07-18 10:06,2026-07-20 08:09,completed,8340.0,DM1031
REQ-202601866,Powai,Maintenance,Equipment Repair,high,2026-07-18 10:15,2026-07-18 11:44,completed,9360.0,DM1167
REQ-202601649,Thane,HR,Leave Query,medium,2026-07-18 10:42,2026-07-18 14:19,completed,,DM1126
REQ-202600014,Navi Mumbai,Store Operations,Shelf Replenishment,medium,2026-07-18 10:44,2026-07-18 13:21,completed,,DM1138
REQ-202601485,Mumbai Central,Store Operations,Customer Complaint,high,2026-07-18 12:09,2026-07-18 14:19,completed,,DM1215
REQ-202602989,Thane,Maintenance,Facility Issue,medium,2026-07-18 12:27,2026-07-20 08:56,completed,,DM1040
REQ-202601384,Powai,Store Operations,Stock Transfer,critical,2026-07-18 12:30,2026-07-18 13:28,completed,12400.0,DM1173
REQ-202601765,Powai,Finance,Purchase Request,high,2026-07-18 12:31,2026-07-18 14:15,completed,16840.0,DM1081
REQ-202601404,Navi Mumbai,Merchandising,Promotion Setup,low,2026-07-18 13:00,2026-07-25 14:15,completed,,DM1136
REQ-202602052,Mumbai Central,Merchandising,Planogram Update,high,2026-07-18 13:25,2026-07-18 15:41,completed,,DM1230
REQ-202601613,Powai,Store Operations,Stock Transfer,high,2026-07-18 13:31,2026-07-18 15:54,completed,9130.0,DM1051
REQ-202601017,Thane,Maintenance,Equipment Repair,high,2026-07-18 13:35,2026-07-18 15:56,completed,32090.0,DM1127
REQ-202601813,Andheri,IT Support,Access Request,medium,2026-07-18 13:42,2026-07-20 13:08,completed,,DM1146
REQ-202603024,Mumbai Central,Store Operations,Customer Complaint,critical,2026-07-18 14:47,2026-07-18 16:12,completed,,DM1221
REQ-202602143,Andheri,IT Support,POS Issue,medium,2026-07-18 15:10,2026-07-21 14:38,completed,,DM1168
REQ-202601574,Navi Mumbai,Finance,Purchase Request,medium,2026-07-18 15:33,,in_progress,20100.0,DM1033
REQ-202602317,Andheri,IT Support,Access Request,low,2026-07-18 16:00,2026-07-21 14:29,completed,,DM1135
REQ-202602210,Powai,Store Operations,Customer Complaint,critical,2026-07-18 16:54,2026-07-20 09:01,completed,,DM1045
REQ-202600788,Mumbai Central,Finance,Petty Cash Claim,critical,2026-07-18 17:00,2026-07-20 10:09,completed,78110.0,DM1231
REQ-202600200,Powai,Store Operations,Shelf Replenishment,critical,2026-07-18 19:11,2026-07-20 09:01,completed,,DM1188
REQ-202601122,Thane,Store Operations,Stock Transfer,high,2026-07-18 19:59,2026-07-20 10:45,completed,25940.0,DM1221
REQ-202602728,Powai,HR,Leave Query,medium,2026-07-18 20:10,,in_progress,,DM1144
REQ-202602406,Mumbai Central,Maintenance,Facility Issue,low,2026-07-18 20:12,2026-07-22 09:15,completed,,DM1020
REQ-202602543,Powai,IT Support,Network Issue,medium,2026-07-18 21:00,2026-07-20 11:25,completed,,DM1205
REQ-202602411,Thane,IT Support,Access Request,high,2026-07-18 21:31,2026-07-20 12:58,completed,,DM1233
REQ-202600592,Navi Mumbai,Maintenance,Facility Issue,low,2026-07-19 06:45,,open,,DM1089
REQ-202600981,Mumbai Central,Maintenance,Refrigeration Fault,medium,2026-07-19 08:22,,in_progress,,DM1175
REQ-202601070,Thane,Merchandising,Price Change,medium,2026-07-19 08:40,,in_progress,,DM1177
REQ-202601662,Powai,HR,Payroll Query,low,2026-07-19 08:46,2026-07-22 08:11,completed,,DM1150
REQ-202601860,Powai,Finance,Vendor Payment Query,high,2026-07-19 09:08,2026-07-20 11:09,completed,,DM1024
REQ-202601887,Powai,Store Operations,Shelf Replenishment,critical,2026-07-19 09:13,2026-07-20 08:57,completed,,DM1043
REQ-202600782,Powai,Merchandising,Price Change,medium,2026-07-19 09:16,2026-07-20 11:10,completed,,DM1027
REQ-202602022,Andheri,HR,Payroll Query,medium,2026-07-19 09:32,,cancelled,,DM1065
REQ-202600286,Mumbai Central,Merchandising,Promotion Setup,high,2026-07-19 10:47,2026-07-20 09:52,completed,,DM1063
REQ-202601143,Powai,IT Support,Access Request,high,2026-07-19 11:24,2026-07-20 09:39,completed,,DM1181
REQ-202600645,Thane,Finance,Petty Cash Claim,medium,2026-07-19 11:26,,open,22940.0,DM1223
REQ-202600173,Powai,Maintenance,Equipment Repair,medium,2026-07-19 11:39,2026-07-20 11:48,completed,28620.0,DM1149
REQ-202600005,Powai,Store Operations,Shelf Replenishment,low,2026-07-19 11:42,2026-07-23 10:19,completed,,DM1134
REQ-202601615,Powai,Finance,Vendor Payment Query,medium,2026-07-19 12:18,,cancelled,,DM1068
REQ-202601833,Mumbai Central,Finance,Vendor Payment Query,medium,2026-07-19 12:49,,cancelled,,DM1020
REQ-202601303,Powai,Finance,Purchase Request,low,2026-07-19 13:00,2026-07-23 10:37,completed,83500.0,DM1092
REQ-202602198,Andheri,Maintenance,Equipment Repair,high,2026-07-19 13:37,2026-07-20 09:35,completed,65230.0,DM1204
REQ-202602768,Navi Mumbai,IT Support,Access Request,medium,2026-07-19 13:47,2026-07-20 10:32,completed,,DM1174
REQ-202601970,Andheri,Maintenance,Facility Issue,high,2026-07-19 13:54,2026-07-20 09:29,completed,,DM1220
REQ-202600088,Powai,Store Operations,Shelf Replenishment,medium,2026-07-19 14:44,2026-07-20 10:55,completed,,DM1164
REQ-202602821,Navi Mumbai,Finance,Vendor Payment Query,critical,2026-07-19 14:59,,open,,DM1077
REQ-202601964,Powai,Maintenance,Equipment Repair,low,2026-07-19 15:39,2026-07-21 10:05,completed,34240.0,DM1105
REQ-202601333,Thane,Store Operations,Shelf Replenishment,medium,2026-07-19 16:06,,open,,DM1205
REQ-202601068,Navi Mumbai,Maintenance,Facility Issue,critical,2026-07-19 16:31,2026-07-20 09:50,completed,,DM1026
REQ-202602273,Andheri,Merchandising,Price Change,low,2026-07-19 16:42,2026-07-21 16:48,completed,,DM1163
REQ-202600936,Navi Mumbai,Store Operations,Stock Transfer,critical,2026-07-19 16:56,2026-07-20 09:01,completed,163210.0,DM1140
REQ-202600611,Andheri,Store Operations,Stock Transfer,low,2026-07-19 21:20,2026-07-24 09:32,completed,7410.0,DM1165
REQ-202602297,Thane,Store Operations,Stock Transfer,low,2026-07-20 06:49,,in_progress,10320.0,DM1002
REQ-202602915,Mumbai Central,Store Operations,Customer Complaint,medium,2026-07-20 06:55,2026-07-20 16:06,completed,,DM1022
REQ-202600058,Mumbai Central,Finance,Purchase Request,medium,2026-07-20 07:05,2026-07-20 11:51,completed,12580.0,DM1048
REQ-202600986,Andheri,Merchandising,Promotion Setup,high,2026-07-20 07:21,2026-07-20 09:37,completed,,DM1004
REQ-202601790,Powai,Store Operations,Shelf Replenishment,low,2026-07-20 08:07,,open,,DM1221
REQ-202600443,Mumbai Central,Finance,Vendor Payment Query,critical,2026-07-20 08:08,2026-07-20 08:48,completed,,DM1073
REQ-202600268,Navi Mumbai,IT Support,POS Issue,high,2026-07-20 08:44,2026-07-20 12:27,completed,,DM1032
REQ-202600796,Mumbai Central,Maintenance,Facility Issue,medium,2026-07-20 08:49,,in_progress,,DM1192
REQ-202602933,Mumbai Central,IT Support,Access Request,high,2026-07-20 09:19,2026-07-20 12:25,completed,,DM1188
REQ-202601953,Powai,IT Support,Network Issue,medium,2026-07-20 09:46,2026-07-20 12:43,completed,,DM1091
REQ-202600832,Navi Mumbai,Finance,Purchase Request,medium,2026-07-20 09:52,2026-07-20 14:02,completed,3310.0,DM1129
REQ-202600767,Powai,Store Operations,Stock Transfer,low,2026-07-20 10:07,2026-07-24 09:43,completed,5000.0,DM1128
REQ-202601072,Thane,Store Operations,Stock Transfer,medium,2026-07-20 10:22,2026-07-21 12:07,completed,31380.0,DM1086
REQ-202601439,Thane,Finance,Vendor Payment Query,low,2026-07-20 10:32,2026-07-23 10:44,completed,,DM1028
REQ-202603022,Andheri,Maintenance,Equipment Repair,medium,2026-07-20 10:53,2026-07-20 12:47,completed,21030.0,DM1192
REQ-202600847,Thane,Store Operations,Customer Complaint,medium,2026-07-20 11:01,2026-07-21 08:27,completed,,DM1172
REQ-202600235,Powai,Store Operations,Stock Transfer,medium,2026-07-20 11:19,2026-07-20 13:52,completed,3650.0,DM1229
REQ-202600423,Navi Mumbai,Store Operations,Stock Transfer,medium,2026-07-20 12:00,2026-07-20 16:04,completed,114380.0,DM1132
REQ-202602014,Thane,IT Support,Network Issue,medium,2026-07-20 12:11,2026-07-20 15:39,completed,,DM1112
REQ-202600692,Thane,Store Operations,Shelf Replenishment,high,2026-07-20 13:03,2026-07-21 08:28,completed,,DM1209
REQ-202601846,Mumbai Central,IT Support,POS Issue,high,2026-07-20 13:13,2026-07-20 14:02,completed,,DM1019
REQ-202600809,Thane,Store Operations,Stock Transfer,high,2026-07-20 13:41,,cancelled,60350.0,DM1222
REQ-202601863,Mumbai Central,IT Support,Access Request,medium,2026-07-20 13:41,2026-07-21 11:01,completed,,DM1120
REQ-202602937,Powai,Merchandising,Promotion Setup,high,2026-07-20 13:43,2026-07-20 16:46,completed,,DM1070
REQ-202600958,Navi Mumbai,Maintenance,Equipment Repair,medium,2026-07-20 14:50,2026-07-22 13:36,completed,30550.0,DM1185
REQ-202602538,Thane,IT Support,POS Issue,low,2026-07-20 15:10,2026-07-22 16:20,completed,,DM1036
REQ-202600475,Andheri,Merchandising,Planogram Update,low,2026-07-20 15:16,2026-07-23 12:03,completed,,DM1028
REQ-202602348,Navi Mumbai,IT Support,Access Request,medium,2026-07-20 15:30,2026-07-21 09:56,completed,,DM1030
REQ-202601118,Andheri,Finance,Purchase Request,medium,2026-07-20 15:41,2026-07-22 08:35,completed,13220.0,DM1201
REQ-202602620,Navi Mumbai,Finance,Petty Cash Claim,low,2026-07-20 15:45,2026-07-23 11:35,completed,15230.0,DM1053
REQ-202601856,Thane,IT Support,Access Request,medium,2026-07-20 16:26,2026-07-21 09:56,completed,,DM1112
REQ-202601119,Thane,Merchandising,Price Change,low,2026-07-20 16:37,,in_progress,,DM1129
REQ-202600724,Thane,Store Operations,Shelf Replenishment,medium,2026-07-20 16:38,2026-07-21 12:33,completed,,DM1060
REQ-202601537,Mumbai Central,Maintenance,Facility Issue,low,2026-07-20 16:45,,in_progress,,DM1135
REQ-202601286,Thane,IT Support,POS Issue,medium,2026-07-20 16:46,2026-07-21 10:02,completed,,DM1193
REQ-202600648,Mumbai Central,Maintenance,Equipment Repair,medium,2026-07-20 16:50,,in_progress,18820.0,DM1012
REQ-202600041,Andheri,Merchandising,Price Change,medium,2026-07-20 17:26,2026-07-21 15:35,completed,,DM1098
REQ-202602864,Andheri,Store Operations,Stock Transfer,medium,2026-07-20 17:51,2026-07-21 16:46,completed,20730.0,DM1040
REQ-202603071,Andheri,Maintenance,Refrigeration Fault,medium,2026-07-20 18:13,,in_progress,,DM1202
REQ-202600866,Andheri,Store Operations,Customer Complaint,medium,2026-07-20 20:26,2026-07-21 10:43,completed,,DM1078
REQ-202603074,Powai,Store Operations,Customer Complaint,high,2026-07-21 06:19,2026-07-21 10:32,completed,,DM1005
REQ-202601428,Thane,Finance,Purchase Request,low,2026-07-21 07:28,2026-07-22 08:12,completed,11660.0,DM1116
REQ-202602645,Powai,IT Support,POS Issue,medium,2026-07-21 08:12,2026-07-21 12:37,completed,,DM1068
REQ-202601496,Andheri,Maintenance,Equipment Repair,critical,2026-07-21 08:22,2026-07-21 10:08,completed,21130.0,DM1018
REQ-202602381,Thane,HR,Onboarding,medium,2026-07-21 08:44,2026-07-21 14:22,completed,,DM1120
REQ-202602976,Mumbai Central,HR,Leave Query,low,2026-07-21 08:58,2026-07-23 11:32,completed,,DM1026
REQ-202602281,Mumbai Central,Maintenance,Equipment Repair,high,2026-07-21 09:07,2026-07-21 13:55,completed,12510.0,DM1105
REQ-202603177,Navi Mumbai,Store Operations,Shelf Replenishment,high,2026-07-21 09:16,2026-07-21 10:04,completed,,DM1127
REQ-202601291,Mumbai Central,Store Operations,Customer Complaint,medium,2026-07-21 09:53,2026-07-21 12:51,completed,,DM1231
REQ-202601444,Mumbai Central,Store Operations,Customer Complaint,medium,2026-07-21 10:07,2026-07-21 13:09,completed,,DM1183
REQ-202601206,Andheri,Merchandising,Price Change,low,2026-07-21 10:09,,cancelled,,DM1127
REQ-202601454,Thane,Store Operations,Shelf Replenishment,medium,2026-07-21 10:14,2026-07-21 16:04,completed,,DM1201
REQ-202600952,Navi Mumbai,HR,Payroll Query,low,2026-07-21 10:33,2026-07-22 13:44,completed,,DM1161
REQ-202602859,Andheri,Maintenance,Facility Issue,medium,2026-07-21 10:42,2026-07-21 14:40,completed,,DM1131
REQ-202600932,Powai,Maintenance,Equipment Repair,medium,2026-07-21 10:43,,open,25420.0,DM1044
REQ-202600533,Andheri,Store Operations,Customer Complaint,high,2026-07-21 11:13,2026-07-21 15:36,completed,,DM1094
REQ-202601059,Mumbai Central,Store Operations,Shelf Replenishment,medium,2026-07-21 11:18,2026-07-22 09:16,completed,,DM1025
REQ-202601679,Powai,IT Support,POS Issue,low,2026-07-21 11:23,2026-07-24 09:51,completed,,DM1059
REQ-202601530,Powai,IT Support,POS Issue,low,2026-07-21 12:07,,cancelled,,DM1133
REQ-202602897,Andheri,Store Operations,Stock Transfer,medium,2026-07-21 13:06,2026-07-21 15:09,completed,3250.0,DM1240
REQ-202602839,Mumbai Central,Maintenance,Refrigeration Fault,medium,2026-07-21 13:37,2026-07-22 08:06,completed,,DM1064
REQ-202602890,Powai,Merchandising,Planogram Update,high,2026-07-21 13:38,2026-07-21 15:15,completed,,DM1018
REQ-202601505,Mumbai Central,Maintenance,Refrigeration Fault,high,2026-07-21 13:57,2026-07-21 16:08,completed,,DM1114
REQ-202602073,Mumbai Central,HR,Leave Query,medium,2026-07-21 13:59,,open,,DM1037
REQ-202600019,Thane,Merchandising,Promotion Setup,high,2026-07-21 14:08,,open,,DM1004
REQ-202600585,Navi Mumbai,IT Support,Network Issue,medium,2026-07-21 14:25,,open,,DM1003
REQ-202600164,Andheri,Store Operations,Stock Transfer,medium,2026-07-21 14:43,2026-07-22 08:10,completed,60830.0,DM1108
REQ-202601241,Powai,Store Operations,Stock Transfer,medium,2026-07-21 14:44,2026-07-22 13:28,completed,3490.0,DM1160
REQ-202602689,Thane,Maintenance,Facility Issue,medium,2026-07-21 15:36,2026-07-23 10:07,completed,,DM1112
REQ-202601216,Andheri,Store Operations,Customer Complaint,medium,2026-07-21 15:39,2026-07-22 12:51,completed,,DM1178
REQ-202600966,Powai,Store Operations,Customer Complaint,medium,2026-07-21 16:16,2026-07-22 12:53,completed,,DM1007
REQ-202601582,Powai,Store Operations,Stock Transfer,medium,2026-07-21 18:25,2026-07-22 11:31,completed,17770.0,DM1192
REQ-202601184,Mumbai Central,Maintenance,Facility Issue,high,2026-07-21 19:58,,in_progress,,DM1040
REQ-202601346,Thane,Maintenance,Refrigeration Fault,medium,2026-07-21 21:11,2026-07-22 13:09,completed,,DM1122
REQ-202601438,Andheri,IT Support,Access Request,low,2026-07-21 21:57,2026-07-25 13:06,completed,,DM1121
REQ-202601761,Powai,Maintenance,Facility Issue,low,2026-07-22 08:06,2026-07-24 11:09,completed,,DM1088
REQ-202601903,Navi Mumbai,Store Operations,Shelf Replenishment,high,2026-07-22 08:54,2026-07-22 10:29,completed,,DM1123
REQ-202601215,Powai,Merchandising,Promotion Setup,high,2026-07-22 09:25,2026-07-22 14:47,completed,,DM1073
REQ-202601977,Mumbai Central,Store Operations,Customer Complaint,critical,2026-07-22 09:46,2026-07-22 11:00,completed,,DM1147
REQ-202602863,Mumbai Central,Store Operations,Stock Transfer,medium,2026-07-22 09:57,2026-07-22 16:50,completed,21610.0,DM1183
REQ-202601306,Navi Mumbai,Merchandising,Planogram Update,medium,2026-07-22 10:17,2026-07-22 15:29,completed,,DM1230
REQ-202602154,Mumbai Central,IT Support,Access Request,medium,2026-07-22 10:18,2026-07-22 14:27,completed,,DM1112
REQ-202602888,Andheri,Store Operations,Stock Transfer,medium,2026-07-22 10:35,2026-07-22 15:02,completed,21930.0,DM1058
REQ-202602427,Navi Mumbai,IT Support,Network Issue,critical,2026-07-22 10:40,2026-07-22 12:08,completed,,DM1167
REQ-202601089,Andheri,Merchandising,Planogram Update,medium,2026-07-22 10:41,2026-07-23 10:33,completed,,DM1016
REQ-202602925,Andheri,HR,Onboarding,medium,2026-07-22 11:46,2026-07-23 09:39,completed,,DM1095
REQ-202603068,Mumbai Central,Maintenance,Refrigeration Fault,medium,2026-07-22 12:00,2026-07-22 15:59,completed,,DM1071
REQ-202601691,Powai,IT Support,POS Issue,high,2026-07-22 12:12,2026-07-22 15:18,completed,,DM1126
REQ-202602335,Thane,Store Operations,Shelf Replenishment,medium,2026-07-22 13:04,2026-07-23 08:27,completed,,DM1178
REQ-202602389,Thane,Store Operations,Stock Transfer,low,2026-07-22 13:05,,cancelled,30120.0,DM1098
REQ-202600922,Powai,Merchandising,Planogram Update,low,2026-07-22 13:20,2026-07-23 14:31,completed,,DM1230
REQ-202600555,Thane,Store Operations,Customer Complaint,low,2026-07-22 13:32,2026-07-23 14:24,completed,,DM1239
REQ-202602075,Mumbai Central,Maintenance,Refrigeration Fault,low,2026-07-22 13:36,2026-07-24 16:07,completed,,DM1220
REQ-202602163,Andheri,Merchandising,Promotion Setup,medium,2026-07-22 13:37,2026-07-23 10:18,completed,,DM1082
REQ-202600155,Powai,IT Support,Network Issue,medium,2026-07-22 13:41,2026-07-22 16:55,completed,,DM1138
REQ-202600315,Mumbai Central,Store Operations,Customer Complaint,medium,2026-07-22 13:43,2026-07-22 15:43,completed,,DM1035
REQ-202602869,Navi Mumbai,Store Operations,Stock Transfer,medium,2026-07-22 13:57,2026-07-23 12:04,completed,3090.0,DM1097
REQ-202600159,Thane,Store Operations,Shelf Replenishment,medium,2026-07-22 14:41,2026-07-23 14:08,completed,,DM1032
REQ-202603027,Navi Mumbai,IT Support,POS Issue,critical,2026-07-22 14:44,2026-07-22 15:43,completed,,DM1156
REQ-202601617,Thane,Store Operations,Customer Complaint,low,2026-07-22 14:49,2026-07-24 14:04,completed,,DM1165
REQ-202602624,Navi Mumbai,HR,Onboarding,low,2026-07-22 15:09,2026-07-24 09:04,completed,,DM1116
REQ-202601182,Navi Mumbai,Merchandising,Price Change,medium,2026-07-22 15:13,2026-07-23 13:06,completed,,DM1202
REQ-202600428,Navi Mumbai,IT Support,POS Issue,high,2026-07-22 15:24,2026-07-23 13:26,completed,,DM1195
REQ-202603195,Thane,Maintenance,Facility Issue,medium,2026-07-22 16:15,2026-07-23 12:37,completed,,DM1222
REQ-202600870,Thane,Finance,Purchase Request,medium,2026-07-22 16:31,,cancelled,7360.0,DM1044
REQ-202600223,Mumbai Central,IT Support,POS Issue,high,2026-07-22 16:45,2026-07-23 09:26,completed,,DM1218
REQ-202601869,Andheri,IT Support,Network Issue,medium,2026-07-22 17:34,2026-07-23 12:32,completed,,DM1062
REQ-202602050,Andheri,Finance,Vendor Payment Query,low,2026-07-22 17:40,2026-07-23 16:41,completed,,DM1194
REQ-202601468,Thane,IT Support,Access Request,medium,2026-07-22 18:41,,in_progress,,DM1163
REQ-202600836,Andheri,Store Operations,Stock Transfer,critical,2026-07-22 19:15,2026-07-23 08:48,completed,25430.0,DM1101
REQ-202601011,Thane,Store Operations,Stock Transfer,high,2026-07-22 19:23,2026-07-23 10:14,completed,16130.0,DM1216
REQ-202600071,Mumbai Central,Store Operations,Shelf Replenishment,low,2026-07-22 19:43,2026-07-25 11:01,completed,,DM1041
REQ-202600060,Thane,Merchandising,Planogram Update,medium,2026-07-22 21:47,2026-07-23 11:17,completed,,DM1134
REQ-202600581,Thane,Store Operations,Customer Complaint,low,2026-07-23 06:12,2026-07-23 16:43,completed,,DM1060
REQ-202600230,Andheri,Finance,Vendor Payment Query,low,2026-07-23 07:08,2026-07-27 11:49,completed,,DM1130
REQ-202600758,Thane,Merchandising,Price Change,low,2026-07-23 07:21,2026-07-27 10:54,completed,,DM1062
REQ-202600622,Andheri,Merchandising,Promotion Setup,medium,2026-07-23 07:45,2026-07-23 15:00,completed,,DM1168
REQ-202602670,Mumbai Central,IT Support,Network Issue,medium,2026-07-23 07:53,2026-07-23 13:07,completed,,DM1239
REQ-202600169,Navi Mumbai,Store Operations,Shelf Replenishment,medium,2026-07-23 08:11,2026-07-23 10:24,completed,,DM1177
REQ-202600288,Navi Mumbai,Merchandising,Planogram Update,high,2026-07-23 08:20,2026-07-23 10:34,completed,,DM1142
REQ-202601156,Mumbai Central,Maintenance,Facility Issue,medium,2026-07-23 08:31,2026-07-23 10:34,completed,,DM1017
REQ-202602756,Mumbai Central,Merchandising,Planogram Update,medium,2026-07-23 08:47,2026-07-23 10:23,completed,,DM1033
REQ-202602702,Mumbai Central,Merchandising,Promotion Setup,medium,2026-07-23 08:57,2026-07-24 16:04,completed,,DM1049
REQ-202603123,Andheri,Maintenance,Equipment Repair,low,2026-07-23 08:57,2026-07-23 14:22,completed,38090.0,DM1106
REQ-202602564,Thane,Store Operations,Customer Complaint,high,2026-07-23 09:36,2026-07-23 11:05,completed,,DM1025
REQ-202602592,Mumbai Central,Store Operations,Stock Transfer,medium,2026-07-23 09:43,2026-07-23 16:31,completed,5320.0,DM1223
REQ-202600292,Thane,Store Operations,Stock Transfer,medium,2026-07-23 09:56,2026-07-23 16:49,completed,9540.0,DM1151
REQ-202601189,Navi Mumbai,HR,Leave Query,low,2026-07-23 10:26,,open,,DM1187
REQ-202602114,Navi Mumbai,Store Operations,Stock Transfer,low,2026-07-23 10:41,,open,13330.0,DM1062
REQ-202600047,Powai,Store Operations,Shelf Replenishment,high,2026-07-23 10:48,2026-07-23 15:49,completed,,DM1144
REQ-202602951,Thane,Store Operations,Stock Transfer,medium,2026-07-23 10:52,2026-07-23 14:36,completed,41420.0,DM1036
REQ-202601054,Thane,Store Operations,Stock Transfer,low,2026-07-23 11:13,2026-07-24 13:07,completed,17300.0,DM1230
REQ-202602828,Powai,Finance,Purchase Request,medium,2026-07-23 11:48,2026-07-24 08:27,completed,19320.0,DM1184
REQ-202601609,Andheri,Store Operations,Customer Complaint,low,2026-07-23 12:06,2026-07-27 12:39,completed,,DM1231
REQ-202602206,Thane,Store Operations,Customer Complaint,low,2026-07-23 12:07,2026-07-24 12:30,completed,,DM1216
REQ-202600293,Thane,Store Operations,Stock Transfer,medium,2026-07-23 12:25,2026-07-24 11:47,completed,19190.0,DM1111
REQ-202600584,Mumbai Central,IT Support,Access Request,medium,2026-07-23 13:22,2026-07-24 16:09,completed,,DM1218
REQ-202600191,Andheri,Store Operations,Shelf Replenishment,high,2026-07-23 13:24,2026-07-24 09:11,completed,,DM1117
REQ-202602836,Thane,Finance,Petty Cash Claim,medium,2026-07-23 13:54,2026-07-24 12:21,completed,18660.0,DM1064
REQ-202603164,Powai,Store Operations,Stock Transfer,critical,2026-07-23 15:03,2026-07-23 16:11,completed,13930.0,DM1100
REQ-202601778,Andheri,Merchandising,Price Change,medium,2026-07-23 15:34,,open,,DM1157
REQ-202602648,Thane,Store Operations,Shelf Replenishment,critical,2026-07-23 15:43,2026-07-23 16:35,completed,,DM1219
REQ-202600655,Thane,IT Support,Access Request,medium,2026-07-23 15:54,2026-07-24 12:47,completed,,DM1172
REQ-202602353,Mumbai Central,Store Operations,Stock Transfer,high,2026-07-23 16:56,2026-07-24 10:09,completed,4760.0,DM1057
REQ-202600630,Thane,Store Operations,Stock Transfer,medium,2026-07-23 17:55,2026-07-24 11:55,completed,4290.0,DM1112
REQ-202600199,Powai,Merchandising,Planogram Update,medium,2026-07-23 18:39,2026-07-25 15:37,completed,,DM1230
REQ-202600381,Mumbai Central,Maintenance,Equipment Repair,medium,2026-07-23 19:05,2026-07-24 11:42,completed,17920.0,DM1179
REQ-202600825,Navi Mumbai,Store Operations,Stock Transfer,medium,2026-07-23 19:46,2026-07-24 11:25,completed,17870.0,DM1223
REQ-202602169,Thane,Store Operations,Shelf Replenishment,high,2026-07-23 21:27,2026-07-24 10:12,completed,,DM1094
REQ-202601128,Navi Mumbai,Finance,Purchase Request,medium,2026-07-24 06:26,2026-07-24 16:51,completed,2580.0,DM1232
REQ-202602375,Thane,HR,Onboarding,medium,2026-07-24 07:35,,cancelled,,DM1125
REQ-202602323,Andheri,Store Operations,Stock Transfer,medium,2026-07-24 08:10,2026-07-24 09:22,completed,16700.0,DM1228
REQ-202602858,Andheri,Maintenance,Refrigeration Fault,low,2026-07-24 08:14,2026-07-25 13:46,completed,,DM1005
REQ-202602304,Mumbai Central,Store Operations,Customer Complaint,medium,2026-07-24 08:24,,in_progress,,DM1232
REQ-202600765,Navi Mumbai,HR,Onboarding,medium,2026-07-24 08:32,,open,,DM1098
REQ-202602231,Thane,IT Support,Access Request,low,2026-07-24 08:36,2026-07-25 09:26,completed,,DM1149
REQ-202602653,Mumbai Central,Store Operations,Customer Complaint,high,2026-07-24 08:38,2026-07-24 11:30,completed,,DM1133
REQ-202602877,Navi Mumbai,Store Operations,Customer Complaint,medium,2026-07-24 08:48,2026-07-24 11:07,completed,,DM1018
REQ-202601878,Mumbai Central,Maintenance,Equipment Repair,high,2026-07-24 08:58,2026-07-24 10:05,completed,25730.0,DM1065
REQ-202600598,Powai,Store Operations,Shelf Replenishment,low,2026-07-24 09:11,2026-07-28 09:48,completed,,DM1202
REQ-202600894,Mumbai Central,IT Support,POS Issue,high,2026-07-24 09:15,2026-07-24 11:28,completed,,DM1092
REQ-202602834,Powai,Maintenance,Facility Issue,low,2026-07-24 10:02,2026-07-27 14:43,completed,,DM1172
REQ-202602830,Navi Mumbai,Store Operations,Stock Transfer,medium,2026-07-24 10:28,,in_progress,13240.0,DM1159
REQ-202601850,Thane,IT Support,Network Issue,critical,2026-07-24 10:43,,cancelled,,DM1064
REQ-202600545,Thane,Store Operations,Shelf Replenishment,medium,2026-07-24 10:47,2026-07-25 09:17,completed,,DM1113
REQ-202601395,Andheri,Finance,Petty Cash Claim,medium,2026-07-24 10:53,2026-07-25 09:24,completed,10770.0,DM1205
REQ-202601311,Powai,Merchandising,Promotion Setup,low,2026-07-24 11:30,2026-07-27 16:33,completed,,DM1134
REQ-202601880,Powai,Store Operations,Shelf Replenishment,medium,2026-07-24 11:39,2026-07-25 10:13,completed,,DM1215
REQ-202602666,Thane,Store Operations,Customer Complaint,medium,2026-07-24 11:53,,open,,DM1053
REQ-202603046,Mumbai Central,Merchandising,Planogram Update,critical,2026-07-24 12:05,2026-07-24 14:15,completed,,DM1014
REQ-202602415,Thane,Store Operations,Customer Complaint,medium,2026-07-24 12:24,2026-07-24 14:17,completed,,DM1104
REQ-202600341,Powai,IT Support,Network Issue,medium,2026-07-24 12:26,2026-07-25 08:06,completed,,DM1229
REQ-202601380,Thane,IT Support,Access Request,medium,2026-07-24 12:48,2026-07-24 15:22,completed,,DM1107
REQ-202602122,Andheri,Store Operations,Customer Complaint,critical,2026-07-24 12:53,,cancelled,,DM1200
REQ-202602735,Powai,Store Operations,Stock Transfer,medium,2026-07-24 12:55,2026-07-24 16:52,completed,9980.0,DM1062
REQ-202602615,Thane,Finance,Vendor Payment Query,low,2026-07-24 13:12,2026-07-27 10:39,completed,,DM1237
REQ-202602896,Powai,Store Operations,Customer Complaint,medium,2026-07-24 13:21,2026-07-25 12:36,completed,,DM1038
REQ-202600823,Powai,Store Operations,Customer Complaint,medium,2026-07-24 13:23,2026-07-25 09:14,completed,,DM1041
REQ-202601559,Powai,Finance,Vendor Payment Query,low,2026-07-24 14:20,2026-07-29 10:46,completed,,DM1173
REQ-202600384,Mumbai Central,Store Operations,Stock Transfer,medium,2026-07-24 15:53,2026-07-25 08:10,completed,12330.0,DM1046
REQ-202600453,Mumbai Central,Store Operations,Shelf Replenishment,low,2026-07-24 16:13,2026-07-27 12:18,completed,,DM1164
REQ-202601642,Powai,Maintenance,Facility Issue,medium,2026-07-24 16:34,2026-07-25 13:35,completed,,DM1051
REQ-202602913,Navi Mumbai,Store Operations,Stock Transfer,medium,2026-07-24 16:35,2026-07-25 10:45,completed,52460.0,DM1140
REQ-202600333,Navi Mumbai,Maintenance,Equipment Repair,medium,2026-07-24 16:41,2026-07-25 12:38,completed,9160.0,DM1179
REQ-202600013,Thane,Maintenance,Equipment Repair,medium,2026-07-24 17:01,2026-07-25 16:25,completed,19830.0,DM1011
REQ-202600161,Mumbai Central,IT Support,POS Issue,low,2026-07-24 17:45,2026-07-27 10:12,completed,,DM1235
REQ-202603116,Navi Mumbai,Finance,Vendor Payment Query,medium,2026-07-24 19:47,2026-07-27 08:27,completed,,DM1021
REQ-202602252,Mumbai Central,Maintenance,Facility Issue,low,2026-07-24 20:07,2026-07-27 10:36,completed,,DM1083
REQ-202600238,Andheri,Maintenance,Equipment Repair,low,2026-07-24 20:56,2026-07-28 11:37,completed,63820.0,DM1094
REQ-202601187,Thane,Store Operations,Stock Transfer,low,2026-07-24 21:06,,open,6770.0,DM1231
REQ-202602512,Navi Mumbai,Merchandising,Price Change,medium,2026-07-25 06:30,2026-07-25 13:53,completed,,DM1113
REQ-202600961,Thane,Store Operations,Shelf Replenishment,low,2026-07-25 08:02,2026-07-27 09:51,completed,,DM1036
REQ-202602212,Powai,IT Support,Network Issue,high,2026-07-25 08:25,2026-07-25 11:30,completed,,DM1193
REQ-202602420,Andheri,Store Operations,Shelf Replenishment,critical,2026-07-25 08:26,2026-07-25 10:18,completed,,DM1012
REQ-202602378,Navi Mumbai,Finance,Petty Cash Claim,high,2026-07-25 08:36,,cancelled,178111.0,DM1043
REQ-202600831,Andheri,Finance,Petty Cash Claim,low,2026-07-25 08:37,2026-07-28 12:26,completed,12240.0,DM1218
REQ-202601246,Andheri,Store Operations,Customer Complaint,medium,2026-07-25 08:38,2026-07-25 15:12,completed,,DM1143
REQ-202601367,Mumbai Central,Store Operations,Customer Complaint,medium,2026-07-25 08:39,,in_progress,,DM1023
REQ-202602817,Andheri,Finance,Petty Cash Claim,low,2026-07-25 08:48,2026-07-27 09:04,completed,8270.0,DM1071
REQ-202603007,Mumbai Central,Store Operations,Stock Transfer,medium,2026-07-25 08:48,2026-07-25 15:52,completed,67860.0,DM1152
REQ-202602150,Powai,Maintenance,Equipment Repair,low,2026-07-25 08:55,2026-07-28 13:22,completed,304417.0,DM1059
REQ-202603187,Powai,Maintenance,Equipment Repair,medium,2026-07-25 09:00,2026-07-25 15:43,completed,7900.0,DM1019
REQ-202602185,Andheri,IT Support,Network Issue,critical,2026-07-25 10:16,2026-07-25 11:30,completed,,DM1111
REQ-202601942,Navi Mumbai,IT Support,Access Request,medium,2026-07-25 10:42,2026-07-27 10:41,completed,,DM1145
REQ-202600909,Powai,Store Operations,Stock Transfer,medium,2026-07-25 10:57,2026-07-27 08:51,completed,7970.0,DM1067
REQ-202600027,Thane,IT Support,POS Issue,medium,2026-07-25 11:02,2026-07-27 10:23,completed,,DM1023
REQ-202600215,Mumbai Central,Maintenance,Refrigeration Fault,medium,2026-07-25 11:36,2026-07-25 14:38,completed,,DM1201
REQ-202601172,Mumbai Central,Finance,Purchase Request,low,2026-07-25 11:43,2026-07-28 15:12,completed,11940.0,DM1036
REQ-202600507,Powai,Merchandising,Planogram Update,high,2026-07-25 12:00,2026-07-25 12:40,completed,,DM1091
REQ-202601262,Thane,Store Operations,Customer Complaint,low,2026-07-25 12:09,2026-07-27 09:24,completed,,DM1069
REQ-202600237,Thane,Merchandising,Promotion Setup,medium,2026-07-25 13:29,,in_progress,,DM1227
REQ-202600778,Navi Mumbai,IT Support,POS Issue,high,2026-07-25 14:29,2026-07-27 08:45,completed,,DM1207
REQ-202601489,Mumbai Central,Maintenance,Refrigeration Fault,medium,2026-07-25 14:33,2026-07-27 09:08,completed,,DM1126
REQ-202600080,Andheri,Store Operations,Stock Transfer,low,2026-07-25 14:50,2026-07-28 12:41,completed,12090.0,DM1168
REQ-202602390,Mumbai Central,Finance,Petty Cash Claim,low,2026-07-25 15:15,2026-07-27 16:20,completed,30260.0,DM1160
REQ-202603016,Navi Mumbai,Finance,Petty Cash Claim,medium,2026-07-25 15:32,2026-07-27 13:24,completed,53660.0,DM1008
REQ-202601193,Thane,Store Operations,Customer Complaint,medium,2026-07-25 15:54,2026-07-27 15:34,completed,,DM1186
REQ-202602093,Andheri,Maintenance,Facility Issue,medium,2026-07-25 16:12,,in_progress,,DM1184
REQ-202600020,Mumbai Central,Store Operations,Stock Transfer,high,2026-07-25 16:26,,open,10590.0,DM1001
REQ-202602364,Powai,IT Support,Network Issue,low,2026-07-25 16:28,2026-07-29 13:23,completed,,DM1100
REQ-202601358,Thane,Store Operations,Customer Complaint,medium,2026-07-25 16:40,,open,,DM1137
REQ-202601224,Andheri,Store Operations,Stock Transfer,critical,2026-07-25 16:43,,in_progress,5580.0,DM1071
REQ-202602059,Andheri,Maintenance,Refrigeration Fault,medium,2026-07-25 16:55,2026-07-28 12:44,completed,,DM1021
REQ-202601169,Thane,Store Operations,Stock Transfer,medium,2026-07-25 16:56,2026-07-28 08:33,completed,33640.0,DM1135
REQ-202600249,Thane,Finance,Petty Cash Claim,medium,2026-07-25 16:58,,open,31600.0,DM1184
REQ-202602120,Thane,Merchandising,Promotion Setup,low,2026-07-25 18:51,2026-07-28 10:11,completed,,DM1215
REQ-202601982,Powai,Merchandising,Planogram Update,low,2026-07-25 20:38,2026-07-27 14:43,completed,,DM1102
REQ-202603081,Mumbai Central,Merchandising,Price Change,low,2026-07-25 21:37,,cancelled,,DM1189
REQ-202602354,Mumbai Central,Store Operations,Customer Complaint,medium,2026-07-26 08:05,2026-07-28 10:23,completed,,DM1180
REQ-202600209,Andheri,Merchandising,Planogram Update,critical,2026-07-26 08:07,2026-07-27 10:34,completed,,DM1032
REQ-202600881,Andheri,Store Operations,Customer Complaint,medium,2026-07-26 08:43,2026-07-27 15:03,completed,,DM1020
REQ-202603028,Mumbai Central,Merchandising,Promotion Setup,medium,2026-07-26 08:43,,open,,DM1191
REQ-202603023,Mumbai Central,Maintenance,Equipment Repair,low,2026-07-26 08:53,2026-07-29 13:49,completed,7670.0,DM1095
REQ-202601436,Mumbai Central,Merchandising,Promotion Setup,high,2026-07-26 09:03,2026-07-27 12:11,completed,,DM1020
REQ-202602493,Powai,Store Operations,Stock Transfer,medium,2026-07-26 09:13,2026-07-27 10:26,completed,13970.0,DM1115
REQ-202600572,Andheri,IT Support,POS Issue,high,2026-07-26 09:43,2026-07-27 11:21,completed,,DM1235
REQ-202602140,Powai,Store Operations,Stock Transfer,low,2026-07-26 09:54,2026-07-29 15:34,completed,56430.0,DM1116
REQ-202600848,Thane,Finance,Petty Cash Claim,low,2026-07-26 10:27,2026-07-27 13:36,completed,156050.0,DM1194
REQ-202601261,Navi Mumbai,Merchandising,Planogram Update,low,2026-07-26 11:55,2026-07-27 13:51,completed,,DM1109
REQ-202602614,Navi Mumbai,Finance,Vendor Payment Query,low,2026-07-26 12:19,,in_progress,,DM1168
REQ-202600685,Powai,Store Operations,Customer Complaint,high,2026-07-26 12:42,2026-07-27 10:09,completed,,DM1163
REQ-202601041,Andheri,Maintenance,Facility Issue,medium,2026-07-26 12:46,2026-07-27 14:30,completed,,DM1178
REQ-202601854,Thane,Maintenance,Equipment Repair,critical,2026-07-26 14:07,2026-07-27 09:59,completed,33690.0,DM1020
REQ-202601364,Andheri,Store Operations,Stock Transfer,critical,2026-07-26 14:17,,in_progress,6900.0,DM1240
REQ-202602923,Navi Mumbai,Store Operations,Stock Transfer,low,2026-07-26 15:15,2026-07-28 13:00,completed,118260.0,DM1161
REQ-202600824,Andheri,Store Operations,Customer Complaint,low,2026-07-26 15:27,2026-07-30 11:06,completed,,DM1005
REQ-202600158,Thane,Store Operations,Stock Transfer,high,2026-07-26 15:32,2026-07-27 16:00,completed,11640.0,DM1198
REQ-202600904,Navi Mumbai,Store Operations,Customer Complaint,medium,2026-07-26 15:33,2026-07-27 12:44,completed,,DM1240
REQ-202601972,Andheri,HR,Leave Query,high,2026-07-26 15:41,2026-07-27 09:01,completed,,DM1163
REQ-202600331,Thane,IT Support,Access Request,medium,2026-07-26 15:52,2026-07-27 16:05,completed,,DM1152
REQ-202601605,Powai,Store Operations,Shelf Replenishment,low,2026-07-26 15:58,2026-07-29 13:04,completed,,DM1103
REQ-202601107,Powai,Store Operations,Shelf Replenishment,critical,2026-07-26 16:09,,open,,DM1114
REQ-202602428,Mumbai Central,Store Operations,Customer Complaint,high,2026-07-26 16:20,,in_progress,,DM1093
REQ-202601632,Mumbai Central,Store Operations,Customer Complaint,medium,2026-07-26 16:30,2026-07-27 14:15,completed,,DM1171
REQ-202602677,Mumbai Central,Store Operations,Shelf Replenishment,low,2026-07-26 16:35,,open,,DM1201
REQ-202600876,Navi Mumbai,Merchandising,Planogram Update,medium,2026-07-26 16:45,,open,,DM1129
REQ-202601701,Powai,Maintenance,Facility Issue,low,2026-07-26 16:51,,in_progress,,DM1154
REQ-202603089,Thane,Merchandising,Price Change,high,2026-07-26 16:56,2026-07-27 09:38,completed,,DM1210
REQ-202601681,Andheri,Store Operations,Shelf Replenishment,medium,2026-07-26 17:31,2026-07-27 16:48,completed,,DM1028
REQ-202601403,Mumbai Central,IT Support,Access Request,low,2026-07-26 17:40,2026-07-28 12:44,completed,,DM1028
REQ-202601125,Navi Mumbai,Store Operations,Customer Complaint,medium,2026-07-26 18:35,2026-07-28 09:45,completed,,DM1020
REQ-202603073,Mumbai Central,IT Support,POS Issue,medium,2026-07-26 19:30,2026-07-27 15:29,completed,,DM1063
REQ-202602193,Powai,Finance,Purchase Request,high,2026-07-26 19:37,2026-07-27 10:32,completed,60110.0,DM1159
REQ-202602476,Andheri,HR,Leave Query,high,2026-07-26 19:40,,in_progress,,DM1081
REQ-202601292,Navi Mumbai,Merchandising,Promotion Setup,high,2026-07-26 21:24,,cancelled,,DM1055
REQ-202602903,Powai,Maintenance,Refrigeration Fault,critical,2026-07-27 08:01,2026-07-27 10:47,completed,,DM1123
REQ-202601541,Powai,Finance,Vendor Payment Query,low,2026-07-27 08:10,2026-07-30 14:46,completed,,DM1073
REQ-202602423,Mumbai Central,IT Support,POS Issue,medium,2026-07-27 08:14,2026-07-27 15:02,completed,,DM1018
REQ-202602984,Navi Mumbai,Store Operations,Customer Complaint,low,2026-07-27 08:26,2026-07-28 10:33,completed,,DM1231
REQ-202602137,Powai,Merchandising,Planogram Update,low,2026-07-27 08:32,2026-07-30 10:57,completed,,DM1062
REQ-202602891,Navi Mumbai,Store Operations,Stock Transfer,low,2026-07-27 08:41,,cancelled,46070.0,DM1218
REQ-202600838,Thane,IT Support,Network Issue,critical,2026-07-27 08:54,,cancelled,,DM1087
REQ-202600731,Thane,Store Operations,Shelf Replenishment,high,2026-07-27 09:50,,cancelled,,DM1144
REQ-202600117,Powai,IT Support,Network Issue,low,2026-07-27 10:29,2026-07-28 12:53,completed,,DM1220
REQ-202600548,Thane,Store Operations,Customer Complaint,medium,2026-07-27 10:32,,in_progress,,DM1199
REQ-202603097,Mumbai Central,Maintenance,Refrigeration Fault,medium,2026-07-27 11:03,2026-07-27 16:48,completed,,DM1014
REQ-202601160,Thane,IT Support,POS Issue,low,2026-07-27 11:48,2026-07-28 09:05,completed,,DM1117
REQ-202600108,Andheri,Maintenance,Equipment Repair,medium,2026-07-27 11:59,2026-07-27 15:15,completed,16070.0,DM1178
REQ-202602251,Thane,Finance,Petty Cash Claim,low,2026-07-27 12:08,2026-07-31 09:39,completed,403097.0,DM1080
REQ-202600101,Powai,Maintenance,Facility Issue,critical,2026-07-27 13:38,2026-07-27 15:04,completed,,DM1067
REQ-202600672,Powai,Merchandising,Promotion Setup,medium,2026-07-27 13:42,2026-07-27 16:43,completed,,DM1044
REQ-202601655,Mumbai Central,HR,Leave Query,medium,2026-07-27 13:43,2026-07-28 08:49,completed,,DM1054
REQ-202600038,Powai,Store Operations,Shelf Replenishment,low,2026-07-27 14:11,2026-08-01 16:28,completed,,DM1152
REQ-202601299,Powai,Merchandising,Price Change,low,2026-07-27 14:31,2026-07-29 10:59,completed,,DM1222
REQ-202602603,Andheri,IT Support,Access Request,medium,2026-07-27 14:36,2026-07-28 11:18,completed,,DM1177
REQ-202600808,Andheri,IT Support,Network Issue,low,2026-07-27 15:28,,cancelled,,DM1191
REQ-202603003,Thane,Merchandising,Price Change,high,2026-07-27 15:40,2026-07-28 15:36,completed,,DM1100
REQ-202600855,Mumbai Central,IT Support,Network Issue,medium,2026-07-27 15:55,,in_progress,,DM1228
REQ-202601164,Andheri,Merchandising,Promotion Setup,high,2026-07-27 16:32,2026-07-28 12:34,completed,,DM1179
REQ-202600277,Andheri,IT Support,Network Issue,high,2026-07-27 17:23,,open,,DM1181
REQ-202601005,Thane,IT Support,Access Request,high,2026-07-27 17:58,2026-07-28 09:21,completed,,DM1117
REQ-202601423,Powai,Finance,Vendor Payment Query,medium,2026-07-27 18:59,2026-07-28 11:47,completed,,DM1051
REQ-202602503,Andheri,Store Operations,Stock Transfer,medium,2026-07-27 19:34,,in_progress,14670.0,DM1121
REQ-202601191,Andheri,Merchandising,Planogram Update,high,2026-07-27 19:46,2026-07-28 09:03,completed,,DM1210
REQ-202601521,Thane,IT Support,Network Issue,low,2026-07-27 20:54,2026-07-29 10:22,completed,,DM1093
REQ-202601680,Andheri,IT Support,POS Issue,high,2026-07-28 07:31,2026-07-28 10:05,completed,,DM1168
REQ-202602417,Andheri,Store Operations,Shelf Replenishment,critical,2026-07-28 07:37,,open,,DM1104
REQ-202600577,Thane,Store Operations,Stock Transfer,high,2026-07-28 08:12,2026-07-28 11:18,completed,33970.0,DM1099
REQ-202602786,Powai,Finance,Petty Cash Claim,medium,2026-07-28 08:21,2026-07-28 10:55,completed,81560.0,DM1034
REQ-202602515,Andheri,Finance,Petty Cash Claim,low,2026-07-28 08:38,2026-07-29 13:55,completed,60380.0,DM1002
REQ-202602338,Mumbai Central,Store Operations,Customer Complaint,low,2026-07-28 09:11,2026-07-30 15:29,completed,,DM1132
REQ-202602161,Andheri,Store Operations,Shelf Replenishment,critical,2026-07-28 09:13,2026-07-28 10:24,completed,,DM1169
REQ-202602454,Andheri,Merchandising,Price Change,critical,2026-07-28 09:13,,open,,DM1050
REQ-202601707,Thane,HR,Leave Query,medium,2026-07-28 09:18,2026-07-29 10:55,completed,,DM1021
REQ-202601094,Mumbai Central,Store Operations,Customer Complaint,critical,2026-07-28 09:32,2026-07-28 11:16,completed,,DM1074
REQ-202600789,Mumbai Central,HR,Payroll Query,high,2026-07-28 09:57,,open,,DM1136
REQ-202600336,Andheri,Merchandising,Price Change,medium,2026-07-28 10:44,2026-07-29 11:06,completed,,DM1153
REQ-202602794,Navi Mumbai,Merchandising,Price Change,low,2026-07-28 11:20,2026-07-29 08:14,completed,,DM1222
REQ-202600727,Mumbai Central,Store Operations,Stock Transfer,critical,2026-07-28 11:32,2026-07-28 12:28,completed,20810.0,DM1226
REQ-202603064,Mumbai Central,Store Operations,Customer Complaint,high,2026-07-28 11:56,,open,,DM1150
REQ-202601268,Thane,Store Operations,Customer Complaint,high,2026-07-28 11:57,2026-07-28 16:55,completed,,DM1229
REQ-202601304,Thane,Maintenance,Facility Issue,medium,2026-07-28 12:10,2026-07-29 09:18,completed,,DM1235
REQ-202600182,Powai,Merchandising,Planogram Update,medium,2026-07-28 12:52,2026-07-30 08:42,completed,,DM1110
REQ-202601269,Andheri,Store Operations,Shelf Replenishment,low,2026-07-28 13:33,2026-07-29 12:06,completed,,DM1171
REQ-202600096,Thane,Store Operations,Shelf Replenishment,low,2026-07-28 13:37,2026-07-29 13:59,completed,,DM1103
REQ-202601046,Andheri,IT Support,POS Issue,medium,2026-07-28 13:39,2026-07-29 09:36,completed,,DM1047
REQ-202601121,Thane,Finance,Petty Cash Claim,medium,2026-07-28 13:40,2026-07-29 12:03,completed,64470.0,DM1029
REQ-202601770,Thane,IT Support,Access Request,high,2026-07-28 14:03,2026-07-29 09:21,completed,,DM1162
REQ-202602673,Andheri,Merchandising,Promotion Setup,medium,2026-07-28 14:25,2026-07-28 16:44,completed,,DM1179
REQ-202602500,Andheri,Maintenance,Equipment Repair,low,2026-07-28 14:46,2026-07-29 13:57,completed,23530.0,DM1204
REQ-202600229,Mumbai Central,Store Operations,Customer Complaint,medium,2026-07-28 14:54,2026-07-29 11:45,completed,,DM1226
REQ-202601546,Thane,IT Support,Network Issue,low,2026-07-28 15:20,2026-07-29 13:05,completed,,DM1119
REQ-202601232,Thane,IT Support,POS Issue,critical,2026-07-28 15:35,2026-07-29 08:39,completed,,DM1175
REQ-202602712,Powai,Maintenance,Facility Issue,low,2026-07-28 15:40,2026-07-31 09:29,completed,,DM1208
REQ-202600516,Mumbai Central,Store Operations,Stock Transfer,low,2026-07-28 15:58,2026-07-30 11:57,completed,62280.0,DM1196
REQ-202602527,Mumbai Central,IT Support,Network Issue,low,2026-07-28 16:09,,in_progress,,DM1085
REQ-202600771,Navi Mumbai,Merchandising,Promotion Setup,medium,2026-07-28 16:34,2026-07-29 13:14,completed,,DM1079
REQ-202601151,Powai,Finance,Petty Cash Claim,low,2026-07-28 18:05,2026-07-29 14:06,completed,19780.0,DM1170
REQ-202602716,Powai,Finance,Vendor Payment Query,medium,2026-07-28 19:00,2026-07-30 09:45,completed,,DM1196
REQ-202600232,Andheri,Store Operations,Customer Complaint,critical,2026-07-28 20:47,2026-07-29 10:43,completed,,DM1174
REQ-202600587,Navi Mumbai,Finance,Vendor Payment Query,low,2026-07-29 06:14,2026-07-29 12:56,completed,,DM1065
REQ-202600122,Mumbai Central,Finance,Vendor Payment Query,high,2026-07-29 08:01,2026-07-29 09:16,completed,,DM1085
REQ-202602876,Navi Mumbai,Maintenance,Equipment Repair,low,2026-07-29 08:11,,in_progress,16770.0,DM1051
REQ-202600913,Andheri,HR,Leave Query,low,2026-07-29 08:18,2026-07-30 11:33,completed,,DM1136
REQ-202601249,Andheri,IT Support,POS Issue,medium,2026-07-29 08:53,2026-07-30 09:38,completed,,DM1152
REQ-202602403,Mumbai Central,Merchandising,Planogram Update,high,2026-07-29 10:06,2026-07-29 14:15,completed,,DM1154
REQ-202602167,Navi Mumbai,Store Operations,Shelf Replenishment,high,2026-07-29 10:19,2026-07-29 11:49,completed,,DM1134
REQ-202601889,Andheri,Store Operations,Stock Transfer,low,2026-07-29 11:07,2026-07-31 13:19,completed,11500.0,DM1195
REQ-202603136,Thane,Merchandising,Promotion Setup,medium,2026-07-29 11:41,2026-07-29 15:36,completed,,DM1090
REQ-202602577,Navi Mumbai,HR,Onboarding,critical,2026-07-29 12:10,2026-07-29 13:33,completed,,DM1063
REQ-202600999,Mumbai Central,Merchandising,Promotion Setup,medium,2026-07-29 13:07,2026-07-29 15:40,completed,,DM1006
REQ-202600303,Andheri,HR,Leave Query,medium,2026-07-29 13:08,2026-07-29 16:09,completed,,DM1201
REQ-202601275,Thane,IT Support,POS Issue,low,2026-07-29 13:10,,in_progress,,DM1131
REQ-202602005,Mumbai Central,IT Support,POS Issue,high,2026-07-29 13:42,,in_progress,,DM1105
REQ-202602018,Powai,Store Operations,Customer Complaint,low,2026-07-29 13:43,2026-07-30 15:13,completed,,DM1197
REQ-202600251,Mumbai Central,Store Operations,Customer Complaint,medium,2026-07-29 13:50,2026-07-29 16:22,completed,,DM1049
REQ-202601345,Navi Mumbai,Store Operations,Shelf Replenishment,medium,2026-07-29 13:57,,in_progress,,DM1007
REQ-202601133,Andheri,Maintenance,Equipment Repair,medium,2026-07-29 14:02,2026-07-29 16:05,completed,68070.0,DM1196
REQ-202600786,Thane,Store Operations,Stock Transfer,medium,2026-07-29 15:00,2026-07-30 10:05,completed,9440.0,DM1052
REQ-202600665,Powai,Merchandising,Price Change,medium,2026-07-29 15:11,,cancelled,,DM1183
REQ-202601168,Navi Mumbai,Maintenance,Refrigeration Fault,low,2026-07-29 15:14,2026-07-30 13:04,completed,,DM1179
REQ-202600703,Mumbai Central,IT Support,Access Request,medium,2026-07-29 15:32,2026-07-30 13:48,completed,,DM1117
REQ-202601721,Mumbai Central,Merchandising,Price Change,critical,2026-07-29 15:36,2026-07-29 16:20,completed,,DM1103
REQ-202600549,Andheri,Maintenance,Refrigeration Fault,low,2026-07-29 15:58,2026-07-31 09:11,completed,,DM1127
REQ-202602513,Andheri,Store Operations,Stock Transfer,critical,2026-07-29 16:17,2026-07-29 16:53,completed,18850.0,DM1023
REQ-202600503,Thane,IT Support,POS Issue,high,2026-07-29 16:19,2026-07-30 10:02,completed,,DM1183
REQ-202601102,Powai,IT Support,POS Issue,medium,2026-07-29 16:30,2026-07-30 14:20,completed,,DM1073
REQ-202600332,Mumbai Central,Finance,Purchase Request,low,2026-07-29 16:54,2026-07-31 13:45,completed,56920.0,DM1014
REQ-202601507,Thane,HR,Onboarding,medium,2026-07-29 18:04,2026-07-30 11:07,completed,,DM1093
REQ-202601495,Navi Mumbai,Store Operations,Customer Complaint,medium,2026-07-29 19:59,2026-07-30 10:31,completed,,DM1124
REQ-202602531,Navi Mumbai,Maintenance,Equipment Repair,medium,2026-07-29 20:28,2026-07-31 09:02,completed,7740.0,DM1076
REQ-202603185,Mumbai Central,Merchandising,Planogram Update,high,2026-07-29 21:25,2026-07-31 08:16,completed,,DM1157
REQ-202600213,Thane,Store Operations,Stock Transfer,medium,2026-07-30 06:49,2026-07-30 10:36,completed,99820.0,DM1116
REQ-202602505,Andheri,Maintenance,Equipment Repair,medium,2026-07-30 07:26,2026-07-30 12:25,completed,39480.0,DM1067
REQ-202602479,Powai,Maintenance,Refrigeration Fault,high,2026-07-30 08:11,,in_progress,,DM1234
REQ-202600282,Powai,HR,Onboarding,low,2026-07-30 09:15,2026-08-01 11:30,completed,,DM1061
REQ-202600620,Thane,Store Operations,Shelf Replenishment,high,2026-07-30 09:49,,open,,DM1053
REQ-202600813,Thane,Store Operations,Shelf Replenishment,high,2026-07-30 09:54,,in_progress,,DM1114
REQ-202601218,Thane,IT Support,POS Issue,low,2026-07-30 10:14,,open,,DM1015
REQ-202602579,Navi Mumbai,Store Operations,Shelf Replenishment,medium,2026-07-30 10:54,2026-07-30 15:58,completed,,DM1092
REQ-202601433,Andheri,Store Operations,Shelf Replenishment,medium,2026-07-30 11:11,,open,,DM1020
REQ-202602796,Andheri,Finance,Purchase Request,critical,2026-07-30 11:17,2026-07-30 11:50,completed,46560.0,DM1233
REQ-202601934,Navi Mumbai,Merchandising,Promotion Setup,medium,2026-07-30 12:15,2026-07-30 13:44,completed,,DM1023
REQ-202602032,Navi Mumbai,IT Support,POS Issue,medium,2026-07-30 12:35,,cancelled,,DM1188
REQ-202603015,Powai,Finance,Petty Cash Claim,medium,2026-07-30 12:50,2026-07-31 08:00,completed,7260.0,DM1007
REQ-202601987,Powai,Store Operations,Stock Transfer,medium,2026-07-30 13:16,2026-07-30 16:55,completed,5760.0,DM1184
REQ-202602047,Andheri,IT Support,POS Issue,medium,2026-07-30 13:27,2026-08-03 11:13,completed,,DM1195
REQ-202600784,Andheri,IT Support,Access Request,medium,2026-07-30 13:28,,in_progress,,DM1222
REQ-202602401,Thane,Store Operations,Customer Complaint,medium,2026-07-30 13:28,2026-07-31 11:56,completed,,DM1113
REQ-202602274,Thane,Finance,Purchase Request,high,2026-07-30 13:39,2026-07-31 08:43,completed,85350.0,DM1024
REQ-202600689,Navi Mumbai,IT Support,Network Issue,low,2026-07-30 13:58,2026-08-01 16:48,completed,,DM1232
REQ-202601619,Andheri,Store Operations,Shelf Replenishment,high,2026-07-30 14:00,,open,,DM1124
REQ-202602625,Andheri,Merchandising,Price Change,critical,2026-07-30 14:16,2026-07-30 16:59,completed,,DM1048
REQ-202602431,Navi Mumbai,Merchandising,Promotion Setup,high,2026-07-30 14:59,2026-07-30 15:50,completed,,DM1091
REQ-202603149,Thane,HR,Payroll Query,high,2026-07-30 15:47,2026-07-31 12:18,completed,,DM1143
REQ-202602811,Powai,IT Support,POS Issue,low,2026-07-30 16:06,2026-08-01 15:27,completed,,DM1230
REQ-202603150,Powai,IT Support,Network Issue,high,2026-07-30 16:06,,in_progress,,DM1098
REQ-202600499,Thane,IT Support,Access Request,medium,2026-07-30 16:18,2026-08-01 11:05,completed,,DM1020
REQ-202601279,Navi Mumbai,Merchandising,Planogram Update,low,2026-07-30 16:36,2026-08-03 09:02,completed,,DM1225
REQ-202601747,Navi Mumbai,Maintenance,Refrigeration Fault,medium,2026-07-30 16:36,2026-07-31 12:59,completed,,DM1106
REQ-202603197,Navi Mumbai,IT Support,Access Request,medium,2026-07-30 16:47,2026-08-01 08:17,completed,,DM1056
REQ-202602087,Andheri,HR,Payroll Query,medium,2026-07-30 17:44,2026-07-31 12:08,completed,,DM1040
REQ-202600256,Mumbai Central,HR,Leave Query,critical,2026-07-30 19:07,2026-07-31 08:46,completed,,DM1166
REQ-202602425,Andheri,Store Operations,Customer Complaint,medium,2026-07-30 20:30,,open,,DM1215
REQ-202601868,Powai,Store Operations,Stock Transfer,medium,2026-07-30 21:15,2026-07-31 16:41,completed,49360.0,DM1056
REQ-202600243,Thane,IT Support,Access Request,low,2026-07-30 21:37,2026-07-31 16:39,completed,,DM1079
REQ-202600408,Navi Mumbai,Merchandising,Planogram Update,high,2026-07-31 06:30,2026-07-31 12:08,completed,,DM1055
REQ-202600783,Andheri,Store Operations,Stock Transfer,medium,2026-07-31 06:59,,in_progress,14280.0,DM1142
REQ-202601402,Andheri,IT Support,Access Request,low,2026-07-31 07:54,2026-08-04 12:28,completed,,DM1143
REQ-202600505,Andheri,Store Operations,Stock Transfer,medium,2026-07-31 08:39,2026-08-01 11:33,completed,6450.0,DM1043
REQ-202603066,Mumbai Central,IT Support,POS Issue,medium,2026-07-31 08:41,2026-08-01 11:58,completed,,DM1095
REQ-202602118,Navi Mumbai,Merchandising,Promotion Setup,medium,2026-07-31 09:18,2026-07-31 12:49,completed,,DM1085
REQ-202602489,Powai,Store Operations,Customer Complaint,low,2026-07-31 09:58,2026-08-03 08:39,completed,,DM1211
REQ-202602238,Andheri,IT Support,Network Issue,low,2026-07-31 10:02,2026-08-03 08:56,completed,,DM1232
REQ-202602866,Mumbai Central,Merchandising,Planogram Update,medium,2026-07-31 10:15,2026-08-01 16:49,completed,,DM1091
REQ-202601517,Powai,Store Operations,Customer Complaint,low,2026-07-31 11:46,2026-08-01 09:31,completed,,DM1239
REQ-202601975,Thane,Store Operations,Shelf Replenishment,medium,2026-07-31 13:03,2026-07-31 16:34,completed,,DM1203
REQ-202600520,Mumbai Central,Store Operations,Customer Complaint,medium,2026-07-31 13:32,2026-08-03 14:37,completed,,DM1136
REQ-202601921,Mumbai Central,Store Operations,Stock Transfer,low,2026-07-31 13:39,2026-08-01 13:34,completed,32750.0,DM1095
REQ-202602248,Powai,Store Operations,Customer Complaint,low,2026-07-31 14:29,2026-08-01 16:52,completed,,DM1058
REQ-202602253,Thane,Merchandising,Price Change,medium,2026-07-31 14:37,2026-08-01 11:17,completed,,DM1048
REQ-202602441,Andheri,Store Operations,Stock Transfer,medium,2026-07-31 15:00,2026-08-01 09:23,completed,4380.0,DM1185
REQ-202602919,Powai,IT Support,Network Issue,medium,2026-07-31 15:02,,open,,DM1143
REQ-202600405,Navi Mumbai,Merchandising,Promotion Setup,medium,2026-07-31 15:08,2026-08-01 12:01,completed,,DM1116
REQ-202601123,Andheri,IT Support,Network Issue,medium,2026-07-31 16:02,2026-08-04 08:07,completed,,DM1075
REQ-202600978,Navi Mumbai,Maintenance,Refrigeration Fault,medium,2026-07-31 16:11,2026-08-03 09:12,completed,,DM1105
REQ-202600059,Powai,Store Operations,Customer Complaint,low,2026-07-31 16:25,2026-08-03 12:00,completed,,DM1038
REQ-202600977,Mumbai Central,Maintenance,Facility Issue,critical,2026-07-31 16:51,,in_progress,,DM1208
REQ-202603012,Thane,Store Operations,Shelf Replenishment,medium,2026-07-31 17:34,2026-08-01 12:23,completed,,DM1075
REQ-202600254,Powai,Maintenance,Refrigeration Fault,medium,2026-07-31 19:41,,cancelled,,DM1101
REQ-202601480,Powai,Store Operations,Stock Transfer,high,2026-07-31 19:53,2026-08-01 10:37,completed,15190.0,DM1040
REQ-202602502,Mumbai Central,Maintenance,Facility Issue,low,2026-07-31 20:26,,in_progress,,DM1227
REQ-202602260,Thane,Maintenance,Equipment Repair,medium,2026-07-31 20:40,2026-08-01 12:46,completed,19130.0,DM1178
REQ-202603112,Navi Mumbai,Store Operations,Stock Transfer,medium,2026-07-31 21:17,2026-08-03 09:03,completed,24730.0,DM1001
REQ-202602166,Powai,Maintenance,Refrigeration Fault,medium,2026-08-01 06:03,2026-08-01 11:37,completed,,DM1216
REQ-202600606,Andheri,HR,Payroll Query,high,2026-08-01 06:04,2026-08-01 10:11,completed,,DM1095
REQ-202602336,Thane,IT Support,Network Issue,medium,2026-08-01 08:12,2026-08-01 10:10,completed,,DM1220
REQ-202603173,Andheri,Merchandising,Planogram Update,low,2026-08-01 08:19,2026-08-04 16:02,completed,,DM1151
REQ-202601849,Mumbai Central,IT Support,Access Request,medium,2026-08-01 08:33,2026-08-01 16:21,completed,,DM1136
REQ-202601604,Mumbai Central,Finance,Vendor Payment Query,high,2026-08-01 08:38,2026-08-01 13:27,completed,,DM1130
REQ-202601466,Thane,HR,Payroll Query,low,2026-08-01 09:11,,in_progress,,DM1087
REQ-202602107,Mumbai Central,Store Operations,Shelf Replenishment,high,2026-08-01 09:24,2026-08-01 12:16,completed,,DM1166
REQ-202600925,Powai,Maintenance,Refrigeration Fault,high,2026-08-01 09:27,2026-08-01 12:40,completed,,DM1031
REQ-202601801,Navi Mumbai,Maintenance,Refrigeration Fault,high,2026-08-01 09:45,2026-08-01 10:48,completed,,DM1219
REQ-202601231,Mumbai Central,Store Operations,Stock Transfer,medium,2026-08-01 10:11,2026-08-01 13:02,completed,16700.0,DM1177
REQ-202603052,Andheri,IT Support,Access Request,medium,2026-08-01 10:33,2026-08-01 16:14,completed,,DM1199
REQ-202600344,Mumbai Central,Store Operations,Stock Transfer,high,2026-08-01 10:34,2026-08-01 12:23,completed,31530.0,DM1012
REQ-202602819,Andheri,HR,Payroll Query,medium,2026-08-01 10:37,2026-08-01 13:32,completed,,DM1140
REQ-202602249,Mumbai Central,Merchandising,Promotion Setup,high,2026-08-01 10:44,2026-08-01 16:51,completed,,DM1206
REQ-202603072,Mumbai Central,IT Support,Network Issue,low,2026-08-01 11:51,2026-08-04 13:45,completed,,DM1054
REQ-202602219,Mumbai Central,Maintenance,Refrigeration Fault,medium,2026-08-01 11:57,2026-08-01 16:49,completed,,DM1219
REQ-202602363,Thane,Maintenance,Equipment Repair,low,2026-08-01 12:31,2026-08-04 14:05,completed,11760.0,DM1197
REQ-202600646,Powai,Store Operations,Customer Complaint,high,2026-08-01 12:37,,open,,DM1061
REQ-202601146,Powai,Store Operations,Stock Transfer,medium,2026-08-01 12:47,2026-08-03 12:14,completed,24150.0,DM1094
REQ-202600741,Thane,Maintenance,Equipment Repair,medium,2026-08-01 13:33,2026-08-03 10:36,completed,7780.0,DM1146
REQ-202603146,Thane,Store Operations,Stock Transfer,medium,2026-08-01 13:37,2026-08-03 09:14,completed,20950.0,DM1223
REQ-202601602,Andheri,Store Operations,Customer Complaint,high,2026-08-01 14:24,2026-08-01 15:56,completed,,DM1010
REQ-202601692,Powai,IT Support,Access Request,low,2026-08-01 14:29,2026-08-03 09:16,completed,,DM1237
REQ-202601922,Andheri,IT Support,Network Issue,high,2026-08-01 14:38,2026-08-03 08:20,completed,,DM1147
REQ-202602408,Andheri,Finance,Vendor Payment Query,medium,2026-08-01 14:41,,in_progress,,DM1187
REQ-202602759,Powai,IT Support,Access Request,medium,2026-08-01 14:41,2026-08-03 11:15,completed,,DM1026
REQ-202601474,Thane,IT Support,Access Request,medium,2026-08-01 15:18,2026-08-01 16:51,completed,,DM1170
REQ-202601055,Thane,HR,Leave Query,high,2026-08-01 15:45,2026-08-03 10:59,completed,,DM1014
REQ-202600746,Andheri,IT Support,POS Issue,low,2026-08-01 15:46,2026-08-04 16:50,completed,,DM1110
REQ-202602333,Navi Mumbai,HR,Onboarding,low,2026-08-01 16:20,2026-08-04 15:30,completed,,DM1230
REQ-202601348,Andheri,Finance,Purchase Request,medium,2026-08-01 17:50,2026-08-03 10:55,completed,27350.0,DM1160
REQ-202600057,Andheri,Merchandising,Planogram Update,high,2026-08-01 20:55,2026-08-03 12:22,completed,,DM1239
REQ-202602069,Navi Mumbai,IT Support,Network Issue,high,2026-08-01 21:14,2026-08-03 11:32,completed,,DM1018
REQ-202603102,Powai,Finance,Petty Cash Claim,high,2026-08-02 06:06,2026-08-03 11:47,completed,29530.0,DM1106
REQ-202603104,Thane,IT Support,POS Issue,medium,2026-08-02 07:02,2026-08-04 08:10,completed,,DM1167
REQ-202601294,Andheri,Maintenance,Equipment Repair,high,2026-08-02 07:48,,cancelled,65330.0,DM1236
REQ-202603056,Mumbai Central,Store Operations,Stock Transfer,low,2026-08-02 08:15,2026-08-05 14:35,completed,20920.0,DM1040
REQ-202600693,Mumbai Central,Store Operations,Shelf Replenishment,high,2026-08-02 08:19,2026-08-03 09:47,completed,,DM1104
REQ-202601986,Navi Mumbai,Maintenance,Equipment Repair,medium,2026-08-02 08:26,2026-08-04 12:14,completed,2830.0,DM1093
REQ-202602979,Powai,IT Support,Network Issue,low,2026-08-02 08:27,2026-08-08 08:48,completed,,DM1101
REQ-202601069,Mumbai Central,Merchandising,Promotion Setup,medium,2026-08-02 08:36,2026-08-03 11:20,completed,,DM1017
REQ-202601501,Mumbai Central,IT Support,Network Issue,medium,2026-08-02 09:55,,open,,DM1115
REQ-202602134,Navi Mumbai,Store Operations,Customer Complaint,high,2026-08-02 09:59,2026-08-03 13:48,completed,,DM1120
REQ-202603021,Navi Mumbai,Store Operations,Stock Transfer,medium,2026-08-02 10:16,,open,15360.0,DM1158
REQ-202602094,Thane,IT Support,POS Issue,medium,2026-08-02 10:18,2026-08-03 12:49,completed,,DM1005
REQ-202603159,Navi Mumbai,Store Operations,Shelf Replenishment,high,2026-08-02 10:19,2026-08-03 11:50,completed,,DM1201
REQ-202600141,Powai,IT Support,Network Issue,medium,2026-08-02 10:33,2026-08-03 14:13,completed,,DM1189
REQ-202602940,Andheri,Merchandising,Promotion Setup,medium,2026-08-02 10:41,2026-08-03 11:13,completed,,DM1138
REQ-202601426,Powai,Store Operations,Stock Transfer,high,2026-08-02 11:00,2026-08-03 12:37,completed,6190.0,DM1120
REQ-202601905,Andheri,IT Support,POS Issue,critical,2026-08-02 11:12,2026-08-03 09:37,completed,,DM1060
REQ-202602357,Thane,IT Support,POS Issue,medium,2026-08-02 11:18,,cancelled,,DM1132
REQ-202600305,Powai,Merchandising,Planogram Update,low,2026-08-02 11:47,2026-08-07 12:29,completed,,DM1216
REQ-202601106,Andheri,Maintenance,Equipment Repair,low,2026-08-02 12:01,2026-08-04 13:05,completed,14660.0,DM1222
REQ-202602010,Andheri,IT Support,Network Issue,high,2026-08-02 13:27,,open,,DM1110
REQ-202602365,Andheri,IT Support,POS Issue,low,2026-08-02 13:42,2026-08-05 16:20,completed,,DM1183
REQ-202602309,Navi Mumbai,IT Support,Network Issue,high,2026-08-02 14:29,2026-08-03 13:04,completed,,DM1011
REQ-202601892,Thane,HR,Leave Query,low,2026-08-02 15:02,,in_progress,,DM1118
REQ-202602868,Navi Mumbai,Store Operations,Customer Complaint,low,2026-08-02 15:20,2026-08-05 09:35,completed,,DM1181
REQ-202600713,Thane,Store Operations,Shelf Replenishment,medium,2026-08-02 15:27,2026-08-03 16:00,completed,,DM1014
REQ-202602950,Mumbai Central,Merchandising,Planogram Update,high,2026-08-02 15:46,2026-08-03 10:01,completed,,DM1023
REQ-202600337,Navi Mumbai,Store Operations,Shelf Replenishment,medium,2026-08-02 15:47,,in_progress,,DM1230
REQ-202600526,Powai,Store Operations,Shelf Replenishment,high,2026-08-02 15:54,2026-08-03 09:50,completed,,DM1115
REQ-202601937,Thane,Maintenance,Equipment Repair,high,2026-08-02 15:59,2026-08-03 10:40,completed,50610.0,DM1035
REQ-202600255,Navi Mumbai,Store Operations,Customer Complaint,critical,2026-08-02 16:05,2026-08-03 09:58,completed,,DM1009
REQ-202601811,Thane,HR,Leave Query,medium,2026-08-02 16:17,2026-08-03 13:28,completed,,DM1126
REQ-202602070,Andheri,Maintenance,Refrigeration Fault,medium,2026-08-02 16:21,,in_progress,,DM1195
REQ-202601377,Powai,Store Operations,Customer Complaint,medium,2026-08-02 16:25,2026-08-03 13:18,completed,,DM1099
REQ-202600121,Andheri,Merchandising,Planogram Update,medium,2026-08-02 16:32,2026-08-03 10:00,completed,,DM1178
REQ-202600934,Navi Mumbai,IT Support,POS Issue,medium,2026-08-02 16:41,2026-08-03 14:20,completed,,DM1238
REQ-202602346,Thane,Maintenance,Facility Issue,high,2026-08-02 16:55,,open,,DM1141
REQ-202600143,Mumbai Central,Merchandising,Planogram Update,medium,2026-08-02 21:02,2026-08-04 13:47,completed,,DM1068
REQ-202600441,Mumbai Central,Merchandising,Planogram Update,medium,2026-08-03 06:22,2026-08-03 11:37,completed,,DM1202
REQ-202602943,Mumbai Central,Maintenance,Refrigeration Fault,medium,2026-08-03 06:50,2026-08-03 15:20,completed,,DM1220
REQ-202602160,Powai,Finance,Purchase Request,critical,2026-08-03 07:30,2026-08-03 09:59,completed,5780.0,DM1100
REQ-202602506,Powai,Merchandising,Price Change,low,2026-08-03 08:12,,in_progress,,DM1194
REQ-202600664,Powai,Maintenance,Facility Issue,critical,2026-08-03 08:18,2026-08-03 09:18,completed,,DM1064
REQ-202600239,Navi Mumbai,Store Operations,Customer Complaint,critical,2026-08-03 08:33,2026-08-03 09:28,completed,,DM1082
REQ-202602147,Andheri,IT Support,POS Issue,low,2026-08-03 08:33,2026-08-06 10:11,completed,,DM1208
REQ-202600034,Andheri,Store Operations,Shelf Replenishment,critical,2026-08-03 08:59,2026-08-03 10:55,completed,,DM1064
REQ-202600129,Andheri,IT Support,POS Issue,high,2026-08-03 09:07,2026-08-03 11:16,completed,,DM1039
REQ-202602066,Mumbai Central,HR,Payroll Query,low,2026-08-03 09:12,2026-08-03 16:29,completed,,DM1185
REQ-202602647,Navi Mumbai,Store Operations,Customer Complaint,medium,2026-08-03 09:21,2026-08-03 11:05,completed,,DM1164
REQ-202600296,Andheri,HR,Onboarding,low,2026-08-03 10:10,2026-08-04 09:34,completed,,DM1166
REQ-202601731,Thane,IT Support,Access Request,medium,2026-08-03 10:23,2026-08-04 08:22,completed,,DM1030
REQ-202602606,Powai,Store Operations,Shelf Replenishment,medium,2026-08-03 10:51,2026-08-04 10:38,completed,,DM1140
REQ-202602213,Andheri,HR,Onboarding,medium,2026-08-03 10:54,2026-08-04 09:25,completed,,DM1178
REQ-202600079,Thane,Merchandising,Price Change,low,2026-08-03 11:01,2026-08-05 16:44,completed,,DM1185
REQ-202600624,Thane,Merchandising,Price Change,high,2026-08-03 11:05,2026-08-03 12:43,completed,,DM1123
REQ-202600906,Thane,Store Operations,Customer Complaint,medium,2026-08-03 11:05,2026-08-03 15:20,completed,,DM1092
REQ-202601425,Thane,Maintenance,Refrigeration Fault,medium,2026-08-03 12:07,2026-08-04 11:05,completed,,DM1111
REQ-202601579,Powai,Store Operations,Stock Transfer,high,2026-08-03 12:27,2026-08-03 14:24,completed,7290.0,DM1213
REQ-202602591,Powai,Finance,Purchase Request,high,2026-08-03 12:30,2026-08-03 14:27,completed,14770.0,DM1097
REQ-202602366,Navi Mumbai,Store Operations,Shelf Replenishment,medium,2026-08-03 13:12,2026-08-03 15:36,completed,,DM1223
REQ-202602377,Thane,Store Operations,Customer Complaint,medium,2026-08-03 13:12,,open,,DM1011
REQ-202601363,Thane,Maintenance,Refrigeration Fault,medium,2026-08-03 13:24,2026-08-03 16:49,completed,,DM1013
REQ-202602547,Andheri,Merchandising,Promotion Setup,high,2026-08-03 13:39,2026-08-04 09:06,completed,,DM1143
REQ-202600530,Navi Mumbai,IT Support,POS Issue,medium,2026-08-03 13:53,,open,,DM1079
REQ-202601855,Navi Mumbai,Store Operations,Stock Transfer,medium,2026-08-03 14:05,2026-08-04 08:21,completed,12710.0,DM1211
REQ-202602932,Andheri,Store Operations,Shelf Replenishment,low,2026-08-03 14:36,2026-08-04 10:53,completed,,DM1236
REQ-202601645,Thane,Store Operations,Shelf Replenishment,critical,2026-08-03 15:02,2026-08-03 16:29,completed,,DM1020
REQ-202601838,Navi Mumbai,IT Support,Network Issue,medium,2026-08-03 15:05,2026-08-04 16:10,completed,,DM1180
REQ-202602598,Thane,Store Operations,Shelf Replenishment,high,2026-08-03 15:05,2026-08-04 09:41,completed,,DM1081
REQ-202602930,Navi Mumbai,Store Operations,Shelf Replenishment,high,2026-08-03 15:18,2026-08-03 16:09,completed,,DM1001
REQ-202601599,Navi Mumbai,Maintenance,Refrigeration Fault,medium,2026-08-03 15:39,2026-08-04 13:46,completed,,DM1221
REQ-202602926,Mumbai Central,Store Operations,Shelf Replenishment,medium,2026-08-03 16:17,2026-08-04 13:36,completed,,DM1141
REQ-202601338,Thane,IT Support,POS Issue,medium,2026-08-03 16:23,2026-08-04 08:55,completed,,DM1037
REQ-202601657,Powai,Store Operations,Shelf Replenishment,high,2026-08-03 16:37,,in_progress,,DM1182
REQ-202601139,Mumbai Central,Finance,Petty Cash Claim,high,2026-08-03 16:39,2026-08-04 12:23,completed,29200.0,DM1174
REQ-202601259,Andheri,Merchandising,Planogram Update,high,2026-08-03 16:49,,in_progress,,DM1188
REQ-202602099,Mumbai Central,IT Support,POS Issue,critical,2026-08-03 17:26,,open,,DM1048
REQ-202601697,Thane,Store Operations,Stock Transfer,low,2026-08-03 19:05,2026-08-05 11:30,completed,50010.0,DM1021
REQ-202600193,Andheri,Store Operations,Customer Complaint,medium,2026-08-03 20:49,2026-08-04 12:08,completed,,DM1043
REQ-202602628,Navi Mumbai,IT Support,Network Issue,medium,2026-08-03 21:58,2026-08-04 15:49,completed,,DM1100
REQ-202602851,Navi Mumbai,Maintenance,Equipment Repair,low,2026-08-04 06:07,2026-08-05 13:12,completed,28810.0,DM1236
REQ-202601997,Thane,Store Operations,Stock Transfer,critical,2026-08-04 06:09,2026-08-04 10:44,completed,6590.0,DM1140
REQ-202600829,Andheri,Merchandising,Promotion Setup,high,2026-08-04 06:30,,open,,DM1135
REQ-202600898,Andheri,Merchandising,Price Change,medium,2026-08-04 06:55,2026-08-04 12:23,completed,,DM1181
REQ-202602159,Andheri,Finance,Purchase Request,high,2026-08-04 07:53,2026-08-04 10:58,completed,15740.0,DM1043
REQ-202600068,Thane,Store Operations,Shelf Replenishment,high,2026-08-04 08:06,2026-08-04 11:50,completed,,DM1147
REQ-202601473,Navi Mumbai,IT Support,POS Issue,medium,2026-08-04 08:09,2026-08-04 11:27,completed,,DM1119
REQ-202601152,Thane,IT Support,Network Issue,high,2026-08-04 08:10,2026-08-04 09:17,completed,,DM1027
REQ-202602084,Navi Mumbai,HR,Payroll Query,critical,2026-08-04 08:19,2026-08-04 08:59,completed,,DM1095
REQ-202601406,Navi Mumbai,IT Support,POS Issue,high,2026-08-04 08:52,2026-08-04 10:11,completed,,DM1039
REQ-202600439,Mumbai Central,Store Operations,Customer Complaint,high,2026-08-04 09:05,2026-08-04 12:47,completed,,DM1130
REQ-202602954,Thane,Store Operations,Customer Complaint,low,2026-08-04 09:15,2026-08-05 16:54,completed,,DM1162
REQ-202601374,Thane,Store Operations,Customer Complaint,high,2026-08-04 09:21,2026-08-04 11:33,completed,,DM1067
REQ-202602016,Thane,Merchandising,Promotion Setup,high,2026-08-04 10:26,2026-08-04 13:10,completed,,DM1087
REQ-202600276,Andheri,Store Operations,Customer Complaint,urgent,2026-08-04 10:59,2026-08-04 14:33,completed,,DM1010
REQ-202600523,Navi Mumbai,Merchandising,Promotion Setup,high,2026-08-04 11:40,2026-08-04 13:51,completed,,DM1151
REQ-202603029,Andheri,Maintenance,Equipment Repair,low,2026-08-04 12:05,2026-08-11 12:46,completed,5370.0,DM1043
REQ-202600886,Thane,Store Operations,Shelf Replenishment,medium,2026-08-04 12:13,2026-08-04 16:53,completed,,DM1056
REQ-202602419,Navi Mumbai,Merchandising,Promotion Setup,medium,2026-08-04 12:37,2026-08-04 15:36,completed,,DM1186
REQ-202600152,Navi Mumbai,IT Support,Access Request,critical,2026-08-04 12:38,2026-08-04 14:34,completed,,DM1081
REQ-202600099,Mumbai Central,Finance,Petty Cash Claim,medium,2026-08-04 12:40,,in_progress,118410.0,DM1083
REQ-202603169,Thane,IT Support,Network Issue,high,2026-08-04 12:54,2026-08-04 15:35,completed,,DM1227
REQ-202603184,Powai,IT Support,Access Request,medium,2026-08-04 13:00,2026-08-05 08:24,completed,,DM1188
REQ-202602045,Navi Mumbai,Maintenance,Equipment Repair,high,2026-08-04 13:33,2026-08-04 15:23,completed,11180.0,DM1065
REQ-202600082,Mumbai Central,Merchandising,Price Change,medium,2026-08-04 13:54,2026-08-05 13:54,completed,,DM1149
REQ-202600600,Navi Mumbai,Maintenance,Facility Issue,low,2026-08-04 14:35,2026-08-08 10:24,completed,,DM1047
REQ-202602329,Mumbai Central,Store Operations,Shelf Replenishment,high,2026-08-04 15:05,2026-08-05 11:28,completed,,DM1235
REQ-202600242,Mumbai Central,IT Support,Access Request,low,2026-08-04 16:48,2026-08-07 11:43,completed,,DM1178
REQ-202600190,Thane,Store Operations,Stock Transfer,critical,2026-08-04 17:22,2026-08-05 10:39,completed,34500.0,DM1048
REQ-202600887,Andheri,Maintenance,Facility Issue,medium,2026-08-04 21:24,2026-08-05 11:40,completed,,DM1044
REQ-202603000,Thane,Maintenance,Refrigeration Fault,medium,2026-08-05 06:03,2026-08-06 11:40,completed,,DM1209
REQ-202601728,Thane,Merchandising,Planogram Update,medium,2026-08-05 06:34,2026-08-05 15:13,completed,,DM1094
REQ-202602893,Andheri,Store Operations,Shelf Replenishment,high,2026-08-05 06:41,2026-08-05 10:08,completed,,DM1145
REQ-202601463,Navi Mumbai,Merchandising,Planogram Update,low,2026-08-05 06:42,2026-08-05 15:49,completed,,DM1181
REQ-202600104,Thane,Finance,Purchase Request,medium,2026-08-05 07:51,2026-08-05 12:09,completed,6160.0,DM1195
REQ-202602456,Powai,Maintenance,Refrigeration Fault,low,2026-08-05 08:08,2026-08-05 16:00,completed,,DM1125
REQ-202600084,Mumbai Central,Maintenance,Refrigeration Fault,low,2026-08-05 08:30,2026-08-06 09:15,completed,,DM1169
REQ-202600920,Mumbai Central,Maintenance,Refrigeration Fault,medium,2026-08-05 08:53,2026-08-05 12:55,completed,,DM1203
REQ-202602905,Andheri,Merchandising,Planogram Update,high,2026-08-05 09:34,2026-08-05 11:31,completed,,DM1033
REQ-202601718,Andheri,Maintenance,Refrigeration Fault,low,2026-08-05 10:05,2026-08-08 08:49,completed,,DM1138
REQ-202600401,Mumbai Central,Store Operations,Shelf Replenishment,low,2026-08-05 10:27,2026-08-11 10:50,completed,,DM1147
REQ-202602528,Powai,Store Operations,Stock Transfer,medium,2026-08-05 10:34,2026-08-05 12:36,completed,16060.0,DM1003
REQ-202603058,Navi Mumbai,IT Support,POS Issue,medium,2026-08-05 11:05,,open,,DM1113
REQ-202601670,Mumbai Central,IT Support,Access Request,high,2026-08-05 11:33,2026-08-05 15:38,completed,,DM1033
REQ-202601415,Navi Mumbai,Finance,Vendor Payment Query,low,2026-08-05 11:41,2026-08-08 08:01,completed,,DM1194
REQ-202602350,Navi Mumbai,IT Support,Access Request,high,2026-08-05 11:42,2026-08-05 14:02,completed,,DM1141
REQ-202602570,Andheri,Store Operations,Customer Complaint,medium,2026-08-05 11:49,2026-08-06 10:57,completed,,DM1120
REQ-202602947,Navi Mumbai,Maintenance,Equipment Repair,medium,2026-08-05 12:24,,in_progress,18600.0,DM1053
REQ-202603172,Thane,Store Operations,Shelf Replenishment,high,2026-08-05 12:39,2026-08-05 14:41,completed,,DM1054
REQ-202600147,Mumbai Central,Store Operations,Shelf Replenishment,medium,2026-08-05 13:10,2026-08-06 08:05,completed,,DM1051
REQ-202601694,Mumbai Central,Finance,Vendor Payment Query,medium,2026-08-05 13:51,,cancelled,,DM1062
REQ-202603009,Powai,IT Support,POS Issue,low,2026-08-05 13:51,,cancelled,,DM1018
REQ-202600110,Mumbai Central,Maintenance,Facility Issue,low,2026-08-05 13:53,2026-08-07 08:05,completed,,DM1081
REQ-202601876,Navi Mumbai,Store Operations,Shelf Replenishment,high,2026-08-05 14:30,2026-08-06 08:10,completed,,DM1190
REQ-202600246,Andheri,IT Support,Network Issue,high,2026-08-05 15:07,2026-08-06 09:45,completed,,DM1194
REQ-202602090,Andheri,Merchandising,Price Change,medium,2026-08-05 15:15,2026-08-06 09:16,completed,,DM1107
REQ-202600447,Powai,Maintenance,Equipment Repair,medium,2026-08-05 15:30,2026-08-06 09:40,completed,4000.0,DM1090
REQ-202600700,Navi Mumbai,Store Operations,Stock Transfer,high,2026-08-05 15:53,2026-08-06 09:34,completed,14660.0,DM1224
REQ-202601950,Andheri,Finance,Vendor Payment Query,medium,2026-08-05 16:17,2026-08-07 12:41,completed,,DM1004
REQ-202602021,Mumbai Central,Maintenance,Equipment Repair,low,2026-08-05 16:23,2026-08-07 10:36,completed,25540.0,DM1062
REQ-202600271,Thane,Finance,Petty Cash Claim,low,2026-08-05 16:30,,in_progress,11860.0,DM1113
REQ-202601837,Powai,Merchandising,Price Change,medium,2026-08-05 16:57,,open,,DM1239
REQ-202600995,Navi Mumbai,Store Operations,Customer Complaint,low,2026-08-05 17:50,2026-08-07 12:49,completed,,DM1037
REQ-202602762,Andheri,IT Support,POS Issue,low,2026-08-05 18:44,2026-08-07 14:22,completed,,DM1149
REQ-202602003,Navi Mumbai,IT Support,Access Request,low,2026-08-05 21:08,2026-08-06 13:51,completed,,DM1192
REQ-202602230,Navi Mumbai,IT Support,POS Issue,low,2026-08-05 21:34,2026-08-08 08:59,completed,,DM1236
REQ-202601342,Thane,Maintenance,Equipment Repair,critical,2026-08-06 06:30,2026-08-06 09:24,completed,7970.0,DM1097
REQ-202600468,Powai,IT Support,Access Request,medium,2026-08-06 07:04,2026-08-06 13:41,completed,,DM1190
REQ-202601993,Mumbai Central,Merchandising,Promotion Setup,medium,2026-08-06 07:14,2026-08-06 11:30,completed,,DM1087
REQ-202601066,Mumbai Central,Store Operations,Customer Complaint,low,2026-08-06 07:35,2026-08-07 16:00,completed,,DM1106
REQ-202601390,Thane,IT Support,Access Request,medium,2026-08-06 07:46,2026-08-06 13:15,completed,,DM1138
REQ-202601220,Navi Mumbai,Finance,Petty Cash Claim,medium,2026-08-06 08:23,2026-08-06 14:01,completed,7090.0,DM1114
REQ-202600043,Andheri,Store Operations,Customer Complaint,medium,2026-08-06 08:26,2026-08-06 10:31,completed,,DM1113
REQ-202602064,Navi Mumbai,IT Support,Access Request,low,2026-08-06 09:46,2026-08-07 14:27,completed,,DM1165
REQ-202602202,Thane,Maintenance,Facility Issue,medium,2026-08-06 09:48,2026-08-07 08:46,completed,,DM1232
REQ-202602803,Powai,IT Support,Network Issue,medium,2026-08-06 10:58,2026-08-07 16:00,completed,,DM1123
REQ-202601552,Navi Mumbai,Merchandising,Price Change,low,2026-08-06 12:05,2026-08-10 09:43,completed,,DM1108
REQ-202601586,Navi Mumbai,HR,Onboarding,critical,2026-08-06 12:10,2026-08-06 13:55,completed,,DM1081
REQ-202602664,Powai,Maintenance,Refrigeration Fault,critical,2026-08-06 12:23,2026-08-06 13:32,completed,,DM1070
REQ-202603148,Powai,Store Operations,Shelf Replenishment,medium,2026-08-06 12:47,2026-08-07 14:09,completed,,DM1052
REQ-202601120,Thane,Store Operations,Shelf Replenishment,low,2026-08-06 13:00,,in_progress,,DM1129
REQ-202600673,Thane,Store Operations,Shelf Replenishment,medium,2026-08-06 13:29,2026-08-07 10:09,completed,,DM1107
REQ-202601766,Navi Mumbai,Store Operations,Shelf Replenishment,medium,2026-08-06 13:31,2026-08-08 10:57,completed,,DM1003
REQ-202601951,Andheri,HR,Onboarding,medium,2026-08-06 13:58,2026-08-08 16:01,completed,,DM1124
REQ-202600695,Powai,HR,Leave Query,critical,2026-08-06 14:07,2026-08-06 15:34,completed,,DM1219
REQ-202602965,Mumbai Central,Store Operations,Shelf Replenishment,high,2026-08-06 14:31,,cancelled,,DM1159
REQ-202603113,Thane,IT Support,Access Request,medium,2026-08-06 14:59,2026-08-07 11:21,completed,,DM1177
REQ-202602394,Mumbai Central,Finance,Purchase Request,medium,2026-08-06 15:27,2026-08-07 12:07,completed,81100.0,DM1010
REQ-202600773,Powai,IT Support,POS Issue,medium,2026-08-06 15:31,,open,,DM1195
REQ-202600437,Navi Mumbai,Maintenance,Equipment Repair,high,2026-08-06 16:11,2026-08-07 08:56,completed,2670.0,DM1233
REQ-202602635,Navi Mumbai,Store Operations,Shelf Replenishment,medium,2026-08-06 16:30,2026-08-07 14:16,completed,,DM1180
REQ-202601606,Mumbai Central,IT Support,Access Request,medium,2026-08-06 16:35,2026-08-07 14:22,completed,,DM1119
REQ-202600484,Navi Mumbai,IT Support,Network Issue,medium,2026-08-06 16:57,2026-08-07 12:02,completed,,DM1233
REQ-202602578,Mumbai Central,Store Operations,Customer Complaint,low,2026-08-06 17:54,2026-08-08 15:55,completed,,DM1180
REQ-202602088,Navi Mumbai,Maintenance,Equipment Repair,low,2026-08-06 19:43,2026-08-08 14:08,completed,8590.0,DM1070
REQ-202600803,Andheri,HR,Onboarding,medium,2026-08-07 06:00,2026-08-07 10:53,completed,,DM1093
REQ-202601112,Mumbai Central,IT Support,Access Request,low,2026-08-07 06:03,2026-08-08 11:15,completed,,DM1106
REQ-202600181,Thane,IT Support,Access Request,medium,2026-08-07 07:07,2026-08-07 16:51,completed,,DM1087
REQ-202603030,Thane,Store Operations,Customer Complaint,high,2026-08-07 08:08,,cancelled,,DM1039
REQ-202600571,Navi Mumbai,IT Support,Network Issue,medium,2026-08-07 08:32,,in_progress,,DM1225
REQ-202601214,Navi Mumbai,Store Operations,Shelf Replenishment,medium,2026-08-07 08:42,2026-08-10 14:50,completed,,DM1177
REQ-202601486,Andheri,Maintenance,Facility Issue,low,2026-08-07 08:58,2026-08-08 13:25,completed,,DM1006
REQ-202601634,Mumbai Central,IT Support,Network Issue,medium,2026-08-07 09:31,,cancelled,,DM1008
REQ-202600369,Mumbai Central,Store Operations,Customer Complaint,low,2026-08-07 10:08,2026-08-10 09:48,completed,,DM1171
REQ-202602584,Powai,Merchandising,Price Change,low,2026-08-07 10:20,2026-08-07 16:23,completed,,DM1136
REQ-202600465,Andheri,IT Support,Access Request,medium,2026-08-07 10:45,2026-08-07 13:21,completed,,DM1040
REQ-202600633,Mumbai Central,HR,Payroll Query,medium,2026-08-07 10:58,2026-08-07 13:12,completed,,DM1051
REQ-202602109,Powai,Finance,Purchase Request,medium,2026-08-07 11:00,2026-08-07 15:28,completed,17930.0,DM1002
REQ-202601578,Powai,IT Support,Access Request,high,2026-08-07 11:06,2026-08-07 13:21,completed,,DM1015
REQ-202600991,Navi Mumbai,Maintenance,Facility Issue,low,2026-08-07 11:12,2026-08-08 12:57,completed,,DM1050
REQ-202601955,Powai,IT Support,Network Issue,medium,2026-08-07 11:19,,in_progress,,DM1054
REQ-202600348,Navi Mumbai,HR,Payroll Query,high,2026-08-07 11:24,2026-08-07 15:44,completed,,DM1088
REQ-202602855,Andheri,Store Operations,Stock Transfer,high,2026-08-07 12:01,2026-08-07 13:34,completed,111880.0,DM1045
REQ-202601800,Andheri,Maintenance,Refrigeration Fault,low,2026-08-07 12:18,,open,,DM1040
REQ-202600853,Andheri,Merchandising,Planogram Update,medium,2026-08-07 12:24,2026-08-07 16:59,completed,,DM1187
REQ-202602613,Mumbai Central,HR,Leave Query,medium,2026-08-07 13:23,2026-08-08 09:33,completed,,DM1025
REQ-202600316,Powai,IT Support,Access Request,medium,2026-08-07 13:33,2026-08-08 12:27,completed,,DM1119
REQ-202603076,Powai,Finance,Purchase Request,low,2026-08-07 13:40,2026-08-10 10:11,completed,2660.0,DM1136
REQ-202602011,Andheri,Store Operations,Shelf Replenishment,medium,2026-08-07 14:45,,open,,DM1100
REQ-202600815,Navi Mumbai,Store Operations,Stock Transfer,medium,2026-08-07 14:47,,in_progress,8870.0,DM1163
REQ-202600976,Thane,Maintenance,Facility Issue,low,2026-08-07 15:04,2026-08-11 15:27,completed,,DM1028
REQ-202600777,Powai,IT Support,POS Issue,critical,2026-08-07 15:42,2026-08-07 16:46,completed,,DM1059
REQ-202602337,Navi Mumbai,Store Operations,Shelf Replenishment,medium,2026-08-07 16:03,2026-08-08 10:50,completed,,DM1162
REQ-202602536,Thane,Merchandising,Promotion Setup,medium,2026-08-07 16:09,2026-08-08 12:14,completed,,DM1084
REQ-202601155,Andheri,Store Operations,Customer Complaint,critical,2026-08-07 18:19,2026-08-08 09:53,completed,,DM1215
REQ-202601479,Mumbai Central,IT Support,Network Issue,medium,2026-08-07 18:54,2026-08-08 12:35,completed,,DM1161
REQ-202601518,Thane,Store Operations,Stock Transfer,low,2026-08-07 19:17,,cancelled,46900.0,DM1201
REQ-202602539,Mumbai Central,Maintenance,Equipment Repair,medium,2026-08-07 19:57,2026-08-08 14:10,completed,25170.0,DM1220
REQ-202601116,Navi Mumbai,Merchandising,Promotion Setup,high,2026-08-07 20:13,2026-08-08 13:04,completed,,DM1220
REQ-202602583,Andheri,Merchandising,Planogram Update,critical,2026-08-07 20:38,2026-08-08 09:28,completed,,DM1139
REQ-202601355,Thane,Maintenance,Refrigeration Fault,low,2026-08-08 06:04,2026-08-10 13:10,completed,,DM1203
REQ-202600391,Navi Mumbai,Merchandising,Planogram Update,medium,2026-08-08 06:08,2026-08-10 10:57,completed,,DM1224
REQ-202602165,Andheri,IT Support,POS Issue,medium,2026-08-08 06:39,2026-08-08 12:26,completed,,DM1183
REQ-202601867,Powai,Store Operations,Shelf Replenishment,medium,2026-08-08 07:13,2026-08-08 13:40,completed,,DM1162
REQ-202602962,Mumbai Central,IT Support,POS Issue,medium,2026-08-08 07:55,2026-08-08 13:02,completed,,DM1219
REQ-202600055,Powai,Maintenance,Equipment Repair,medium,2026-08-08 08:42,2026-08-08 11:19,completed,25260.0,DM1139
REQ-202600089,Thane,Store Operations,Stock Transfer,low,2026-08-08 08:46,2026-08-11 09:37,completed,5070.0,DM1085
REQ-202600660,Navi Mumbai,IT Support,POS Issue,medium,2026-08-08 08:51,2026-08-08 12:27,completed,,DM1045
REQ-202602106,Andheri,Merchandising,Promotion Setup,medium,2026-08-08 09:13,2026-08-10 11:11,completed,,DM1027
REQ-202600422,Andheri,Merchandising,Promotion Setup,high,2026-08-08 09:30,2026-08-10 08:24,completed,,DM1062
REQ-202602969,Thane,HR,Leave Query,low,2026-08-08 09:49,2026-08-11 08:48,completed,,DM1186
REQ-202602061,Thane,HR,Onboarding,high,2026-08-08 09:50,2026-08-08 11:29,completed,,DM1229
REQ-202602668,Navi Mumbai,HR,Payroll Query,medium,2026-08-08 09:58,2026-08-08 14:54,completed,,DM1203
REQ-202601690,Thane,Store Operations,Customer Complaint,medium,2026-08-08 10:11,2026-08-08 13:06,completed,,DM1070
REQ-202601289,Andheri,Store Operations,Customer Complaint,critical,2026-08-08 10:26,2026-08-08 12:26,completed,,DM1046
REQ-202603174,Andheri,Maintenance,Facility Issue,medium,2026-08-08 10:29,2026-08-10 09:37,completed,,DM1126
REQ-202601124,Mumbai Central,Merchandising,Promotion Setup,medium,2026-08-08 10:55,2026-08-08 16:05,completed,,DM1042
REQ-202601884,Mumbai Central,Store Operations,Stock Transfer,medium,2026-08-08 10:57,2026-08-10 11:03,completed,30040.0,DM1128
REQ-202602214,Powai,Store Operations,Stock Transfer,high,2026-08-08 11:04,2026-08-10 12:38,completed,20640.0,DM1153
REQ-202601857,Andheri,IT Support,Network Issue,medium,2026-08-08 11:27,2026-08-08 16:41,completed,,DM1053
REQ-202603105,Powai,Store Operations,Stock Transfer,medium,2026-08-08 11:33,2026-08-08 14:47,completed,19030.0,DM1051
REQ-202600407,Navi Mumbai,Merchandising,Promotion Setup,medium,2026-08-08 11:40,2026-08-10 16:21,completed,,DM1029
REQ-202600123,Andheri,Merchandising,Price Change,urgent,2026-08-08 12:23,2026-08-08 14:54,completed,,DM1149
REQ-202601852,Powai,Store Operations,Stock Transfer,high,2026-08-08 12:47,,open,146790.0,DM1096
REQ-202600946,Andheri,IT Support,POS Issue,critical,2026-08-08 12:56,2026-08-08 14:33,completed,,DM1063
REQ-202602176,Navi Mumbai,Store Operations,Customer Complaint,critical,2026-08-08 13:52,2026-08-08 14:37,completed,,DM1218
REQ-202600543,Thane,IT Support,Network Issue,low,2026-08-08 13:54,2026-08-12 10:26,completed,,DM1122
REQ-202602385,Thane,Merchandising,Price Change,low,2026-08-08 14:24,2026-08-11 10:33,completed,,DM1091
REQ-202601353,Andheri,Store Operations,Customer Complaint,medium,2026-08-08 14:37,2026-08-10 13:11,completed,,DM1233
REQ-202601638,Thane,Store Operations,Stock Transfer,high,2026-08-08 15:19,2026-08-10 08:00,completed,5980.0,DM1092
REQ-202600125,Navi Mumbai,IT Support,POS Issue,critical,2026-08-08 15:32,2026-08-10 08:06,completed,,DM1195
REQ-202600081,Andheri,Finance,Vendor Payment Query,medium,2026-08-08 16:26,2026-08-10 13:07,completed,,DM1149
REQ-202600753,Navi Mumbai,Merchandising,Price Change,low,2026-08-08 16:31,2026-08-14 12:03,completed,,DM1172
REQ-202601502,Powai,Maintenance,Facility Issue,high,2026-08-08 16:58,2026-08-10 11:58,completed,,DM1085
REQ-202600558,Mumbai Central,Finance,Petty Cash Claim,medium,2026-08-08 17:14,2026-08-10 15:44,completed,21270.0,DM1075
REQ-202600357,Powai,IT Support,POS Issue,low,2026-08-08 17:25,2026-08-13 08:33,completed,,DM1223
REQ-202601465,Navi Mumbai,Maintenance,Facility Issue,high,2026-08-08 18:26,2026-08-10 14:48,completed,,DM1206
REQ-202600482,Navi Mumbai,HR,Leave Query,medium,2026-08-08 19:55,2026-08-10 12:24,completed,,DM1050
REQ-202602706,Mumbai Central,Store Operations,Customer Complaint,medium,2026-08-08 21:35,2026-08-10 13:01,completed,,DM1191
REQ-202601630,Thane,Store Operations,Stock Transfer,high,2026-08-09 06:07,2026-08-10 12:09,completed,49530.0,DM1199
REQ-202601859,Thane,Maintenance,Facility Issue,low,2026-08-09 06:28,2026-08-17 09:22,completed,,DM1028
REQ-202600208,Powai,Store Operations,Stock Transfer,urgent,2026-08-09 08:06,2026-08-10 09:06,completed,10930.0,DM1075
REQ-202600426,Navi Mumbai,IT Support,Network Issue,medium,2026-08-09 08:44,2026-08-10 09:33,completed,,DM1123
REQ-202600444,Mumbai Central,Store Operations,Shelf Replenishment,critical,2026-08-09 08:49,2026-08-10 08:43,completed,,DM1052
REQ-202601013,Mumbai Central,Store Operations,Customer Complaint,medium,2026-08-09 09:10,2026-08-10 15:31,completed,,DM1131
REQ-202600933,Thane,Finance,Petty Cash Claim,medium,2026-08-09 09:11,2026-08-10 10:56,completed,24050.0,DM1075
REQ-202600491,Thane,Store Operations,Customer Complaint,high,2026-08-09 09:16,2026-08-10 09:57,completed,,DM1030
REQ-202602878,Powai,Store Operations,Shelf Replenishment,low,2026-08-09 09:22,2026-08-12 12:53,completed,,DM1158
REQ-202601646,Thane,Store Operations,Shelf Replenishment,low,2026-08-09 09:33,2026-08-11 09:59,completed,,DM1209
REQ-202602306,Mumbai Central,Merchandising,Price Change,medium,2026-08-09 09:35,2026-08-10 10:44,completed,,DM1181
REQ-202601317,Mumbai Central,Merchandising,Planogram Update,high,2026-08-09 09:36,2026-08-10 09:36,completed,,DM1234
REQ-202602283,Powai,Store Operations,Shelf Replenishment,low,2026-08-09 09:55,,in_progress,,DM1217
REQ-202601514,Navi Mumbai,Store Operations,Customer Complaint,low,2026-08-09 10:04,2026-08-12 08:19,completed,,DM1222
REQ-202602942,Powai,IT Support,Access Request,medium,2026-08-09 10:07,2026-08-10 16:05,completed,,DM1033
REQ-202602767,Mumbai Central,Store Operations,Stock Transfer,low,2026-08-09 10:56,2026-08-12 09:49,completed,6940.0,DM1168
REQ-202600204,Thane,IT Support,POS Issue,high,2026-08-09 11:58,2026-08-10 09:32,completed,,DM1054
REQ-202600197,Mumbai Central,Maintenance,Refrigeration Fault,critical,2026-08-09 12:20,2026-08-10 09:08,completed,,DM1181
REQ-202600206,Thane,Merchandising,Price Change,medium,2026-08-09 12:25,2026-08-10 11:25,completed,,DM1021
REQ-202600325,Andheri,Store Operations,Shelf Replenishment,critical,2026-08-09 12:32,2026-08-10 09:40,completed,,DM1076
REQ-202602934,Thane,Maintenance,Refrigeration Fault,high,2026-08-09 12:34,2026-08-10 10:15,completed,,DM1177
REQ-202600133,Andheri,Store Operations,Customer Complaint,medium,2026-08-09 13:02,2026-08-10 14:34,completed,,DM1006
REQ-202603194,Powai,IT Support,Network Issue,high,2026-08-09 13:15,2026-08-10 13:40,completed,,DM1202
REQ-202603129,Powai,Maintenance,Equipment Repair,medium,2026-08-09 13:16,,open,25740.0,DM1169
REQ-202600118,Powai,Store Operations,Shelf Replenishment,critical,2026-08-09 13:21,,in_progress,,DM1120
REQ-202602870,Thane,Store Operations,Shelf Replenishment,medium,2026-08-09 13:22,2026-08-10 13:30,completed,,DM1063
REQ-202601060,Andheri,Finance,Vendor Payment Query,critical,2026-08-09 13:41,2026-08-10 09:39,completed,,DM1129
REQ-202600691,Thane,IT Support,Network Issue,high,2026-08-09 14:04,2026-08-10 08:52,completed,,DM1009
REQ-202601886,Andheri,Store Operations,Shelf Replenishment,critical,2026-08-09 14:21,2026-08-10 08:50,completed,,DM1056
REQ-202602829,Mumbai Central,Maintenance,Equipment Repair,medium,2026-08-09 15:03,2026-08-10 12:18,completed,41230.0,DM1107
REQ-202600623,Andheri,Store Operations,Stock Transfer,medium,2026-08-09 15:11,2026-08-10 11:19,completed,46250.0,DM1039
REQ-202600280,Powai,IT Support,Access Request,medium,2026-08-09 16:22,2026-08-10 14:00,completed,,DM1059
REQ-202600734,Andheri,IT Support,Network Issue,medium,2026-08-09 16:25,2026-08-10 14:50,completed,,DM1121
REQ-202600760,Mumbai Central,IT Support,Access Request,medium,2026-08-09 16:53,,cancelled,,DM1194
REQ-202601740,Thane,Store Operations,Stock Transfer,low,2026-08-09 17:01,2026-08-13 16:10,completed,43210.0,DM1181
REQ-202601281,Mumbai Central,Store Operations,Stock Transfer,critical,2026-08-09 18:02,,in_progress,30760.0,DM1237
REQ-202601024,Thane,Store Operations,Stock Transfer,low,2026-08-09 21:40,2026-08-11 11:01,completed,5370.0,DM1086
REQ-202600145,Navi Mumbai,Store Operations,Customer Complaint,high,2026-08-10 06:21,2026-08-10 12:05,completed,,DM1139
REQ-202601445,Navi Mumbai,IT Support,Network Issue,medium,2026-08-10 07:31,2026-08-10 12:24,completed,,DM1025
REQ-202601491,Thane,IT Support,POS Issue,high,2026-08-10 08:04,,in_progress,,DM1078
REQ-202602496,Mumbai Central,IT Support,Access Request,medium,2026-08-10 08:10,,in_progress,,DM1005
REQ-202601110,Navi Mumbai,Merchandising,Planogram Update,medium,2026-08-10 08:26,,in_progress,,DM1155
REQ-202602387,Andheri,Merchandising,Promotion Setup,low,2026-08-10 08:44,2026-08-12 12:06,completed,,DM1210
REQ-202600588,Andheri,Finance,Vendor Payment Query,critical,2026-08-10 08:47,2026-08-10 11:01,completed,,DM1022
REQ-202601331,Mumbai Central,Finance,Purchase Request,high,2026-08-10 08:49,2026-08-10 09:19,completed,20940.0,DM1235
REQ-202600816,Thane,IT Support,POS Issue,high,2026-08-10 08:57,2026-08-10 10:54,completed,,DM1215
REQ-202601149,Thane,IT Support,Network Issue,high,2026-08-10 09:50,2026-08-10 11:33,completed,,DM1008
REQ-202601115,Mumbai Central,Store Operations,Stock Transfer,medium,2026-08-10 09:55,2026-08-10 14:02,completed,27080.0,DM1168
REQ-202601562,Thane,Merchandising,Price Change,medium,2026-08-10 09:55,2026-08-10 15:37,completed,,DM1192
REQ-202602379,Thane,IT Support,POS Issue,medium,2026-08-10 10:01,,cancelled,,DM1055
REQ-202601382,Thane,Merchandising,Promotion Setup,high,2026-08-10 10:07,2026-08-10 15:09,completed,,DM1217
REQ-202601044,Thane,Store Operations,Stock Transfer,high,2026-08-10 10:24,2026-08-10 12:42,completed,19930.0,DM1016
REQ-202602569,Thane,Finance,Petty Cash Claim,low,2026-08-10 10:37,2026-08-12 08:24,completed,11300.0,DM1177
REQ-202600953,Thane,HR,Leave Query,medium,2026-08-10 10:50,2026-08-10 14:17,completed,,DM1046
REQ-202600266,Navi Mumbai,Maintenance,Facility Issue,high,2026-08-10 10:56,2026-08-10 15:22,completed,,DM1001
REQ-202602405,Navi Mumbai,Merchandising,Planogram Update,low,2026-08-10 11:08,2026-08-12 08:00,completed,,DM1161
REQ-202601418,Mumbai Central,Merchandising,Promotion Setup,medium,2026-08-10 11:27,,cancelled,,DM1110
REQ-202600168,Andheri,Store Operations,Customer Complaint,medium,2026-08-10 11:57,2026-08-11 10:39,completed,,DM1058
REQ-202601448,Powai,Store Operations,Stock Transfer,low,2026-08-10 12:24,2026-08-11 15:22,completed,11450.0,DM1010
REQ-202602081,Andheri,Merchandising,Price Change,medium,2026-08-10 13:26,2026-08-11 09:15,completed,,DM1042
REQ-202600346,Navi Mumbai,Finance,Petty Cash Claim,medium,2026-08-10 13:30,2026-08-11 09:03,completed,164180.0,DM1017
REQ-202602898,Mumbai Central,Store Operations,Shelf Replenishment,medium,2026-08-10 13:37,,in_progress,,DM1111
REQ-202600018,Navi Mumbai,IT Support,Access Request,high,2026-08-10 13:44,2026-08-10 16:32,completed,,DM1174
REQ-202600048,Powai,Finance,Purchase Request,medium,2026-08-10 13:56,2026-08-12 10:08,completed,10820.0,DM1234
REQ-202602772,Navi Mumbai,Store Operations,Shelf Replenishment,medium,2026-08-10 13:58,,open,,DM1075
REQ-202602623,Andheri,IT Support,POS Issue,low,2026-08-10 13:59,2026-08-13 12:54,completed,,DM1015
REQ-202601105,Mumbai Central,Store Operations,Shelf Replenishment,medium,2026-08-10 14:07,2026-08-11 12:02,completed,,DM1187
REQ-202600463,Thane,Store Operations,Shelf Replenishment,medium,2026-08-10 14:28,2026-08-11 10:08,completed,,DM1117
REQ-202601704,Navi Mumbai,Store Operations,Customer Complaint,medium,2026-08-10 14:52,2026-08-11 09:38,completed,,DM1190
REQ-202602972,Andheri,IT Support,Access Request,high,2026-08-10 15:13,2026-08-11 09:21,completed,,DM1160
REQ-202602746,Powai,Merchandising,Price Change,medium,2026-08-10 15:25,2026-08-11 09:04,completed,,DM1193
REQ-202602802,Powai,Maintenance,Equipment Repair,medium,2026-08-10 15:53,2026-08-11 11:28,completed,52560.0,DM1080
REQ-202601073,Powai,Store Operations,Stock Transfer,critical,2026-08-10 15:58,2026-08-11 09:29,completed,9130.0,DM1003
REQ-202601012,Mumbai Central,Merchandising,Price Change,low,2026-08-10 16:04,2026-08-13 08:05,completed,,DM1152
REQ-202601230,Navi Mumbai,Store Operations,Customer Complaint,high,2026-08-10 16:15,2026-08-11 08:49,completed,,DM1195
REQ-202601032,Andheri,Finance,Vendor Payment Query,low,2026-08-10 16:18,,open,,DM1138
REQ-202602541,Andheri,Maintenance,Facility Issue,low,2026-08-10 16:42,2026-08-12 13:50,completed,,DM1208
REQ-202600820,Powai,Store Operations,Stock Transfer,medium,2026-08-10 16:50,2026-08-11 11:17,completed,39880.0,DM1136
REQ-202603087,Mumbai Central,Finance,Purchase Request,low,2026-08-10 17:06,2026-08-13 08:46,completed,7350.0,DM1211
REQ-202600828,Mumbai Central,Store Operations,Customer Complaint,medium,2026-08-10 18:18,2026-08-11 10:54,completed,,DM1060
REQ-202600362,Thane,Store Operations,Stock Transfer,medium,2026-08-10 18:29,2026-08-12 15:54,completed,15050.0,DM1137
REQ-202600945,Mumbai Central,Store Operations,Shelf Replenishment,medium,2026-08-10 19:55,2026-08-11 11:45,completed,,DM1017
REQ-202602289,Mumbai Central,Store Operations,Customer Complaint,medium,2026-08-10 20:37,2026-08-11 16:21,completed,,DM1231
REQ-202600032,Andheri,Maintenance,Equipment Repair,medium,2026-08-10 21:10,2026-08-11 10:53,completed,55860.0,DM1183
REQ-202601048,Mumbai Central,Maintenance,Equipment Repair,medium,2026-08-11 06:56,2026-08-11 12:56,completed,9280.0,DM1011
REQ-202600353,Mumbai Central,HR,Leave Query,high,2026-08-11 07:20,2026-08-11 10:57,completed,,DM1175
REQ-202603188,Mumbai Central,Finance,Purchase Request,medium,2026-08-11 07:35,2026-08-11 11:30,completed,8090.0,DM1162
REQ-202600615,Powai,Store Operations,Customer Complaint,low,2026-08-11 07:40,,in_progress,,DM1114
REQ-202600308,Powai,IT Support,POS Issue,low,2026-08-11 08:10,2026-08-11 14:17,completed,,DM1045
REQ-202600269,Navi Mumbai,IT Support,Network Issue,high,2026-08-11 08:26,2026-08-11 09:35,completed,,DM1014
REQ-202600745,Mumbai Central,Merchandising,Promotion Setup,medium,2026-08-11 08:31,2026-08-11 11:18,completed,,DM1180
REQ-202600661,Andheri,Store Operations,Customer Complaint,medium,2026-08-11 09:21,2026-08-12 10:47,completed,,DM1177
REQ-202603162,Navi Mumbai,Store Operations,Stock Transfer,critical,2026-08-11 10:37,,cancelled,35600.0,DM1152
REQ-202600153,Mumbai Central,Merchandising,Planogram Update,medium,2026-08-11 10:50,2026-08-11 15:06,completed,,DM1148
REQ-202601780,Andheri,Store Operations,Shelf Replenishment,low,2026-08-11 11:44,2026-08-14 16:17,completed,,DM1049
REQ-202600301,Powai,Maintenance,Facility Issue,low,2026-08-11 11:54,2026-08-13 11:21,completed,,DM1186
REQ-202602928,Mumbai Central,Store Operations,Shelf Replenishment,low,2026-08-11 12:03,2026-08-13 13:38,completed,,DM1212
REQ-202600497,Navi Mumbai,Store Operations,Customer Complaint,medium,2026-08-11 13:15,2026-08-12 09:44,completed,,DM1201
REQ-202601904,Andheri,Finance,Petty Cash Claim,high,2026-08-11 13:17,2026-08-11 16:33,completed,14280.0,DM1219
REQ-202601988,Mumbai Central,Maintenance,Refrigeration Fault,medium,2026-08-11 13:22,2026-08-11 15:52,completed,,DM1076
REQ-202600769,Andheri,Merchandising,Price Change,medium,2026-08-11 13:23,2026-08-12 08:45,completed,,DM1020
REQ-202601732,Andheri,Store Operations,Customer Complaint,medium,2026-08-11 13:35,,in_progress,,DM1221
REQ-202602265,Mumbai Central,Merchandising,Planogram Update,high,2026-08-11 14:23,2026-08-12 08:19,completed,,DM1105
REQ-202601408,Navi Mumbai,IT Support,Access Request,high,2026-08-11 14:37,,in_progress,,DM1214
REQ-202602002,Thane,Store Operations,Stock Transfer,low,2026-08-11 14:40,,open,46170.0,DM1133
REQ-202602816,Navi Mumbai,Store Operations,Shelf Replenishment,medium,2026-08-11 14:44,2026-08-12 11:06,completed,,DM1194
REQ-202601150,Navi Mumbai,HR,Payroll Query,medium,2026-08-11 14:46,2026-08-12 08:31,completed,,DM1237
REQ-202602188,Thane,Store Operations,Customer Complaint,low,2026-08-11 14:49,2026-08-13 09:49,completed,,DM1030
REQ-202602480,Andheri,IT Support,POS Issue,high,2026-08-11 15:26,2026-08-12 10:24,completed,,DM1224
REQ-202602359,Andheri,Store Operations,Stock Transfer,low,2026-08-11 15:29,2026-08-14 08:59,completed,4820.0,DM1139
REQ-202602470,Navi Mumbai,IT Support,POS Issue,medium,2026-08-11 15:51,2026-08-12 11:34,completed,,DM1011
REQ-202602498,Mumbai Central,Store Operations,Shelf Replenishment,high,2026-08-11 16:49,2026-08-12 10:05,completed,,DM1142
REQ-202600253,Mumbai Central,Maintenance,Refrigeration Fault,medium,2026-08-11 17:07,2026-08-12 09:16,completed,,DM1016
REQ-202601226,Thane,IT Support,Access Request,low,2026-08-11 17:49,2026-08-13 15:05,completed,,DM1085
REQ-202601185,Andheri,Store Operations,Shelf Replenishment,low,2026-08-11 18:08,2026-08-13 15:09,completed,,DM1069
REQ-202602871,Powai,IT Support,Network Issue,low,2026-08-11 18:46,2026-08-14 08:53,completed,,DM1195
REQ-202600040,Navi Mumbai,Store Operations,Stock Transfer,high,2026-08-11 20:50,2026-08-12 12:22,completed,4160.0,DM1217
REQ-202601862,Andheri,Store Operations,Customer Complaint,medium,2026-08-11 20:51,2026-08-12 12:36,completed,,DM1133
REQ-202601270,Powai,IT Support,Access Request,high,2026-08-11 21:07,2026-08-12 10:45,completed,,DM1001
REQ-202602030,Mumbai Central,IT Support,Network Issue,low,2026-08-12 07:12,2026-08-13 13:10,completed,,DM1111
REQ-202601255,Navi Mumbai,HR,Payroll Query,medium,2026-08-12 07:26,2026-08-12 12:33,completed,,DM1209
REQ-202602782,Andheri,Merchandising,Price Change,low,2026-08-12 08:25,2026-08-13 16:09,completed,,DM1057
REQ-202600275,Andheri,IT Support,POS Issue,low,2026-08-12 08:26,2026-08-17 10:58,completed,,DM1006
REQ-202600663,Thane,Merchandising,Promotion Setup,medium,2026-08-12 08:42,2026-08-12 11:24,completed,,DM1224
REQ-202601798,Thane,HR,Payroll Query,high,2026-08-12 09:16,2026-08-12 12:14,completed,,DM1179
REQ-202600540,Thane,IT Support,Access Request,medium,2026-08-12 09:18,2026-08-12 11:46,completed,,DM1139
REQ-202600993,Thane,Merchandising,Planogram Update,low,2026-08-12 09:18,2026-08-14 09:41,completed,,DM1037
REQ-202602501,Powai,Store Operations,Stock Transfer,medium,2026-08-12 10:47,2026-08-12 15:00,completed,51710.0,DM1210
REQ-202600218,Powai,Store Operations,Stock Transfer,critical,2026-08-12 11:14,2026-08-12 12:48,completed,16930.0,DM1189
REQ-202600728,Mumbai Central,Finance,Vendor Payment Query,low,2026-08-12 11:41,2026-08-13 10:10,completed,,DM1240
REQ-202600113,Mumbai Central,Merchandising,Promotion Setup,high,2026-08-12 11:45,2026-08-13 08:05,completed,,DM1030
REQ-202600376,Thane,Merchandising,Planogram Update,low,2026-08-12 12:10,,in_progress,,DM1167
REQ-202601088,Mumbai Central,Store Operations,Customer Complaint,medium,2026-08-12 12:14,,in_progress,,DM1168
REQ-202601535,Powai,Store Operations,Shelf Replenishment,medium,2026-08-12 12:52,2026-08-12 15:37,completed,,DM1222
REQ-202602910,Andheri,Maintenance,Equipment Repair,medium,2026-08-12 12:55,2026-08-12 15:50,completed,144636.0,DM1136
REQ-202602806,Navi Mumbai,HR,Onboarding,medium,2026-08-12 13:13,,open,,DM1123
REQ-202602980,Navi Mumbai,Store Operations,Customer Complaint,critical,2026-08-12 13:28,2026-08-12 14:24,completed,,DM1233
REQ-202602785,Powai,Store Operations,Shelf Replenishment,low,2026-08-12 13:55,2026-08-13 13:43,completed,,DM1134
REQ-202600752,Mumbai Central,Maintenance,Refrigeration Fault,low,2026-08-12 14:02,2026-08-14 12:07,completed,,DM1002
REQ-202601588,Navi Mumbai,Store Operations,Stock Transfer,medium,2026-08-12 14:15,,cancelled,22310.0,DM1169
REQ-202601397,Thane,Merchandising,Price Change,medium,2026-08-12 14:42,2026-08-13 08:05,completed,,DM1185
REQ-202601805,Mumbai Central,Store Operations,Customer Complaint,medium,2026-08-12 15:01,2026-08-13 08:58,completed,,DM1153
REQ-202600098,Thane,IT Support,POS Issue,low,2026-08-12 15:02,2026-08-18 09:20,completed,,DM1014
REQ-202600361,Thane,Store Operations,Customer Complaint,medium,2026-08-12 15:05,2026-08-13 08:56,completed,,DM1202
REQ-202600629,Powai,Finance,Vendor Payment Query,low,2026-08-12 15:22,2026-08-14 13:16,completed,,DM1159
REQ-202601577,Andheri,HR,Payroll Query,medium,2026-08-12 15:44,2026-08-13 12:13,completed,,DM1087
REQ-202600424,Thane,Store Operations,Stock Transfer,medium,2026-08-12 15:53,2026-08-13 13:21,completed,43470.0,DM1236
REQ-202602600,Mumbai Central,Maintenance,Equipment Repair,medium,2026-08-12 16:15,2026-08-13 09:15,completed,32180.0,DM1176
REQ-202601258,Thane,HR,Payroll Query,high,2026-08-12 16:21,2026-08-13 10:53,completed,,DM1175
REQ-202600662,Mumbai Central,Merchandising,Promotion Setup,medium,2026-08-12 16:25,2026-08-13 12:49,completed,,DM1204
REQ-202600826,Andheri,Store Operations,Customer Complaint,low,2026-08-12 16:36,2026-08-17 10:43,completed,,DM1234
REQ-202602967,Thane,Maintenance,Facility Issue,low,2026-08-12 16:45,2026-08-18 10:08,completed,,DM1088
REQ-202602832,Powai,Merchandising,Promotion Setup,high,2026-08-12 18:16,2026-08-13 11:27,completed,,DM1065
REQ-202601462,Thane,Merchandising,Price Change,high,2026-08-12 18:41,,cancelled,,DM1026
REQ-202601457,Thane,Store Operations,Customer Complaint,medium,2026-08-12 20:50,2026-08-13 10:44,completed,,DM1101
REQ-202601075,Mumbai Central,Maintenance,Refrigeration Fault,high,2026-08-12 21:50,2026-08-13 10:27,completed,,DM1203
REQ-202601759,Navi Mumbai,Merchandising,Planogram Update,high,2026-08-12 21:51,2026-08-13 11:29,completed,,DM1199
REQ-202601554,Navi Mumbai,Merchandising,Planogram Update,medium,2026-08-13 06:04,2026-08-14 11:05,completed,,DM1120
REQ-202601228,Powai,Store Operations,Shelf Replenishment,high,2026-08-13 07:47,2026-08-13 09:55,completed,,DM1172
REQ-202600914,Thane,IT Support,POS Issue,medium,2026-08-13 07:50,,cancelled,,DM1042
REQ-202603085,Andheri,Store Operations,Shelf Replenishment,medium,2026-08-13 08:08,2026-08-14 09:26,completed,,DM1056
REQ-202602462,Thane,Maintenance,Equipment Repair,high,2026-08-13 08:31,2026-08-13 09:29,completed,8010.0,DM1239
REQ-202600517,Navi Mumbai,Store Operations,Shelf Replenishment,medium,2026-08-13 08:43,2026-08-13 13:08,completed,,DM1173
REQ-202602657,Navi Mumbai,IT Support,POS Issue,low,2026-08-13 08:57,2026-08-13 14:24,completed,,DM1001
REQ-202600687,Mumbai Central,Merchandising,Promotion Setup,low,2026-08-13 09:25,2026-08-17 10:32,completed,,DM1012
REQ-202602902,Thane,Store Operations,Customer Complaint,medium,2026-08-13 10:17,2026-08-13 15:09,completed,,DM1016
REQ-202602626,Navi Mumbai,Merchandising,Planogram Update,low,2026-08-13 10:18,2026-08-14 11:09,completed,,DM1213
REQ-202601623,Thane,Finance,Vendor Payment Query,medium,2026-08-13 11:01,2026-08-14 11:39,completed,,DM1166
REQ-202602556,Andheri,HR,Payroll Query,medium,2026-08-13 11:54,2026-08-14 09:22,completed,,DM1160
REQ-202601271,Navi Mumbai,IT Support,Network Issue,medium,2026-08-13 12:29,2026-08-13 15:57,completed,,DM1223
REQ-202603090,Mumbai Central,Store Operations,Stock Transfer,medium,2026-08-13 13:03,,cancelled,15520.0,DM1204
REQ-202603131,Navi Mumbai,Store Operations,Customer Complaint,high,2026-08-13 13:25,2026-08-13 15:09,completed,,DM1177
REQ-202601824,Andheri,Maintenance,Refrigeration Fault,high,2026-08-13 13:32,2026-08-13 16:21,completed,,DM1038
REQ-202601840,Andheri,Maintenance,Refrigeration Fault,medium,2026-08-13 13:58,2026-08-13 16:43,completed,,DM1027
REQ-202602734,Navi Mumbai,Finance,Petty Cash Claim,medium,2026-08-13 14:38,2026-08-14 15:11,completed,25780.0,DM1182
REQ-202603035,Powai,Store Operations,Customer Complaint,low,2026-08-13 14:40,2026-08-17 10:05,completed,,DM1163
REQ-202601836,Thane,Finance,Petty Cash Claim,low,2026-08-13 14:45,2026-08-14 12:44,completed,1780.0,DM1142
REQ-202601919,Mumbai Central,Merchandising,Price Change,low,2026-08-13 14:47,,in_progress,,DM1154
REQ-202600033,Powai,Maintenance,Equipment Repair,medium,2026-08-13 14:49,2026-08-14 10:20,completed,25160.0,DM1021
REQ-202600715,Powai,Store Operations,Shelf Replenishment,low,2026-08-13 14:54,2026-08-14 15:43,completed,,DM1011
REQ-202603001,Powai,Maintenance,Equipment Repair,medium,2026-08-13 15:00,,in_progress,2780.0,DM1019
REQ-202601459,Mumbai Central,IT Support,POS Issue,medium,2026-08-13 15:04,,open,,DM1095
REQ-202601080,Andheri,Finance,Vendor Payment Query,low,2026-08-13 15:05,2026-08-20 11:07,completed,,DM1044
REQ-202601558,Andheri,IT Support,Access Request,high,2026-08-13 15:12,2026-08-13 16:20,completed,,DM1034
REQ-202601715,Navi Mumbai,Merchandising,Promotion Setup,medium,2026-08-13 15:15,2026-08-14 10:51,completed,,DM1024
REQ-202603039,Mumbai Central,IT Support,POS Issue,critical,2026-08-13 15:21,,cancelled,,DM1136
REQ-202602526,Powai,Merchandising,Planogram Update,high,2026-08-13 15:46,2026-08-14 08:38,completed,,DM1148
REQ-202601520,Mumbai Central,Finance,Petty Cash Claim,low,2026-08-13 15:56,2026-08-19 11:37,completed,48960.0,DM1010
REQ-202602234,Andheri,Maintenance,Equipment Repair,medium,2026-08-13 16:29,2026-08-14 11:07,completed,11300.0,DM1057
REQ-202601158,Navi Mumbai,Store Operations,Stock Transfer,high,2026-08-13 16:59,2026-08-14 10:39,completed,8150.0,DM1117
REQ-202600814,Mumbai Central,IT Support,POS Issue,medium,2026-08-13 19:25,,in_progress,,DM1226
REQ-202602944,Thane,IT Support,Network Issue,medium,2026-08-13 20:24,,in_progress,,DM1100
REQ-202602935,Thane,IT Support,Network Issue,medium,2026-08-13 20:50,2026-08-14 14:26,completed,,DM1215
REQ-202600686,Navi Mumbai,Maintenance,Refrigeration Fault,medium,2026-08-13 21:19,2026-08-14 15:14,completed,,DM1040
REQ-202603176,Powai,Store Operations,Shelf Replenishment,medium,2026-08-14 07:01,2026-08-14 14:32,completed,,DM1064
REQ-202602726,Mumbai Central,IT Support,POS Issue,medium,2026-08-14 08:29,2026-08-14 10:10,completed,,DM1086
REQ-202602280,Navi Mumbai,Merchandising,Promotion Setup,critical,2026-08-14 08:37,2026-08-14 10:03,completed,,DM1107
REQ-202602909,Mumbai Central,IT Support,Access Request,medium,2026-08-14 08:50,2026-08-17 10:29,completed,,DM1067
REQ-202601256,Mumbai Central,IT Support,Network Issue,low,2026-08-14 09:30,2026-08-18 11:14,completed,,DM1149
REQ-202602554,Andheri,IT Support,Access Request,critical,2026-08-14 09:43,2026-08-14 10:52,completed,,DM1003
REQ-202602694,Navi Mumbai,HR,Leave Query,medium,2026-08-14 09:48,,open,,DM1142
REQ-202601029,Mumbai Central,Store Operations,Customer Complaint,low,2026-08-14 10:21,2026-08-18 12:12,completed,,DM1217
REQ-202601515,Navi Mumbai,Store Operations,Stock Transfer,medium,2026-08-14 10:38,2026-08-14 12:47,completed,26360.0,DM1208
REQ-202601067,Andheri,Maintenance,Refrigeration Fault,medium,2026-08-14 10:44,2026-08-14 15:09,completed,,DM1015
REQ-202603133,Andheri,IT Support,Access Request,high,2026-08-14 11:18,,cancelled,,DM1211
REQ-202601781,Andheri,Merchandising,Promotion Setup,medium,2026-08-14 11:34,,cancelled,,DM1193
REQ-202602931,Thane,Store Operations,Shelf Replenishment,medium,2026-08-14 11:51,2026-08-17 08:59,completed,,DM1153
REQ-202601260,Mumbai Central,Store Operations,Customer Complaint,low,2026-08-14 12:03,2026-08-18 11:49,completed,,DM1206
REQ-202601217,Mumbai Central,Store Operations,Customer Complaint,low,2026-08-14 12:06,2026-08-18 16:56,completed,,DM1171
REQ-202602641,Mumbai Central,Store Operations,Stock Transfer,low,2026-08-14 12:16,2026-08-17 16:53,completed,7390.0,DM1189
REQ-202601961,Thane,IT Support,Access Request,high,2026-08-14 13:00,2026-08-14 14:16,completed,,DM1162
REQ-202601391,Thane,HR,Payroll Query,low,2026-08-14 13:31,2026-08-17 10:46,completed,,DM1034
REQ-202601566,Navi Mumbai,Finance,Purchase Request,high,2026-08-14 13:33,2026-08-14 15:57,completed,9360.0,DM1134
REQ-202600994,Navi Mumbai,Maintenance,Equipment Repair,high,2026-08-14 13:58,2026-08-14 16:12,completed,26080.0,DM1040
REQ-202602532,Thane,Store Operations,Shelf Replenishment,medium,2026-08-14 13:59,,cancelled,,DM1136
REQ-202602609,Powai,Store Operations,Customer Complaint,medium,2026-08-14 14:46,2026-08-17 08:08,completed,,DM1072
REQ-202601170,Powai,Maintenance,Refrigeration Fault,low,2026-08-14 15:38,2026-08-17 16:00,completed,,DM1012
REQ-202601097,Thane,IT Support,POS Issue,medium,2026-08-14 16:02,2026-08-17 11:23,completed,,DM1033
REQ-202601365,Navi Mumbai,Store Operations,Customer Complaint,high,2026-08-14 16:40,2026-08-17 11:10,completed,,DM1190
REQ-202600971,Andheri,Store Operations,Shelf Replenishment,medium,2026-08-14 16:48,2026-08-17 11:16,completed,,DM1159
REQ-202602245,Powai,Finance,Petty Cash Claim,critical,2026-08-14 16:51,2026-08-17 10:33,completed,27270.0,DM1109
REQ-202600114,Mumbai Central,Maintenance,Equipment Repair,high,2026-08-14 17:21,2026-08-17 12:39,completed,29540.0,DM1042
REQ-202601643,Thane,Merchandising,Price Change,medium,2026-08-14 17:49,2026-08-17 16:45,completed,,DM1187
REQ-202603057,Thane,Maintenance,Equipment Repair,low,2026-08-14 19:14,2026-08-17 12:39,completed,34830.0,DM1119
REQ-202601769,Powai,IT Support,Network Issue,critical,2026-08-14 21:05,2026-08-17 08:35,completed,,DM1191
REQ-202601144,Mumbai Central,Store Operations,Shelf Replenishment,medium,2026-08-14 21:48,2026-08-18 11:53,completed,,DM1164
REQ-202601848,Powai,Finance,Purchase Request,low,2026-08-15 06:05,2026-08-18 11:48,completed,23050.0,DM1103
REQ-202601138,Powai,Store Operations,Stock Transfer,high,2026-08-15 07:07,2026-08-17 15:22,completed,10060.0,DM1108
REQ-202602397,Powai,Store Operations,Shelf Replenishment,medium,2026-08-15 07:47,2026-08-17 10:43,completed,,DM1077
REQ-202602341,Mumbai Central,Maintenance,Refrigeration Fault,low,2026-08-15 08:56,,open,,DM1223
REQ-202600285,Thane,IT Support,Network Issue,medium,2026-08-15 09:09,2026-08-17 15:32,completed,,DM1051
REQ-202602711,Navi Mumbai,Store Operations,Shelf Replenishment,low,2026-08-15 09:47,2026-08-18 08:58,completed,,DM1033
REQ-202600635,Thane,Maintenance,Equipment Repair,critical,2026-08-15 10:15,2026-08-17 08:58,completed,14150.0,DM1040
REQ-202601368,Navi Mumbai,Store Operations,Shelf Replenishment,low,2026-08-15 10:44,2026-08-15 07:44,completed,,DM1139
REQ-202601969,Powai,Finance,Petty Cash Claim,critical,2026-08-15 10:54,2026-08-17 08:48,completed,9440.0,DM1042
REQ-202600989,Mumbai Central,HR,Onboarding,medium,2026-08-15 11:34,2026-08-17 12:56,completed,,DM1070
REQ-202601320,Navi Mumbai,Store Operations,Customer Complaint,high,2026-08-15 11:34,2026-08-17 14:29,completed,,DM1219
REQ-202600998,Mumbai Central,Maintenance,Equipment Repair,medium,2026-08-15 11:41,2026-08-17 12:34,completed,7590.0,DM1055
REQ-202601918,Thane,Store Operations,Shelf Replenishment,high,2026-08-15 12:23,2026-08-17 09:18,completed,,DM1107
REQ-202601201,Navi Mumbai,Finance,Vendor Payment Query,medium,2026-08-15 12:39,2026-08-17 11:52,completed,,DM1122
REQ-202603094,Mumbai Central,Store Operations,Customer Complaint,medium,2026-08-15 12:42,2026-08-17 13:43,completed,,DM1076
REQ-202602139,Powai,Store Operations,Shelf Replenishment,high,2026-08-15 12:53,2026-08-17 10:13,completed,,DM1115
REQ-202601730,Navi Mumbai,Store Operations,Stock Transfer,medium,2026-08-15 13:49,2026-08-17 15:42,completed,8790.0,DM1172
REQ-202600472,Thane,Finance,Petty Cash Claim,low,2026-08-15 15:01,,in_progress,19630.0,DM1135
REQ-202601538,Thane,Maintenance,Equipment Repair,medium,2026-08-15 15:15,2026-08-17 15:58,completed,9990.0,DM1166
REQ-202600780,Andheri,Store Operations,Customer Complaint,medium,2026-08-15 15:16,2026-08-17 11:39,completed,,DM1229
REQ-202601034,Navi Mumbai,HR,Payroll Query,high,2026-08-15 15:28,2026-08-17 10:52,completed,,DM1048
REQ-202600726,Navi Mumbai,HR,Onboarding,medium,2026-08-15 15:33,2026-08-17 11:57,completed,,DM1230
REQ-202600279,Thane,Store Operations,Stock Transfer,high,2026-08-15 15:38,2026-08-17 09:47,completed,13060.0,DM1135
REQ-202600642,Andheri,IT Support,POS Issue,medium,2026-08-15 15:41,2026-08-18 10:14,completed,,DM1052
REQ-202602086,Mumbai Central,Store Operations,Shelf Replenishment,high,2026-08-15 15:47,2026-08-17 10:01,completed,,DM1235
REQ-202600402,Navi Mumbai,Store Operations,Customer Complaint,low,2026-08-15 15:57,2026-08-17 11:57,completed,,DM1054
REQ-202601287,Andheri,Merchandising,Price Change,critical,2026-08-15 16:09,2026-08-17 14:10,completed,,DM1024
REQ-202600650,Andheri,IT Support,POS Issue,low,2026-08-15 16:23,2026-08-18 15:09,completed,,DM1054
REQ-202600892,Andheri,Merchandising,Promotion Setup,low,2026-08-15 16:33,2026-08-17 14:05,completed,,DM1080
REQ-202602221,Thane,Merchandising,Planogram Update,medium,2026-08-15 16:34,2026-08-17 12:39,completed,,DM1071
REQ-202601113,Andheri,Merchandising,Price Change,medium,2026-08-15 16:35,,open,,DM1126
REQ-202600818,Mumbai Central,Merchandising,Price Change,medium,2026-08-15 16:48,2026-08-17 11:59,completed,,DM1210
REQ-202600747,Navi Mumbai,IT Support,Access Request,high,2026-08-15 16:55,,in_progress,,DM1208
REQ-202602655,Navi Mumbai,Store Operations,Stock Transfer,medium,2026-08-15 17:06,2026-08-17 12:20,completed,53930.0,DM1190
REQ-202600805,Andheri,Store Operations,Shelf Replenishment,low,2026-08-15 19:20,2026-08-20 11:16,completed,,DM1169
REQ-202601431,Navi Mumbai,Merchandising,Price Change,medium,2026-08-15 19:44,2026-08-18 09:21,completed,,DM1226
REQ-202603108,Andheri,Store Operations,Stock Transfer,medium,2026-08-15 20:05,2026-08-18 13:23,completed,3300.0,DM1029
REQ-202601979,Thane,IT Support,POS Issue,medium,2026-08-15 20:19,2026-08-17 13:04,completed,,DM1231
REQ-202600614,Powai,HR,Leave Query,medium,2026-08-15 21:18,2026-08-18 12:53,completed,,DM1179
REQ-202600016,Mumbai Central,Finance,Petty Cash Claim,high,2026-08-16 07:25,2026-08-17 10:47,completed,15360.0,DM1176
REQ-202601894,Navi Mumbai,IT Support,Access Request,high,2026-08-16 07:52,2026-08-17 12:00,completed,,DM1066
REQ-202601729,Navi Mumbai,IT Support,POS Issue,medium,2026-08-16 08:08,2026-08-17 13:54,completed,,DM1081
REQ-202602999,Thane,Merchandising,Price Change,medium,2026-08-16 08:39,2026-08-17 13:36,completed,,DM1029
REQ-202603051,Thane,Finance,Petty Cash Claim,high,2026-08-16 08:39,2026-08-17 10:13,completed,3410.0,DM1016
REQ-202603002,Andheri,Merchandising,Promotion Setup,high,2026-08-16 09:18,,open,,DM1232
REQ-202602789,Andheri,IT Support,Access Request,medium,2026-08-16 09:20,,open,,DM1201
REQ-202602820,Powai,Merchandising,Promotion Setup,low,2026-08-16 09:35,2026-08-19 14:36,completed,,DM1223
REQ-202601531,Mumbai Central,Store Operations,Customer Complaint,medium,2026-08-16 10:00,2026-08-17 13:01,completed,,DM1232
REQ-202603134,Thane,Store Operations,Customer Complaint,high,2026-08-16 10:07,2026-08-17 11:27,completed,,DM1165
REQ-202600618,Thane,Finance,Purchase Request,high,2026-08-16 10:15,2026-08-17 09:12,completed,13380.0,DM1238
REQ-202602222,Powai,IT Support,Access Request,medium,2026-08-16 10:15,2026-08-17 11:25,completed,,DM1018
REQ-202602725,Mumbai Central,IT Support,POS Issue,high,2026-08-16 11:02,2026-08-17 11:54,completed,,DM1187
REQ-202601771,Powai,Store Operations,Customer Complaint,low,2026-08-16 11:55,2026-08-19 13:24,completed,,DM1212
REQ-202602807,Powai,Maintenance,Facility Issue,medium,2026-08-16 11:58,2026-08-18 08:38,completed,,DM1208
REQ-202600514,Powai,IT Support,POS Issue,low,2026-08-16 13:07,,in_progress,,DM1160
REQ-202600226,Powai,Store Operations,Shelf Replenishment,high,2026-08-16 13:24,2026-08-17 11:44,completed,,DM1204
REQ-202602607,Thane,Store Operations,Customer Complaint,medium,2026-08-16 13:35,2026-08-17 14:57,completed,,DM1072
REQ-202600651,Andheri,Merchandising,Promotion Setup,medium,2026-08-16 13:43,2026-08-17 10:04,completed,,DM1187
REQ-202602534,Navi Mumbai,Store Operations,Stock Transfer,medium,2026-08-16 13:50,2026-08-18 08:35,completed,5500.0,DM1145
REQ-202601735,Andheri,Merchandising,Promotion Setup,high,2026-08-16 13:56,2026-08-17 10:32,completed,,DM1104
REQ-202603125,Andheri,HR,Payroll Query,medium,2026-08-16 14:31,2026-08-17 11:02,completed,,DM1108
REQ-202600522,Andheri,Maintenance,Equipment Repair,medium,2026-08-16 14:45,2026-08-17 15:07,completed,136440.0,DM1143
REQ-202602124,Powai,IT Support,POS Issue,high,2026-08-16 14:45,2026-08-17 08:58,completed,,DM1068
REQ-202602665,Powai,Store Operations,Customer Complaint,low,2026-08-16 15:48,,cancelled,,DM1198
REQ-202600009,Mumbai Central,Merchandising,Price Change,low,2026-08-16 16:56,2026-08-20 10:22,completed,,DM1002
REQ-202602521,Andheri,HR,Leave Query,critical,2026-08-16 17:22,,in_progress,,DM1213
REQ-202601984,Powai,IT Support,POS Issue,low,2026-08-16 17:52,,cancelled,,DM1026
REQ-202601556,Mumbai Central,Store Operations,Customer Complaint,low,2026-08-16 19:33,2026-08-18 14:53,completed,,DM1232
REQ-202602685,Mumbai Central,Store Operations,Shelf Replenishment,high,2026-08-16 20:33,2026-08-17 12:41,completed,,DM1221
REQ-202601908,Navi Mumbai,Merchandising,Price Change,low,2026-08-16 21:02,2026-08-21 13:48,completed,,DM1165
REQ-202602244,Andheri,Merchandising,Price Change,low,2026-08-17 06:06,2026-08-17 15:42,completed,,DM1225
REQ-202601511,Navi Mumbai,Store Operations,Customer Complaint,critical,2026-08-17 07:40,2026-08-17 11:28,completed,,DM1090
REQ-202600350,Mumbai Central,IT Support,Access Request,low,2026-08-17 08:20,2026-08-18 14:58,completed,,DM1227
REQ-202602312,Thane,Maintenance,Facility Issue,low,2026-08-17 08:36,,open,,DM1046
REQ-202603048,Andheri,Merchandising,Planogram Update,low,2026-08-17 09:26,2026-08-20 10:52,completed,,DM1187
REQ-202600481,Navi Mumbai,Store Operations,Shelf Replenishment,medium,2026-08-17 09:54,2026-08-17 16:46,completed,,DM1095
REQ-202603109,Andheri,IT Support,POS Issue,high,2026-08-17 10:41,2026-08-17 13:39,completed,,DM1105
REQ-202602126,Mumbai Central,Store Operations,Shelf Replenishment,high,2026-08-17 10:53,,cancelled,,DM1099
REQ-202601183,Andheri,IT Support,Access Request,high,2026-08-17 11:45,2026-08-17 16:39,completed,,DM1034
REQ-202602590,Mumbai Central,Store Operations,Shelf Replenishment,medium,2026-08-17 12:13,2026-08-17 14:30,completed,,DM1032
REQ-202600063,Thane,IT Support,Network Issue,critical,2026-08-17 12:35,2026-08-17 13:50,completed,,DM1125
REQ-202600417,Andheri,IT Support,Access Request,low,2026-08-17 12:50,,in_progress,,DM1141
REQ-202600496,Powai,Store Operations,Shelf Replenishment,medium,2026-08-17 13:03,2026-08-18 14:38,completed,,DM1060
REQ-202600807,Thane,Merchandising,Planogram Update,high,2026-08-17 13:13,2026-08-17 14:52,completed,,DM1056
REQ-202600021,Andheri,Store Operations,Shelf Replenishment,medium,2026-08-17 14:02,2026-08-17 16:22,completed,,DM1042
REQ-202602149,Thane,IT Support,Access Request,high,2026-08-17 14:10,,in_progress,,DM1142
REQ-202602955,Navi Mumbai,Maintenance,Equipment Repair,medium,2026-08-17 14:46,2026-08-18 12:13,completed,43930.0,DM1135
REQ-202602091,Mumbai Central,Store Operations,Customer Complaint,high,2026-08-17 15:14,2026-08-18 10:55,completed,,DM1221
REQ-202602755,Thane,Store Operations,Shelf Replenishment,low,2026-08-17 15:28,2026-08-20 12:15,completed,,DM1160
REQ-202600707,Andheri,Merchandising,Planogram Update,medium,2026-08-17 15:36,2026-08-19 10:51,completed,,DM1232
REQ-202601785,Navi Mumbai,Store Operations,Shelf Replenishment,high,2026-08-17 15:39,2026-08-18 10:45,completed,,DM1126
REQ-202602686,Thane,Maintenance,Equipment Repair,high,2026-08-17 15:57,2026-08-18 11:13,completed,18950.0,DM1120
REQ-202602247,Powai,Maintenance,Facility Issue,medium,2026-08-17 16:22,2026-08-18 10:27,completed,,DM1091
REQ-202602838,Mumbai Central,Store Operations,Shelf Replenishment,low,2026-08-17 16:28,2026-08-20 12:54,completed,,DM1137
REQ-202602228,Andheri,Maintenance,Facility Issue,high,2026-08-17 16:48,2026-08-18 10:31,completed,,DM1195
REQ-202600090,Andheri,Store Operations,Shelf Replenishment,low,2026-08-17 20:44,2026-08-18 16:09,completed,,DM1209
REQ-202600579,Powai,Finance,Purchase Request,medium,2026-08-17 20:51,2026-08-18 11:56,completed,5360.0,DM1093
REQ-202601243,Thane,Store Operations,Stock Transfer,medium,2026-08-17 21:07,2026-08-18 13:45,completed,19810.0,DM1232
REQ-202602939,Thane,Store Operations,Stock Transfer,high,2026-08-18 06:45,,cancelled,35920.0,DM1091
REQ-202601935,Thane,Store Operations,Stock Transfer,medium,2026-08-18 06:50,2026-08-19 08:12,completed,21700.0,DM1060
REQ-202601621,Andheri,Finance,Vendor Payment Query,medium,2026-08-18 08:15,2026-08-18 11:08,completed,,DM1164
REQ-202600100,Andheri,IT Support,Access Request,high,2026-08-18 08:31,2026-08-18 14:25,completed,,DM1192
REQ-202601663,Navi Mumbai,Store Operations,Customer Complaint,low,2026-08-18 08:33,2026-08-19 09:44,completed,,DM1017
REQ-202602968,Mumbai Central,Merchandising,Price Change,medium,2026-08-18 09:03,,cancelled,,DM1189
REQ-202601980,Powai,Maintenance,Refrigeration Fault,high,2026-08-18 09:14,2026-08-18 14:45,completed,,DM1212
REQ-202601542,Navi Mumbai,Store Operations,Stock Transfer,medium,2026-08-18 09:26,2026-08-18 14:23,completed,62750.0,DM1099
REQ-202601806,Navi Mumbai,Maintenance,Refrigeration Fault,medium,2026-08-18 09:42,2026-08-19 13:15,completed,,DM1129
REQ-202601925,Mumbai Central,Store Operations,Stock Transfer,low,2026-08-18 09:44,2026-08-20 11:13,completed,35820.0,DM1227
REQ-202600410,Mumbai Central,Maintenance,Facility Issue,high,2026-08-18 10:35,2026-08-19 10:20,completed,,DM1093
REQ-202600923,Thane,Maintenance,Equipment Repair,medium,2026-08-18 10:53,2026-08-18 14:41,completed,17220.0,DM1214
REQ-202600283,Mumbai Central,Store Operations,Shelf Replenishment,medium,2026-08-18 11:06,2026-08-19 10:19,completed,,DM1152
REQ-202602319,Thane,Merchandising,Price Change,medium,2026-08-18 11:10,2026-08-19 08:41,completed,,DM1124
REQ-202600483,Powai,Store Operations,Shelf Replenishment,high,2026-08-18 11:17,2026-08-18 12:40,completed,,DM1181
REQ-202601163,Mumbai Central,IT Support,Access Request,medium,2026-08-18 11:25,2026-08-18 08:25,completed,,DM1231
REQ-202602383,Mumbai Central,Merchandising,Planogram Update,medium,2026-08-18 12:10,2026-08-18 16:15,completed,,DM1050
REQ-202601161,Navi Mumbai,IT Support,Network Issue,medium,2026-08-18 12:27,2026-08-18 16:22,completed,,DM1218
REQ-202601952,Thane,IT Support,POS Issue,high,2026-08-18 13:03,2026-08-18 16:55,completed,,DM1164
REQ-202602899,Mumbai Central,Store Operations,Stock Transfer,low,2026-08-18 14:20,2026-08-20 15:51,completed,20250.0,DM1128
REQ-202601529,Navi Mumbai,IT Support,Access Request,low,2026-08-18 14:37,2026-08-22 14:20,completed,,DM1174
REQ-202600066,Thane,Store Operations,Shelf Replenishment,low,2026-08-18 15:07,2026-08-19 13:35,completed,,DM1103
REQ-202600794,Navi Mumbai,Merchandising,Price Change,critical,2026-08-18 15:08,2026-08-19 08:11,completed,,DM1021
REQ-202600049,Mumbai Central,Store Operations,Customer Complaint,high,2026-08-18 15:21,2026-08-18 16:55,completed,,DM1113
REQ-202600338,Mumbai Central,Store Operations,Shelf Replenishment,low,2026-08-18 15:26,2026-08-22 12:28,completed,,DM1133
REQ-202600343,Navi Mumbai,Store Operations,Shelf Replenishment,low,2026-08-18 15:31,2026-08-20 15:09,completed,,DM1090
REQ-202602173,Thane,IT Support,Network Issue,high,2026-08-18 15:36,2026-08-19 09:22,completed,,DM1118
REQ-202600219,Mumbai Central,Merchandising,Price Change,high,2026-08-18 15:52,,in_progress,,DM1220
REQ-202603077,Navi Mumbai,IT Support,Network Issue,medium,2026-08-18 15:55,2026-08-20 11:14,completed,,DM1122
REQ-202602291,Navi Mumbai,Store Operations,Shelf Replenishment,medium,2026-08-18 16:21,2026-08-19 13:04,completed,,DM1063
REQ-202602439,Navi Mumbai,Maintenance,Refrigeration Fault,high,2026-08-18 16:34,,cancelled,,DM1115
REQ-202601901,Thane,IT Support,POS Issue,critical,2026-08-18 16:50,2026-08-19 08:52,completed,,DM1063
REQ-202602172,Thane,Finance,Vendor Payment Query,medium,2026-08-18 18:31,2026-08-19 16:21,completed,,DM1188
REQ-202600240,Navi Mumbai,Maintenance,Facility Issue,medium,2026-08-18 21:15,2026-08-19 10:09,completed,,DM1040
REQ-202603126,Navi Mumbai,IT Support,Network Issue,medium,2026-08-18 21:23,2026-08-20 09:00,completed,,DM1006
REQ-202600817,Thane,Merchandising,Planogram Update,low,2026-08-19 06:46,,in_progress,,DM1181
REQ-202601873,Andheri,IT Support,Network Issue,low,2026-08-19 06:59,2026-08-21 09:12,completed,,DM1176
REQ-202600582,Thane,Store Operations,Shelf Replenishment,medium,2026-08-19 07:15,2026-08-19 15:28,completed,,DM1181
REQ-202601100,Andheri,Store Operations,Shelf Replenishment,medium,2026-08-19 07:52,2026-08-20 08:35,completed,,DM1208
REQ-202603166,Powai,Finance,Petty Cash Claim,medium,2026-08-19 08:05,2026-08-19 16:34,completed,144100.0,DM1071
REQ-202600628,Thane,Store Operations,Customer Complaint,low,2026-08-19 08:07,,cancelled,,DM1125
REQ-202600668,Powai,IT Support,Access Request,medium,2026-08-19 08:08,2026-08-19 16:36,completed,,DM1073
REQ-202602044,Andheri,Store Operations,Stock Transfer,medium,2026-08-19 08:34,2026-08-19 13:58,completed,189760.0,DM1017
REQ-202602048,Navi Mumbai,IT Support,Network Issue,high,2026-08-19 08:44,2026-08-19 10:09,completed,,DM1099
REQ-202602382,Thane,Maintenance,Equipment Repair,medium,2026-08-19 08:48,2026-08-19 11:22,completed,9260.0,DM1238
REQ-202602046,Andheri,IT Support,Network Issue,high,2026-08-19 09:08,2026-08-19 12:02,completed,,DM1117
REQ-202602529,Andheri,Maintenance,Facility Issue,medium,2026-08-19 09:43,2026-08-19 13:36,completed,,DM1117
REQ-202600351,Powai,IT Support,POS Issue,high,2026-08-19 10:26,2026-08-19 12:05,completed,,DM1165
REQ-202601254,Thane,Store Operations,Stock Transfer,medium,2026-08-19 10:43,,in_progress,27580.0,DM1200
REQ-202602288,Powai,Store Operations,Stock Transfer,medium,2026-08-19 10:44,2026-08-19 14:36,completed,77060.0,DM1220
REQ-202602491,Powai,Store Operations,Shelf Replenishment,medium,2026-08-19 10:53,2026-08-20 08:07,completed,,DM1220
REQ-202601010,Thane,Store Operations,Shelf Replenishment,medium,2026-08-19 11:04,2026-08-19 12:53,completed,,DM1018
REQ-202602963,Mumbai Central,Store Operations,Shelf Replenishment,low,2026-08-19 12:02,2026-08-26 15:32,completed,,DM1061
REQ-202602516,Thane,Store Operations,Customer Complaint,medium,2026-08-19 12:08,,in_progress,,DM1016
REQ-202601413,Thane,Merchandising,Planogram Update,high,2026-08-19 12:22,2026-08-19 14:17,completed,,DM1222
REQ-202602632,Mumbai Central,Finance,Petty Cash Claim,medium,2026-08-19 12:23,2026-08-20 11:18,completed,5790.0,DM1189
REQ-202600139,Andheri,Store Operations,Stock Transfer,high,2026-08-19 12:27,2026-08-19 15:26,completed,8420.0,DM1104
REQ-202601324,Andheri,Merchandising,Price Change,medium,2026-08-19 12:36,,in_progress,,DM1100
REQ-202601733,Powai,Finance,Vendor Payment Query,high,2026-08-19 13:38,2026-08-19 15:09,completed,,DM1238
REQ-202601416,Navi Mumbai,Merchandising,Price Change,medium,2026-08-19 13:44,2026-08-20 11:45,completed,,DM1239
REQ-202600203,Mumbai Central,HR,Leave Query,medium,2026-08-19 13:57,2026-08-20 08:55,completed,,DM1236
REQ-202602778,Powai,Store Operations,Stock Transfer,high,2026-08-19 14:51,2026-08-20 08:12,completed,13010.0,DM1210
REQ-202602082,Mumbai Central,Merchandising,Price Change,medium,2026-08-19 15:20,2026-08-20 10:25,completed,,DM1096
REQ-202603004,Andheri,Store Operations,Customer Complaint,high,2026-08-19 15:22,,in_progress,,DM1082
REQ-202600026,Thane,Store Operations,Stock Transfer,medium,2026-08-19 15:26,2026-08-20 10:36,completed,5960.0,DM1168
REQ-202601920,Mumbai Central,Store Operations,Customer Complaint,medium,2026-08-19 15:41,2026-08-20 10:28,completed,,DM1102
REQ-202600709,Mumbai Central,IT Support,POS Issue,high,2026-08-19 16:07,2026-08-20 08:52,completed,,DM1107
REQ-202602372,Andheri,Maintenance,Facility Issue,medium,2026-08-19 16:12,,in_progress,,DM1020
REQ-202600412,Navi Mumbai,Store Operations,Customer Complaint,medium,2026-08-19 16:26,2026-08-20 13:20,completed,,DM1236
REQ-202602880,Thane,HR,Leave Query,medium,2026-08-19 16:51,2026-08-20 10:37,completed,,DM1152
REQ-202601817,Thane,IT Support,Network Issue,high,2026-08-19 18:16,,in_progress,,DM1071
REQ-202602545,Powai,Finance,Purchase Request,high,2026-08-19 18:47,2026-08-20 11:21,completed,9900.0,DM1171
REQ-202603063,Powai,Store Operations,Stock Transfer,low,2026-08-19 20:12,2026-08-22 14:47,completed,24230.0,DM1143
REQ-202602540,Mumbai Central,Merchandising,Price Change,high,2026-08-19 21:36,,cancelled,,DM1159
REQ-202601871,Navi Mumbai,Store Operations,Shelf Replenishment,low,2026-08-20 06:11,2026-08-22 14:12,completed,,DM1098
REQ-202600846,Thane,Maintenance,Facility Issue,medium,2026-08-20 06:14,2026-08-20 13:05,completed,,DM1115
REQ-202601675,Thane,Maintenance,Equipment Repair,low,2026-08-20 07:33,2026-08-22 11:17,completed,12880.0,DM1059
REQ-202603199,Andheri,Store Operations,Shelf Replenishment,medium,2026-08-20 08:02,2026-08-20 10:59,completed,,DM1028
REQ-202602953,Andheri,Store Operations,Customer Complaint,low,2026-08-20 08:13,2026-08-22 09:14,completed,,DM1095
REQ-202602548,Navi Mumbai,Merchandising,Promotion Setup,high,2026-08-20 08:21,,in_progress,,DM1155
REQ-202601447,Thane,Finance,Purchase Request,medium,2026-08-20 08:23,2026-08-20 13:17,completed,27760.0,DM1217
REQ-202601065,Powai,Store Operations,Customer Complaint,high,2026-08-20 08:28,2026-08-20 14:15,completed,,DM1196
REQ-202603062,Powai,Store Operations,Shelf Replenishment,critical,2026-08-20 08:48,2026-08-20 09:46,completed,,DM1012
REQ-202601117,Navi Mumbai,IT Support,Network Issue,high,2026-08-20 09:03,2026-08-20 16:12,completed,,DM1121
REQ-202602843,Mumbai Central,IT Support,POS Issue,low,2026-08-20 09:05,2026-08-21 16:29,completed,,DM1209
REQ-202600004,Navi Mumbai,Store Operations,Customer Complaint,medium,2026-08-20 09:11,2026-08-21 08:46,completed,,DM1059
REQ-202600045,Andheri,Store Operations,Customer Complaint,critical,2026-08-20 09:14,,in_progress,,DM1201
REQ-202600389,Mumbai Central,Merchandising,Promotion Setup,medium,2026-08-20 09:41,2026-08-20 14:06,completed,,DM1203
REQ-202600140,Mumbai Central,Store Operations,Stock Transfer,high,2026-08-20 09:42,,in_progress,10120.0,DM1052
REQ-202600509,Thane,Store Operations,Customer Complaint,high,2026-08-20 10:06,2026-08-20 11:51,completed,,DM1092
REQ-202600960,Mumbai Central,Store Operations,Customer Complaint,high,2026-08-20 10:08,2026-08-20 13:06,completed,,DM1093
REQ-202600138,Navi Mumbai,Merchandising,Promotion Setup,critical,2026-08-20 10:42,,cancelled,,DM1197
REQ-202602703,Andheri,Store Operations,Customer Complaint,medium,2026-08-20 10:53,2026-08-20 16:24,completed,,DM1100
REQ-202602071,Mumbai Central,IT Support,POS Issue,critical,2026-08-20 11:11,,cancelled,,DM1004
REQ-202600912,Powai,Store Operations,Stock Transfer,medium,2026-08-20 11:20,2026-08-21 12:14,completed,3010.0,DM1037
REQ-202602790,Navi Mumbai,Maintenance,Facility Issue,low,2026-08-20 11:32,,in_progress,,DM1124
REQ-202602721,Powai,Merchandising,Promotion Setup,medium,2026-08-20 11:34,2026-08-20 14:52,completed,,DM1057
REQ-202602239,Navi Mumbai,Merchandising,Price Change,low,2026-08-20 12:06,,cancelled,,DM1204
REQ-202600442,Navi Mumbai,Maintenance,Facility Issue,medium,2026-08-20 13:24,2026-08-20 16:11,completed,,DM1140
REQ-202602142,Andheri,Store Operations,Customer Complaint,high,2026-08-20 13:33,2026-08-20 15:38,completed,,DM1149
REQ-202602216,Powai,HR,Onboarding,low,2026-08-20 13:43,,in_progress,,DM1177
REQ-202600394,Powai,Finance,Purchase Request,high,2026-08-20 14:06,2026-08-20 15:42,completed,14880.0,DM1183
REQ-202602321,Mumbai Central,IT Support,Access Request,high,2026-08-20 14:31,2026-08-20 16:32,completed,,DM1125
REQ-202601983,Mumbai Central,Merchandising,Planogram Update,low,2026-08-20 15:47,2026-08-24 10:33,completed,,DM1228
REQ-202601240,Powai,Store Operations,Shelf Replenishment,medium,2026-08-20 15:51,2026-08-21 16:41,completed,,DM1166
REQ-202602841,Powai,Maintenance,Facility Issue,high,2026-08-20 15:54,,in_progress,,DM1173
REQ-202600368,Navi Mumbai,Finance,Purchase Request,medium,2026-08-20 17:47,2026-08-21 11:24,completed,13720.0,DM1039
REQ-202602243,Andheri,Finance,Vendor Payment Query,high,2026-08-20 17:54,,cancelled,,DM1050
REQ-202602127,Mumbai Central,IT Support,Access Request,low,2026-08-20 21:27,,open,,DM1010
REQ-202602495,Andheri,Store Operations,Stock Transfer,high,2026-08-21 06:57,2026-08-21 12:50,completed,7470.0,DM1061
REQ-202602413,Thane,Merchandising,Planogram Update,high,2026-08-21 08:10,2026-08-21 13:55,completed,,DM1181
REQ-202601057,Powai,IT Support,POS Issue,medium,2026-08-21 08:18,2026-08-21 12:30,completed,,DM1130
REQ-202601601,Thane,IT Support,POS Issue,medium,2026-08-21 08:47,2026-08-21 14:42,completed,,DM1203
REQ-202600733,Navi Mumbai,Store Operations,Customer Complaint,low,2026-08-21 09:03,2026-08-22 10:50,completed,,DM1162
REQ-202601926,Powai,IT Support,Access Request,medium,2026-08-21 09:05,,open,,DM1080
REQ-202603160,Andheri,Maintenance,Refrigeration Fault,low,2026-08-21 09:05,2026-08-22 10:07,completed,,DM1170
REQ-202602056,Navi Mumbai,Maintenance,Equipment Repair,medium,2026-08-21 09:09,2026-08-21 12:33,completed,22130.0,DM1210
REQ-202601739,Navi Mumbai,Store Operations,Customer Complaint,critical,2026-08-21 09:24,2026-08-21 12:58,completed,,DM1177
REQ-202600955,Mumbai Central,Store Operations,Customer Complaint,medium,2026-08-21 09:28,2026-08-21 12:44,completed,,DM1221
REQ-202602770,Mumbai Central,Merchandising,Price Change,high,2026-08-21 10:36,2026-08-21 12:48,completed,,DM1121
REQ-202601726,Thane,HR,Payroll Query,medium,2026-08-21 10:45,2026-08-22 10:58,completed,,DM1093
REQ-202601669,Navi Mumbai,Merchandising,Promotion Setup,low,2026-08-21 10:56,2026-08-24 14:23,completed,,DM1083
REQ-202602810,Andheri,Finance,Petty Cash Claim,medium,2026-08-21 11:08,2026-08-21 16:11,completed,26800.0,DM1207
REQ-202601030,Navi Mumbai,Merchandising,Price Change,medium,2026-08-21 11:39,2026-08-22 10:28,completed,,DM1161
REQ-202601994,Andheri,Maintenance,Refrigeration Fault,medium,2026-08-21 12:11,2026-08-22 12:11,completed,,DM1232
REQ-202602867,Mumbai Central,HR,Leave Query,low,2026-08-21 12:17,2026-08-22 14:33,completed,,DM1045
REQ-202600452,Andheri,Merchandising,Promotion Setup,low,2026-08-21 12:26,2026-08-22 11:59,completed,,DM1198
REQ-202602699,Thane,Merchandising,Price Change,medium,2026-08-21 12:44,2026-08-21 15:12,completed,,DM1159
REQ-202601516,Powai,Store Operations,Shelf Replenishment,medium,2026-08-21 12:53,2026-08-21 16:17,completed,,DM1061
REQ-202600385,Navi Mumbai,Maintenance,Equipment Repair,low,2026-08-21 13:32,,open,31390.0,DM1202
REQ-202601523,Thane,IT Support,Network Issue,medium,2026-08-21 14:02,,in_progress,,DM1032
REQ-202600007,Navi Mumbai,Store Operations,Stock Transfer,low,2026-08-21 14:45,2026-08-22 12:53,completed,13510.0,DM1001
REQ-202601330,Navi Mumbai,Merchandising,Promotion Setup,high,2026-08-21 14:53,2026-08-21 15:59,completed,,DM1184
REQ-202603151,Mumbai Central,Store Operations,Customer Complaint,medium,2026-08-21 15:03,2026-08-22 13:07,completed,,DM1168
REQ-202600454,Navi Mumbai,Maintenance,Refrigeration Fault,medium,2026-08-21 15:14,2026-08-24 11:52,completed,,DM1095
REQ-202601307,Navi Mumbai,HR,Onboarding,medium,2026-08-21 15:35,2026-08-24 10:46,completed,,DM1098
REQ-202601913,Thane,Store Operations,Customer Complaint,critical,2026-08-21 15:35,2026-08-22 08:21,completed,,DM1191
REQ-202600345,Navi Mumbai,Merchandising,Price Change,high,2026-08-21 16:10,2026-08-22 09:56,completed,,DM1055
REQ-202601354,Thane,HR,Payroll Query,medium,2026-08-21 16:31,,open,,DM1209
REQ-202602650,Mumbai Central,IT Support,POS Issue,medium,2026-08-21 16:32,2026-08-22 09:59,completed,,DM1008
REQ-202601316,Andheri,Finance,Vendor Payment Query,high,2026-08-21 16:59,,in_progress,,DM1182
REQ-202601693,Mumbai Central,Maintenance,Equipment Repair,medium,2026-08-21 17:57,,cancelled,100520.0,DM1102
REQ-202600819,Mumbai Central,Merchandising,Price Change,medium,2026-08-21 18:02,2026-08-22 12:32,completed,,DM1068
REQ-202602773,Andheri,HR,Payroll Query,high,2026-08-21 19:21,2026-08-22 09:34,completed,,DM1227
REQ-202602433,Andheri,Maintenance,Equipment Repair,high,2026-08-21 20:16,,cancelled,26940.0,DM1226
REQ-202600395,Navi Mumbai,Store Operations,Customer Complaint,medium,2026-08-21 20:18,2026-08-22 11:06,completed,,DM1082
REQ-202601000,Thane,Store Operations,Stock Transfer,medium,2026-08-22 07:08,2026-08-24 09:12,completed,31780.0,DM1021
REQ-202601802,Powai,Maintenance,Refrigeration Fault,medium,2026-08-22 07:36,,in_progress,,DM1149
REQ-202600480,Mumbai Central,Store Operations,Stock Transfer,low,2026-08-22 07:59,2026-08-24 09:22,completed,73760.0,DM1004
REQ-202600570,Powai,IT Support,Access Request,low,2026-08-22 08:18,2026-08-25 08:02,completed,,DM1167
REQ-202602520,Powai,Finance,Vendor Payment Query,medium,2026-08-22 08:27,2026-08-22 12:44,completed,,DM1030
REQ-202601006,Mumbai Central,Store Operations,Stock Transfer,low,2026-08-22 08:31,2026-08-24 08:46,completed,11860.0,DM1042
REQ-202603122,Thane,Finance,Petty Cash Claim,medium,2026-08-22 08:52,,in_progress,33640.0,DM1134
REQ-202601513,Andheri,Maintenance,Refrigeration Fault,medium,2026-08-22 09:10,2026-08-22 13:51,completed,,DM1189
REQ-202602644,Powai,Maintenance,Facility Issue,medium,2026-08-22 10:56,2026-08-24 08:43,completed,,DM1169
REQ-202600107,Navi Mumbai,Store Operations,Customer Complaint,high,2026-08-22 12:00,2026-08-22 09:00,completed,,DM1065
REQ-202601020,Mumbai Central,Maintenance,Refrigeration Fault,high,2026-08-22 12:13,2026-08-22 13:57,completed,,DM1197
REQ-202602211,Navi Mumbai,IT Support,Access Request,medium,2026-08-22 12:29,,cancelled,,DM1171
REQ-202601197,Thane,HR,Onboarding,medium,2026-08-22 12:41,,in_progress,,DM1237
REQ-202602900,Navi Mumbai,HR,Payroll Query,low,2026-08-22 14:16,,in_progress,,DM1229
REQ-202600636,Thane,Merchandising,Price Change,medium,2026-08-22 14:22,2026-08-24 12:33,completed,,DM1093
REQ-202602546,Thane,IT Support,Access Request,high,2026-08-22 14:24,2026-08-24 08:30,completed,,DM1221
REQ-202601222,Mumbai Central,Store Operations,Shelf Replenishment,high,2026-08-22 14:58,2026-08-24 09:34,completed,,DM1158
REQ-202600948,Navi Mumbai,IT Support,Network Issue,high,2026-08-22 15:00,2026-08-24 09:04,completed,,DM1116
REQ-202602740,Andheri,IT Support,Network Issue,critical,2026-08-22 15:08,2026-08-22 16:25,completed,,DM1012
REQ-202601394,Mumbai Central,Store Operations,Customer Complaint,critical,2026-08-22 15:14,2026-08-22 16:31,completed,,DM1152
REQ-202601058,Mumbai Central,Store Operations,Stock Transfer,high,2026-08-22 15:30,,open,35660.0,DM1104
REQ-202600678,Navi Mumbai,Store Operations,Shelf Replenishment,medium,2026-08-22 15:35,2026-08-24 09:02,completed,,DM1029
REQ-202602812,Powai,Merchandising,Planogram Update,medium,2026-08-22 15:58,2026-08-24 13:48,completed,,DM1205
REQ-202602560,Mumbai Central,Store Operations,Customer Complaint,high,2026-08-22 16:06,2026-08-24 10:44,completed,,DM1181
REQ-202602751,Mumbai Central,Store Operations,Shelf Replenishment,low,2026-08-22 16:25,,in_progress,,DM1009
REQ-202600387,Andheri,IT Support,POS Issue,high,2026-08-22 16:54,2026-08-24 14:18,completed,,DM1168
REQ-202601686,Mumbai Central,Store Operations,Stock Transfer,medium,2026-08-22 19:10,2026-08-24 09:50,completed,108380.0,DM1121
REQ-202602380,Andheri,Store Operations,Stock Transfer,medium,2026-08-22 20:13,2026-08-24 10:36,completed,14120.0,DM1198
REQ-202600768,Thane,IT Support,POS Issue,high,2026-08-22 20:16,2026-08-24 13:43,completed,,DM1161
REQ-202602095,Andheri,Store Operations,Shelf Replenishment,low,2026-08-22 21:02,2026-08-26 10:12,completed,,DM1162
REQ-202601639,Navi Mumbai,Store Operations,Shelf Replenishment,low,2026-08-23 06:53,2026-08-27 15:10,completed,,DM1153
REQ-202602315,Navi Mumbai,Maintenance,Refrigeration Fault,medium,2026-08-23 06:58,2026-08-24 12:55,completed,,DM1040
REQ-202602507,Andheri,Maintenance,Refrigeration Fault,medium,2026-08-23 07:02,2026-08-24 12:27,completed,,DM1129
REQ-202600290,Navi Mumbai,Maintenance,Refrigeration Fault,low,2026-08-23 07:15,2026-08-25 15:25,completed,,DM1117
REQ-202602418,Powai,Store Operations,Stock Transfer,medium,2026-08-23 07:44,2026-08-24 10:50,completed,62000.0,DM1010
REQ-202602604,Mumbai Central,Merchandising,Planogram Update,high,2026-08-23 07:47,2026-08-24 10:36,completed,,DM1139
REQ-202603117,Mumbai Central,Finance,Vendor Payment Query,low,2026-08-23 08:14,2026-08-27 08:47,completed,,DM1086
REQ-202600450,Powai,Store Operations,Customer Complaint,low,2026-08-23 08:21,2026-08-25 12:20,completed,,DM1063
REQ-202600270,Mumbai Central,HR,Payroll Query,medium,2026-08-23 08:27,,in_progress,,DM1090
REQ-202602722,Mumbai Central,IT Support,Access Request,medium,2026-08-23 08:39,,in_progress,,DM1198
REQ-202601175,Andheri,Finance,Petty Cash Claim,medium,2026-08-23 08:42,2026-08-24 12:12,completed,5510.0,DM1023
REQ-202602885,Navi Mumbai,Store Operations,Customer Complaint,high,2026-08-23 09:28,2026-08-24 10:17,completed,,DM1057
REQ-202600538,Powai,IT Support,POS Issue,high,2026-08-23 10:19,2026-08-24 10:03,completed,,DM1202
REQ-202601309,Thane,Merchandising,Planogram Update,low,2026-08-23 10:34,2026-08-25 11:11,completed,,DM1031
REQ-202602080,Mumbai Central,Store Operations,Shelf Replenishment,high,2026-08-23 10:37,2026-08-24 09:42,completed,,DM1145
REQ-202601071,Mumbai Central,IT Support,Network Issue,medium,2026-08-23 10:39,,open,,DM1070
REQ-202600806,Mumbai Central,Maintenance,Facility Issue,high,2026-08-23 10:56,2026-08-24 09:30,completed,,DM1010
REQ-202600719,Andheri,Merchandising,Price Change,high,2026-08-23 11:01,,cancelled,,DM1020
REQ-202602292,Mumbai Central,Maintenance,Facility Issue,medium,2026-08-23 11:30,2026-08-24 11:51,completed,,DM1235
REQ-202601910,Powai,Finance,Vendor Payment Query,high,2026-08-23 11:32,,in_progress,,DM1174
REQ-202602800,Powai,Merchandising,Promotion Setup,medium,2026-08-23 11:56,2026-08-24 12:22,completed,,DM1072
REQ-202600478,Navi Mumbai,Store Operations,Customer Complaint,low,2026-08-23 12:09,2026-08-25 13:35,completed,,DM1137
REQ-202600500,Thane,IT Support,Network Issue,medium,2026-08-23 12:11,,in_progress,,DM1165
REQ-202601417,Navi Mumbai,Merchandising,Price Change,medium,2026-08-23 12:20,,in_progress,,DM1067
REQ-202601990,Powai,Maintenance,Refrigeration Fault,medium,2026-08-23 13:01,,open,,DM1038
REQ-202602485,Thane,Store Operations,Shelf Replenishment,high,2026-08-23 13:24,2026-08-24 11:18,completed,,DM1093
REQ-202601932,Thane,Store Operations,Customer Complaint,high,2026-08-23 13:54,2026-08-24 15:50,completed,,DM1160
REQ-202603055,Mumbai Central,Store Operations,Stock Transfer,medium,2026-08-23 13:59,2026-08-24 11:48,completed,3720.0,DM1165
REQ-202601293,Thane,Store Operations,Stock Transfer,medium,2026-08-23 14:04,,in_progress,43620.0,DM1145
REQ-202601764,Navi Mumbai,Maintenance,Refrigeration Fault,high,2026-08-23 14:10,2026-08-24 10:01,completed,,DM1127
REQ-202600751,Powai,Store Operations,Customer Complaint,low,2026-08-23 14:17,2026-08-26 10:52,completed,,DM1060
REQ-202602484,Thane,Store Operations,Stock Transfer,medium,2026-08-23 14:39,,in_progress,60880.0,DM1085
REQ-202602661,Mumbai Central,Merchandising,Price Change,medium,2026-08-23 14:52,2026-08-25 12:30,completed,,DM1158
REQ-202602792,Thane,Store Operations,Customer Complaint,high,2026-08-23 15:19,2026-08-24 11:11,completed,,DM1188
REQ-202602952,Navi Mumbai,Store Operations,Stock Transfer,low,2026-08-23 15:47,2026-08-26 14:17,completed,56570.0,DM1126
REQ-202602700,Thane,Maintenance,Refrigeration Fault,high,2026-08-23 16:34,2026-08-24 14:01,completed,,DM1215
REQ-202603059,Mumbai Central,Store Operations,Stock Transfer,medium,2026-08-23 16:47,2026-08-24 13:31,completed,22020.0,DM1074
REQ-202601654,Andheri,Finance,Vendor Payment Query,medium,2026-08-23 21:52,2026-08-24 11:12,completed,,DM1187
REQ-202601939,Navi Mumbai,Merchandising,Planogram Update,medium,2026-08-24 06:04,2026-08-24 12:30,completed,,DM1100
REQ-202600051,Andheri,Merchandising,Price Change,medium,2026-08-24 07:18,2026-08-24 11:43,completed,,DM1028
REQ-202600535,Navi Mumbai,Maintenance,Equipment Repair,critical,2026-08-24 07:54,,open,8130.0,DM1089
REQ-202600109,Powai,HR,Leave Query,medium,2026-08-24 08:02,2026-08-24 12:58,completed,,DM1001
REQ-202602025,Navi Mumbai,Merchandising,Planogram Update,medium,2026-08-24 08:27,2026-08-24 14:43,completed,,DM1161
REQ-202600400,Thane,Store Operations,Customer Complaint,medium,2026-08-24 08:47,2026-08-24 11:55,completed,,DM1229
REQ-202600461,Thane,Store Operations,Customer Complaint,high,2026-08-24 09:01,,open,,DM1028
REQ-202600532,Andheri,HR,Payroll Query,medium,2026-08-24 09:18,2026-08-24 11:58,completed,,DM1033
REQ-202601720,Thane,Store Operations,Stock Transfer,medium,2026-08-24 09:49,2026-08-25 08:31,completed,8130.0,DM1136
REQ-202602108,Andheri,Store Operations,Stock Transfer,medium,2026-08-24 09:58,,cancelled,51270.0,DM1186
REQ-202601807,Andheri,Finance,Petty Cash Claim,medium,2026-08-24 10:04,2026-08-24 16:00,completed,20630.0,DM1100
REQ-202600165,Thane,Store Operations,Customer Complaint,high,2026-08-24 10:34,2026-08-24 11:52,completed,,DM1139
REQ-202602036,Powai,Maintenance,Refrigeration Fault,critical,2026-08-24 10:49,,open,,DM1216
REQ-202602892,Andheri,Finance,Purchase Request,medium,2026-08-24 12:00,2026-08-24 16:59,completed,20460.0,DM1141
REQ-202600804,Thane,Store Operations,Shelf Replenishment,medium,2026-08-24 12:09,2026-08-25 09:34,completed,,DM1133
REQ-202601962,Andheri,Store Operations,Customer Complaint,low,2026-08-24 12:11,2026-08-25 13:22,completed,,DM1060
REQ-202600151,Navi Mumbai,Store Operations,Customer Complaint,medium,2026-08-24 12:39,2026-08-24 15:41,completed,,DM1207
REQ-202602012,Thane,Maintenance,Refrigeration Fault,high,2026-08-24 12:42,,in_progress,,DM1157
REQ-202602101,Navi Mumbai,Store Operations,Shelf Replenishment,low,2026-08-24 12:59,2026-08-26 11:20,completed,,DM1167
REQ-202600625,Mumbai Central,Merchandising,Planogram Update,low,2026-08-24 13:11,,open,,DM1057
REQ-202602208,Mumbai Central,Merchandising,Promotion Setup,medium,2026-08-24 13:16,2026-08-24 16:59,completed,,DM1113
REQ-202602478,Powai,Finance,Purchase Request,medium,2026-08-24 13:51,2026-08-24 16:50,completed,19400.0,DM1192
REQ-202600469,Navi Mumbai,Merchandising,Promotion Setup,medium,2026-08-24 14:02,2026-08-25 09:24,completed,,DM1013
REQ-202600379,Powai,Merchandising,Promotion Setup,medium,2026-08-24 14:48,2026-08-27 10:52,completed,,DM1166
REQ-202601339,Powai,Store Operations,Shelf Replenishment,high,2026-08-24 15:57,2026-08-25 11:47,completed,,DM1004
REQ-202601509,Andheri,Store Operations,Stock Transfer,medium,2026-08-24 16:10,,in_progress,23310.0,DM1155
REQ-202602983,Thane,Store Operations,Customer Complaint,medium,2026-08-24 16:25,2026-08-25 11:39,completed,,DM1021
REQ-202601597,Navi Mumbai,Maintenance,Refrigeration Fault,low,2026-08-24 16:36,2026-08-29 16:46,completed,,DM1121
REQ-202600567,Mumbai Central,Maintenance,Equipment Repair,medium,2026-08-24 17:46,2026-08-25 15:25,completed,4730.0,DM1161
REQ-202602466,Powai,Maintenance,Equipment Repair,low,2026-08-24 18:13,,cancelled,85240.0,DM1135
REQ-202600495,Navi Mumbai,Store Operations,Customer Complaint,medium,2026-08-24 20:31,2026-08-25 13:31,completed,,DM1098
REQ-202603141,Powai,Store Operations,Customer Complaint,medium,2026-08-24 21:45,,open,,DM1219
REQ-202600666,Powai,Finance,Petty Cash Claim,low,2026-08-24 21:49,2026-08-27 10:56,completed,18480.0,DM1164
REQ-202601129,Thane,IT Support,Access Request,high,2026-08-25 06:09,2026-08-25 11:15,completed,,DM1053
REQ-202600939,Powai,Maintenance,Refrigeration Fault,high,2026-08-25 07:25,2026-08-25 11:39,completed,,DM1116
REQ-202600365,Navi Mumbai,Maintenance,Refrigeration Fault,medium,2026-08-25 09:04,2026-08-25 14:49,completed,,DM1104
REQ-202601126,Mumbai Central,Store Operations,Shelf Replenishment,low,2026-08-25 09:25,2026-08-26 08:57,completed,,DM1010
REQ-202602687,Mumbai Central,Merchandising,Promotion Setup,critical,2026-08-25 09:28,,in_progress,,DM1044
REQ-202600965,Mumbai Central,IT Support,POS Issue,medium,2026-08-25 09:38,2026-08-25 14:15,completed,,DM1220
REQ-202601584,Powai,Finance,Purchase Request,critical,2026-08-25 09:51,2026-08-25 11:21,completed,24490.0,DM1002
REQ-202601644,Thane,Store Operations,Stock Transfer,high,2026-08-25 10:18,2026-08-25 13:31,completed,4090.0,DM1214
REQ-202600972,Navi Mumbai,Store Operations,Customer Complaint,low,2026-08-25 10:40,2026-08-25 15:53,completed,,DM1215
REQ-202603178,Thane,Merchandising,Promotion Setup,low,2026-08-25 11:17,2026-08-28 09:46,completed,,DM1014
REQ-202600915,Navi Mumbai,Merchandising,Planogram Update,low,2026-08-25 11:19,2026-08-26 15:10,completed,,DM1148
REQ-202601897,Thane,Maintenance,Refrigeration Fault,high,2026-08-25 13:12,2026-08-25 16:23,completed,,DM1218
REQ-202602270,Thane,HR,Leave Query,low,2026-08-25 14:38,2026-08-29 13:27,completed,,DM1063
REQ-202602813,Powai,Maintenance,Facility Issue,critical,2026-08-25 14:55,2026-08-25 15:42,completed,,DM1117
REQ-202602845,Powai,Merchandising,Price Change,critical,2026-08-25 15:03,2026-08-25 16:23,completed,,DM1219
REQ-202600897,Andheri,Merchandising,Promotion Setup,low,2026-08-25 15:19,2026-08-26 15:32,completed,,DM1125
REQ-202601022,Mumbai Central,IT Support,POS Issue,high,2026-08-25 16:04,,open,,DM1104
REQ-202602568,Andheri,Finance,Vendor Payment Query,low,2026-08-25 16:12,,cancelled,,DM1063
REQ-202603106,Andheri,Finance,Purchase Request,medium,2026-08-25 16:52,2026-08-27 13:48,completed,20810.0,DM1088
REQ-202601882,Navi Mumbai,IT Support,Access Request,high,2026-08-25 17:41,2026-08-26 12:38,completed,,DM1236
REQ-202600681,Powai,Store Operations,Customer Complaint,high,2026-08-25 21:59,2026-08-26 12:13,completed,,DM1216
REQ-202602588,Thane,Merchandising,Price Change,high,2026-08-26 06:34,2026-08-26 10:36,completed,,DM1063
REQ-202602034,Navi Mumbai,IT Support,Access Request,medium,2026-08-26 06:50,2026-08-26 10:33,completed,,DM1166
REQ-202601400,Navi Mumbai,Maintenance,Refrigeration Fault,low,2026-08-26 08:26,2026-08-28 12:21,completed,,DM1088
REQ-202602731,Mumbai Central,Finance,Vendor Payment Query,medium,2026-08-26 08:36,,cancelled,,DM1096
REQ-202601098,Navi Mumbai,Merchandising,Price Change,high,2026-08-26 09:08,2026-08-26 12:21,completed,,DM1198
REQ-202602119,Powai,HR,Onboarding,low,2026-08-26 09:12,2026-08-28 11:26,completed,,DM1128
REQ-202601823,Navi Mumbai,HR,Onboarding,high,2026-08-26 09:16,2026-08-26 12:23,completed,,DM1063
REQ-202600367,Navi Mumbai,Maintenance,Equipment Repair,high,2026-08-26 09:24,2026-08-26 11:57,completed,16530.0,DM1232
REQ-202600944,Mumbai Central,Finance,Purchase Request,high,2026-08-26 09:26,,cancelled,6160.0,DM1064
REQ-202600553,Navi Mumbai,Store Operations,Shelf Replenishment,medium,2026-08-26 09:48,,open,,DM1122
REQ-202601322,Mumbai Central,Store Operations,Customer Complaint,low,2026-08-26 09:49,,in_progress,,DM1154
REQ-202600604,Powai,HR,Leave Query,high,2026-08-26 10:11,2026-08-26 12:18,completed,,DM1169
REQ-202602429,Powai,Store Operations,Stock Transfer,low,2026-08-26 10:54,2026-08-27 09:53,completed,60130.0,DM1239
REQ-202602068,Andheri,Finance,Vendor Payment Query,low,2026-08-26 10:57,2026-08-28 15:27,completed,,DM1219
REQ-202601393,Thane,Maintenance,Facility Issue,high,2026-08-26 11:10,,cancelled,,DM1123
REQ-202602589,Navi Mumbai,IT Support,POS Issue,low,2026-08-26 11:12,2026-08-31 09:11,completed,,DM1240
REQ-202601749,Powai,Store Operations,Shelf Replenishment,medium,2026-08-26 11:54,2026-08-28 15:36,completed,,DM1175
REQ-202601173,Thane,Store Operations,Shelf Replenishment,critical,2026-08-26 12:01,2026-08-26 13:19,completed,,DM1190
REQ-202601631,Thane,Merchandising,Price Change,low,2026-08-26 12:10,2026-08-28 12:58,completed,,DM1089
REQ-202600413,Thane,Maintenance,Facility Issue,low,2026-08-26 12:12,2026-08-28 11:41,completed,,DM1013
REQ-202601482,Mumbai Central,Maintenance,Facility Issue,high,2026-08-26 12:23,2026-08-26 13:28,completed,,DM1029
REQ-202602013,Mumbai Central,Merchandising,Planogram Update,medium,2026-08-26 12:46,2026-08-27 12:05,completed,,DM1004
REQ-202600135,Andheri,Merchandising,Promotion Setup,low,2026-08-26 13:13,2026-08-27 11:26,completed,,DM1094
REQ-202600156,Mumbai Central,Store Operations,Customer Complaint,medium,2026-08-26 13:49,,open,,DM1201
REQ-202601958,Navi Mumbai,IT Support,Network Issue,low,2026-08-26 13:51,,open,,DM1102
REQ-202600322,Andheri,Maintenance,Refrigeration Fault,medium,2026-08-26 13:56,2026-08-27 10:57,completed,,DM1147
REQ-202601748,Navi Mumbai,Finance,Purchase Request,high,2026-08-26 14:02,2026-08-26 15:54,completed,22210.0,DM1170
REQ-202602256,Navi Mumbai,Store Operations,Stock Transfer,medium,2026-08-26 14:45,2026-08-27 08:24,completed,30740.0,DM1072
REQ-202600524,Mumbai Central,Maintenance,Facility Issue,low,2026-08-26 14:47,2026-08-29 09:39,completed,,DM1073
REQ-202602497,Andheri,Finance,Petty Cash Claim,low,2026-08-26 15:01,,in_progress,12890.0,DM1063
REQ-202600902,Thane,Store Operations,Stock Transfer,medium,2026-08-26 15:06,2026-08-27 08:15,completed,20230.0,DM1046
REQ-202600221,Thane,Store Operations,Shelf Replenishment,medium,2026-08-26 16:20,,open,,DM1053
REQ-202602875,Mumbai Central,Finance,Petty Cash Claim,medium,2026-08-26 16:33,2026-08-28 09:34,completed,28390.0,DM1222
REQ-202600075,Navi Mumbai,Store Operations,Shelf Replenishment,low,2026-08-26 16:51,2026-08-27 11:51,completed,,DM1022
REQ-202600403,Powai,Maintenance,Facility Issue,low,2026-08-26 16:52,2026-08-29 15:41,completed,,DM1130
REQ-202600938,Thane,Store Operations,Customer Complaint,high,2026-08-26 17:29,,open,,DM1170
REQ-202601563,Thane,Maintenance,Refrigeration Fault,low,2026-08-26 19:02,,open,,DM1100
REQ-202602055,Thane,Store Operations,Shelf Replenishment,low,2026-08-26 19:22,2026-08-28 11:46,completed,,DM1088
REQ-202603186,Andheri,Merchandising,Planogram Update,critical,2026-08-26 19:28,2026-08-27 10:16,completed,,DM1129
REQ-202601591,Andheri,Store Operations,Stock Transfer,medium,2026-08-26 19:33,2026-08-28 09:15,completed,40000.0,DM1232
REQ-202601870,Mumbai Central,Store Operations,Stock Transfer,medium,2026-08-26 20:27,,in_progress,97600.0,DM1102
REQ-202601104,Andheri,HR,Leave Query,medium,2026-08-26 21:12,2026-08-27 11:23,completed,,DM1157
REQ-202600062,Powai,Maintenance,Refrigeration Fault,critical,2026-08-26 21:29,2026-08-27 09:26,completed,,DM1151
REQ-202602669,Thane,Store Operations,Shelf Replenishment,medium,2026-08-27 06:50,,cancelled,,DM1113
REQ-202601936,Andheri,IT Support,Network Issue,low,2026-08-27 07:41,2026-08-28 09:12,completed,,DM1044
REQ-202600435,Powai,IT Support,POS Issue,medium,2026-08-27 07:46,,in_progress,,DM1201
REQ-202602113,Thane,Store Operations,Stock Transfer,low,2026-08-27 08:41,2026-08-29 09:43,completed,20220.0,DM1235
REQ-202602395,Thane,Merchandising,Promotion Setup,critical,2026-08-27 08:48,2026-08-27 10:15,completed,,DM1240
REQ-202600492,Andheri,Maintenance,Equipment Repair,critical,2026-08-27 08:50,,cancelled,9230.0,DM1075
REQ-202601095,Powai,Store Operations,Customer Complaint,medium,2026-08-27 08:55,2026-08-27 12:40,completed,,DM1189
REQ-202600326,Mumbai Central,Store Operations,Stock Transfer,high,2026-08-27 09:21,2026-08-27 11:15,completed,3120.0,DM1005
REQ-202601883,Thane,Maintenance,Equipment Repair,medium,2026-08-27 10:03,2026-08-27 11:09,completed,31600.0,DM1012
REQ-202602837,Powai,IT Support,Access Request,high,2026-08-27 10:03,2026-08-27 12:25,completed,,DM1105
REQ-202601181,Thane,Store Operations,Stock Transfer,low,2026-08-27 10:05,2026-08-29 13:13,completed,1640.0,DM1206
REQ-202602020,Navi Mumbai,IT Support,Network Issue,medium,2026-08-27 10:07,2026-08-27 13:50,completed,,DM1228
REQ-202602713,Mumbai Central,Store Operations,Shelf Replenishment,medium,2026-08-27 10:36,,cancelled,,DM1060
REQ-202602993,Navi Mumbai,HR,Leave Query,medium,2026-08-27 11:04,,in_progress,,DM1100
REQ-202603005,Navi Mumbai,Finance,Vendor Payment Query,low,2026-08-27 11:24,,open,,DM1004
REQ-202600373,Powai,Merchandising,Planogram Update,low,2026-08-27 11:42,2026-08-28 08:42,completed,,DM1203
REQ-202602691,Powai,Finance,Vendor Payment Query,high,2026-08-27 11:55,,in_progress,,DM1133
REQ-202601478,Andheri,Maintenance,Facility Issue,high,2026-08-27 12:08,2026-08-27 14:28,completed,,DM1127
REQ-202602307,Andheri,Store Operations,Shelf Replenishment,low,2026-08-27 12:17,2026-08-28 13:06,completed,,DM1175
REQ-202600160,Powai,IT Support,Access Request,low,2026-08-27 12:27,2026-08-29 12:17,completed,,DM1071
REQ-202602194,Thane,Store Operations,Stock Transfer,low,2026-08-27 12:39,,cancelled,17020.0,DM1183
REQ-202601779,Powai,Store Operations,Stock Transfer,medium,2026-08-27 12:45,2026-08-27 15:35,completed,14460.0,DM1231
REQ-202601430,Mumbai Central,Maintenance,Equipment Repair,low,2026-08-27 13:11,2026-08-28 10:36,completed,30040.0,DM1050
REQ-202602522,Thane,Merchandising,Price Change,high,2026-08-27 13:39,2026-08-28 10:10,completed,,DM1218
REQ-202602861,Andheri,Merchandising,Price Change,medium,2026-08-27 13:43,2026-08-28 13:23,completed,,DM1172
REQ-202601858,Navi Mumbai,IT Support,Network Issue,high,2026-08-27 13:44,2026-08-28 10:18,completed,,DM1195
REQ-202600449,Andheri,Maintenance,Refrigeration Fault,medium,2026-08-27 13:55,2026-08-28 09:51,completed,,DM1038
REQ-202601583,Navi Mumbai,Store Operations,Customer Complaint,high,2026-08-27 14:59,2026-08-28 14:50,completed,,DM1071
REQ-202600563,Powai,IT Support,POS Issue,low,2026-08-27 15:01,,in_progress,,DM1101
REQ-202602856,Andheri,IT Support,Access Request,low,2026-08-27 15:09,2026-08-31 13:33,completed,,DM1239
REQ-202602775,Powai,HR,Onboarding,high,2026-08-27 15:17,2026-08-28 09:46,completed,,DM1091
REQ-202602449,Andheri,IT Support,Network Issue,medium,2026-08-27 15:52,2026-08-28 08:29,completed,,DM1225
REQ-202602371,Powai,IT Support,Network Issue,critical,2026-08-27 16:20,2026-08-28 08:01,completed,,DM1144
REQ-202600272,Mumbai Central,Store Operations,Customer Complaint,medium,2026-08-27 17:52,,in_progress,,DM1117
REQ-202602376,Navi Mumbai,Store Operations,Stock Transfer,high,2026-08-27 19:44,2026-08-28 09:39,completed,15020.0,DM1044
REQ-202602267,Thane,Store Operations,Customer Complaint,low,2026-08-27 21:48,,in_progress,,DM1012
REQ-202601666,Andheri,Store Operations,Shelf Replenishment,high,2026-08-28 06:53,2026-08-28 09:46,completed,,DM1152
REQ-202602302,Navi Mumbai,Merchandising,Promotion Setup,low,2026-08-28 08:05,2026-08-31 11:28,completed,,DM1116
REQ-202602053,Andheri,Store Operations,Customer Complaint,low,2026-08-28 08:52,2026-08-29 13:21,completed,,DM1218
REQ-202600827,Mumbai Central,Merchandising,Promotion Setup,critical,2026-08-28 08:55,2026-08-28 10:00,completed,,DM1129
REQ-202601851,Andheri,IT Support,Access Request,medium,2026-08-28 08:58,,in_progress,,DM1084
REQ-202600802,Thane,Store Operations,Shelf Replenishment,low,2026-08-28 09:18,2026-08-29 16:12,completed,,DM1163
REQ-202601477,Powai,HR,Onboarding,medium,2026-08-28 09:28,2026-08-29 12:34,completed,,DM1191
REQ-202602029,Navi Mumbai,Finance,Purchase Request,medium,2026-08-28 10:29,2026-08-28 14:00,completed,19980.0,DM1086
REQ-202600069,Mumbai Central,IT Support,Network Issue,medium,2026-08-28 10:30,2026-08-29 09:59,completed,,DM1010
REQ-202601290,Navi Mumbai,Maintenance,Facility Issue,medium,2026-08-28 10:43,2026-08-28 15:15,completed,,DM1222
REQ-202602917,Andheri,Merchandising,Promotion Setup,high,2026-08-28 12:05,2026-08-28 13:55,completed,,DM1100
REQ-202600513,Mumbai Central,Maintenance,Equipment Repair,low,2026-08-28 12:32,,in_progress,19910.0,DM1027
REQ-202601992,Andheri,Merchandising,Planogram Update,low,2026-08-28 13:11,2026-09-01 08:39,completed,,DM1037
REQ-202600211,Andheri,Merchandising,Price Change,medium,2026-08-28 13:22,2026-08-29 14:16,completed,,DM1105
REQ-202600471,Thane,Store Operations,Shelf Replenishment,medium,2026-08-28 13:34,2026-08-28 16:24,completed,,DM1102
REQ-202602561,Mumbai Central,Merchandising,Promotion Setup,high,2026-08-28 13:41,2026-08-28 16:44,completed,,DM1015
REQ-202602908,Powai,IT Support,Access Request,medium,2026-08-28 13:41,,cancelled,,DM1030
REQ-202602752,Thane,IT Support,POS Issue,critical,2026-08-28 13:42,2026-08-28 15:48,completed,,DM1119
REQ-202600378,Mumbai Central,Maintenance,Facility Issue,low,2026-08-28 14:29,2026-08-31 15:22,completed,,DM1190
REQ-202601471,Thane,IT Support,Network Issue,low,2026-08-28 14:33,2026-08-29 15:06,completed,,DM1172
REQ-202600409,Powai,Store Operations,Customer Complaint,low,2026-08-28 14:36,2026-09-01 08:28,completed,,DM1225
REQ-202601469,Navi Mumbai,HR,Payroll Query,medium,2026-08-28 14:51,,cancelled,,DM1090
REQ-202600029,Mumbai Central,Store Operations,Customer Complaint,medium,2026-08-28 15:00,2026-08-29 14:10,completed,,DM1181
REQ-202602827,Navi Mumbai,Merchandising,Promotion Setup,high,2026-08-28 15:08,2026-08-29 08:37,completed,,DM1036
REQ-202600427,Thane,Finance,Petty Cash Claim,critical,2026-08-28 15:17,2026-08-28 15:41,completed,13310.0,DM1129
REQ-202601434,Navi Mumbai,Store Operations,Shelf Replenishment,medium,2026-08-28 15:20,2026-08-29 11:55,completed,,DM1059
REQ-202601252,Andheri,IT Support,Network Issue,medium,2026-08-28 15:24,,cancelled,,DM1121
REQ-202600754,Andheri,Merchandising,Promotion Setup,medium,2026-08-28 15:42,2026-08-29 14:03,completed,,DM1161
REQ-202600596,Andheri,Merchandising,Price Change,medium,2026-08-28 16:05,,in_progress,,DM1023
REQ-202603180,Andheri,Finance,Petty Cash Claim,medium,2026-08-28 16:15,2026-08-31 12:23,completed,16940.0,DM1036
REQ-202601526,Powai,Merchandising,Planogram Update,medium,2026-08-28 16:50,2026-08-29 11:43,completed,,DM1204
REQ-202601343,Navi Mumbai,Store Operations,Stock Transfer,medium,2026-08-28 17:24,,open,6270.0,DM1204
REQ-202603135,Andheri,Maintenance,Facility Issue,low,2026-08-28 17:52,2026-09-01 08:44,completed,,DM1048
REQ-202602799,Mumbai Central,IT Support,POS Issue,low,2026-08-28 20:34,2026-09-01 10:10,completed,,DM1149
REQ-202603049,Powai,Store Operations,Shelf Replenishment,high,2026-08-28 20:40,2026-08-29 12:55,completed,,DM1094
REQ-202600103,Mumbai Central,IT Support,Network Issue,low,2026-08-28 21:04,2026-08-31 10:46,completed,,DM1126
REQ-202601791,Andheri,Store Operations,Shelf Replenishment,medium,2026-08-28 21:09,,open,,DM1222
REQ-202600762,Navi Mumbai,Maintenance,Equipment Repair,medium,2026-08-29 06:56,2026-08-29 10:41,completed,12420.0,DM1168
REQ-202600536,Navi Mumbai,Store Operations,Customer Complaint,high,2026-08-29 06:59,,in_progress,,DM1069
REQ-202601787,Andheri,Maintenance,Refrigeration Fault,low,2026-08-29 08:12,2026-08-29 15:34,completed,,DM1234
REQ-202601872,Thane,IT Support,POS Issue,medium,2026-08-29 09:00,2026-08-29 14:00,completed,,DM1118
REQ-202602121,Navi Mumbai,Store Operations,Shelf Replenishment,high,2026-08-29 09:44,,in_progress,,DM1049
REQ-202601940,Andheri,Finance,Vendor Payment Query,medium,2026-08-29 09:49,2026-08-29 15:08,completed,,DM1104
REQ-202600501,Navi Mumbai,Store Operations,Stock Transfer,medium,2026-08-29 10:10,2026-09-01 08:17,completed,11100.0,DM1144
REQ-202601159,Powai,Finance,Vendor Payment Query,medium,2026-08-29 10:33,2026-08-31 12:06,completed,,DM1224
REQ-202603082,Andheri,IT Support,POS Issue,high,2026-08-29 11:15,2026-08-29 14:28,completed,,DM1022
REQ-202601276,Andheri,Store Operations,Stock Transfer,low,2026-08-29 11:21,2026-09-01 16:25,completed,14800.0,DM1221
REQ-202600888,Powai,Store Operations,Stock Transfer,low,2026-08-29 11:24,2026-08-31 13:18,completed,49890.0,DM1032
REQ-202601668,Mumbai Central,HR,Onboarding,medium,2026-08-29 11:32,2026-08-29 14:55,completed,,DM1184
REQ-202601567,Mumbai Central,Store Operations,Customer Complaint,high,2026-08-29 12:08,2026-08-29 14:36,completed,,DM1202
REQ-202600867,Andheri,Merchandising,Planogram Update,high,2026-08-29 12:32,2026-08-29 13:26,completed,,DM1088
REQ-202601016,Mumbai Central,Merchandising,Price Change,low,2026-08-29 12:51,,open,,DM1203
REQ-202601327,Mumbai Central,Store Operations,Stock Transfer,low,2026-08-29 12:56,2026-09-01 12:30,completed,16630.0,DM1209
REQ-202602608,Mumbai Central,Merchandising,Planogram Update,critical,2026-08-29 13:19,2026-08-29 16:49,completed,,DM1148
REQ-202602744,Andheri,Store Operations,Customer Complaint,critical,2026-08-29 13:37,2026-08-29 15:36,completed,,DM1199
REQ-202603020,Powai,HR,Onboarding,medium,2026-08-29 13:43,2026-08-31 15:31,completed,,DM1146
REQ-202601580,Powai,Maintenance,Facility Issue,low,2026-08-29 13:44,2026-09-01 13:39,completed,,DM1175
REQ-202600744,Mumbai Central,IT Support,POS Issue,medium,2026-08-29 14:09,2026-08-29 15:39,completed,,DM1076
REQ-202601347,Thane,IT Support,Network Issue,low,2026-08-29 14:09,2026-08-31 15:27,completed,,DM1077
REQ-202601079,Mumbai Central,Store Operations,Customer Complaint,low,2026-08-29 14:18,2026-09-02 11:06,completed,,DM1194
REQ-202600880,Powai,Store Operations,Customer Complaint,high,2026-08-29 14:36,2026-08-31 14:27,completed,,DM1056
REQ-202602823,Andheri,Store Operations,Stock Transfer,medium,2026-08-29 14:40,2026-09-01 10:14,completed,21150.0,DM1224
REQ-202600720,Thane,Finance,Petty Cash Claim,medium,2026-08-29 15:13,,open,28140.0,DM1150
REQ-202601741,Powai,Maintenance,Equipment Repair,medium,2026-08-29 15:21,2026-09-01 13:12,completed,25700.0,DM1041
REQ-202601490,Andheri,IT Support,Network Issue,low,2026-08-29 15:51,2026-08-31 15:42,completed,,DM1116
REQ-202600340,Mumbai Central,Store Operations,Stock Transfer,critical,2026-08-29 16:50,2026-08-31 10:52,completed,187301.0,DM1215
REQ-202600677,Mumbai Central,Store Operations,Shelf Replenishment,medium,2026-08-29 19:03,2026-08-31 11:16,completed,,DM1074
REQ-202600077,Andheri,Maintenance,Equipment Repair,critical,2026-08-30 06:31,,in_progress,34430.0,DM1194
REQ-202602862,Navi Mumbai,IT Support,Access Request,critical,2026-08-30 06:31,2026-08-31 09:24,completed,,DM1156
REQ-202600800,Navi Mumbai,Finance,Vendor Payment Query,low,2026-08-30 06:44,2026-09-01 16:47,completed,,DM1079
REQ-202602453,Thane,Store Operations,Shelf Replenishment,medium,2026-08-30 07:25,2026-08-31 14:54,completed,,DM1226
REQ-202600371,Powai,IT Support,Network Issue,medium,2026-08-30 08:26,2026-08-31 10:46,completed,,DM1003
REQ-202600065,Navi Mumbai,Store Operations,Customer Complaint,high,2026-08-30 09:06,2026-08-31 10:17,completed,,DM1094
REQ-202601844,Mumbai Central,Maintenance,Refrigeration Fault,medium,2026-08-30 09:08,2026-08-31 12:30,completed,,DM1011
REQ-202603091,Powai,Store Operations,Shelf Replenishment,high,2026-08-30 09:12,2026-08-31 11:12,completed,,DM1211
REQ-202600547,Thane,Store Operations,Stock Transfer,low,2026-08-30 09:24,2026-09-01 09:39,completed,39800.0,DM1198
REQ-202602634,Navi Mumbai,Merchandising,Planogram Update,high,2026-08-30 09:34,2026-08-31 09:26,completed,,DM1115
REQ-202601002,Thane,Finance,Petty Cash Claim,high,2026-08-30 09:44,2026-08-31 09:27,completed,20800.0,DM1172
REQ-202601082,Mumbai Central,Merchandising,Price Change,medium,2026-08-30 09:45,,in_progress,,DM1119
REQ-202600627,Andheri,Merchandising,Promotion Setup,high,2026-08-30 10:20,,open,,DM1124
REQ-202600843,Powai,Store Operations,Customer Complaint,high,2026-08-30 10:22,2026-08-31 10:50,completed,,DM1189
REQ-202602100,Navi Mumbai,HR,Payroll Query,medium,2026-08-30 10:24,2026-08-31 12:17,completed,,DM1015
REQ-202600772,Powai,Store Operations,Stock Transfer,low,2026-08-30 10:33,2026-09-02 09:27,completed,39270.0,DM1073
REQ-202602156,Thane,HR,Onboarding,high,2026-08-30 11:07,,in_progress,,DM1007
REQ-202601412,Powai,Finance,Vendor Payment Query,medium,2026-08-30 11:10,2026-08-31 10:47,completed,,DM1115
REQ-202600560,Andheri,Store Operations,Stock Transfer,critical,2026-08-30 11:11,2026-08-31 09:29,completed,8420.0,DM1193
REQ-202602982,Navi Mumbai,Store Operations,Shelf Replenishment,medium,2026-08-30 11:14,2026-08-31 09:50,completed,,DM1240
REQ-202601522,Powai,Merchandising,Planogram Update,low,2026-08-30 12:07,2026-09-04 15:30,completed,,DM1014
REQ-202600354,Powai,Store Operations,Shelf Replenishment,medium,2026-08-30 12:09,,in_progress,,DM1060
REQ-202602781,Mumbai Central,Merchandising,Promotion Setup,high,2026-08-30 12:19,2026-08-31 13:46,completed,,DM1139
REQ-202600735,Thane,Maintenance,Refrigeration Fault,medium,2026-08-30 13:13,2026-09-01 12:52,completed,,DM1063
REQ-202602970,Powai,Maintenance,Facility Issue,medium,2026-08-30 14:19,2026-08-31 15:45,completed,,DM1119
REQ-202602467,Andheri,IT Support,Access Request,medium,2026-08-30 15:02,2026-08-31 14:05,completed,,DM1006
REQ-202601717,Mumbai Central,Store Operations,Shelf Replenishment,medium,2026-08-30 15:04,2026-08-31 12:12,completed,,DM1032
REQ-202600092,Thane,Merchandising,Promotion Setup,low,2026-08-30 15:16,,in_progress,,DM1194
REQ-202600562,Powai,IT Support,Access Request,high,2026-08-30 15:28,2026-08-31 12:10,completed,,DM1029
REQ-202601539,Mumbai Central,HR,Onboarding,medium,2026-08-30 15:47,2026-08-31 13:03,completed,,DM1167
REQ-202602586,Thane,Maintenance,Refrigeration Fault,medium,2026-08-30 16:00,2026-08-31 14:18,completed,,DM1153
REQ-202601274,Powai,Store Operations,Shelf Replenishment,low,2026-08-30 16:13,2026-08-31 13:48,completed,,DM1045
REQ-202602170,Navi Mumbai,Maintenance,Facility Issue,low,2026-08-30 16:23,2026-09-01 11:47,completed,,DM1144
REQ-202601611,Andheri,IT Support,Access Request,low,2026-08-30 16:25,2026-08-31 11:56,completed,,DM1007
REQ-202602757,Navi Mumbai,Store Operations,Stock Transfer,high,2026-08-30 16:38,2026-08-31 14:00,completed,42770.0,DM1189
REQ-202602808,Navi Mumbai,Store Operations,Shelf Replenishment,medium,2026-08-30 16:41,,open,,DM1013
REQ-202602599,Andheri,HR,Leave Query,medium,2026-08-30 18:13,2026-08-31 12:23,completed,,DM1117
REQ-202600299,Navi Mumbai,Store Operations,Shelf Replenishment,low,2026-08-30 20:18,2026-08-31 16:01,completed,,DM1142
REQ-202600811,Powai,HR,Onboarding,low,2026-08-30 21:13,2026-09-03 10:31,completed,,DM1075
REQ-202600861,Powai,Merchandising,Price Change,medium,2026-08-30 21:21,2026-08-31 16:32,completed,,DM1237
REQ-202601033,Mumbai Central,Merchandising,Planogram Update,critical,2026-08-30 21:40,2026-08-31 09:21,completed,,DM1134
REQ-202602639,Thane,Store Operations,Shelf Replenishment,high,2026-08-31 06:35,2026-08-31 09:30,completed,,DM1133
REQ-202600150,Navi Mumbai,Finance,Petty Cash Claim,medium,2026-08-31 07:19,2026-08-31 11:35,completed,46550.0,DM1159
REQ-202601369,Mumbai Central,Store Operations,Customer Complaint,critical,2026-08-31 08:24,2026-08-31 09:18,completed,,DM1169
REQ-202601534,Thane,IT Support,POS Issue,low,2026-08-31 08:27,2026-09-02 09:29,completed,,DM1125
REQ-202603084,Navi Mumbai,Merchandising,Promotion Setup,low,2026-08-31 08:42,2026-09-01 09:19,completed,,DM1083
REQ-202602754,Mumbai Central,Store Operations,Shelf Replenishment,medium,2026-08-31 08:51,2026-09-01 10:14,completed,,DM1168
REQ-202602911,Powai,Merchandising,Promotion Setup,medium,2026-08-31 08:57,2026-08-31 13:02,completed,,DM1210
REQ-202602463,Mumbai Central,Store Operations,Stock Transfer,medium,2026-08-31 09:02,2026-08-31 14:04,completed,10320.0,DM1191
REQ-202602192,Mumbai Central,Store Operations,Shelf Replenishment,low,2026-08-31 09:18,2026-09-01 13:42,completed,,DM1114
REQ-202602276,Andheri,Store Operations,Customer Complaint,high,2026-08-31 09:24,2026-08-31 13:42,completed,,DM1108
REQ-202601087,Mumbai Central,IT Support,POS Issue,medium,2026-08-31 09:34,2026-08-31 14:25,completed,,DM1098
REQ-202601661,Mumbai Central,Store Operations,Shelf Replenishment,medium,2026-08-31 09:44,2026-09-01 09:44,completed,,DM1020
REQ-202601315,Powai,Store Operations,Customer Complaint,medium,2026-08-31 09:46,2026-08-31 16:38,completed,,DM1135
REQ-202602490,Thane,Finance,Purchase Request,low,2026-08-31 10:05,2026-09-03 16:34,completed,32130.0,DM1166
REQ-202602203,Thane,Store Operations,Stock Transfer,low,2026-08-31 10:30,2026-09-01 15:25,completed,55780.0,DM1090
REQ-202600198,Navi Mumbai,Finance,Purchase Request,medium,2026-08-31 12:25,2026-09-01 09:19,completed,24780.0,DM1131
REQ-202603145,Thane,Merchandising,Planogram Update,high,2026-08-31 12:26,2026-08-31 14:10,completed,,DM1223
REQ-202603032,Andheri,Finance,Vendor Payment Query,medium,2026-08-31 12:30,2026-08-31 16:41,completed,,DM1073
REQ-202601991,Navi Mumbai,Store Operations,Customer Complaint,high,2026-08-31 12:46,2026-08-31 14:22,completed,,DM1230
REQ-202601219,Navi Mumbai,Maintenance,Equipment Repair,low,2026-08-31 13:17,2026-09-01 13:21,completed,34740.0,DM1157
REQ-202600874,Thane,Merchandising,Promotion Setup,high,2026-08-31 13:21,2026-09-01 08:46,completed,,DM1024
REQ-202601612,Thane,Store Operations,Customer Complaint,medium,2026-08-31 13:24,2026-08-31 16:26,completed,,DM1154
REQ-202602916,Powai,Store Operations,Shelf Replenishment,high,2026-08-31 13:29,2026-09-01 10:58,completed,,DM1119
REQ-202602278,Thane,HR,Payroll Query,medium,2026-08-31 13:31,2026-09-01 12:01,completed,,DM1166
REQ-202602884,Mumbai Central,Finance,Vendor Payment Query,high,2026-08-31 13:38,2026-08-31 16:11,completed,,DM1236
REQ-202600512,Powai,IT Support,POS Issue,medium,2026-08-31 13:51,2026-08-31 16:56,completed,,DM1026
REQ-202600539,Thane,Maintenance,Refrigeration Fault,critical,2026-08-31 14:23,,in_progress,,DM1076
REQ-202602492,Andheri,Finance,Purchase Request,low,2026-08-31 14:29,2026-09-02 13:15,completed,16270.0,DM1164
REQ-202602901,Thane,Maintenance,Refrigeration Fault,high,2026-08-31 14:30,,cancelled,,DM1012
REQ-202600248,Mumbai Central,Maintenance,Facility Issue,medium,2026-08-31 14:50,2026-09-01 13:28,completed,,DM1194
REQ-202600756,Powai,Maintenance,Equipment Repair,critical,2026-08-31 15:32,2026-08-31 16:56,completed,12320.0,DM1082
REQ-202600528,Mumbai Central,Merchandising,Promotion Setup,medium,2026-08-31 16:15,2026-09-02 09:02,completed,,DM1043
REQ-202600950,Powai,Merchandising,Promotion Setup,low,2026-08-31 17:16,2026-09-04 12:47,completed,,DM1059
REQ-202601042,Andheri,Store Operations,Stock Transfer,medium,2026-08-31 17:30,2026-09-01 11:54,completed,27020.0,DM1140
REQ-202600207,Thane,Maintenance,Equipment Repair,high,2026-08-31 19:12,2026-09-01 11:59,completed,6070.0,DM1016
REQ-202602217,Andheri,Merchandising,Price Change,medium,2026-08-31 19:22,,open,,DM1106
REQ-202601298,Andheri,Maintenance,Equipment Repair,medium,2026-08-31 19:39,2026-09-01 10:51,completed,25240.0,DM1113
REQ-202601003,Andheri,Store Operations,Shelf Replenishment,medium,2026-08-31 19:41,2026-09-01 16:40,completed,,DM1098
REQ-202602331,Andheri,IT Support,Network Issue,low,2026-09-01 06:06,2026-09-03 14:02,completed,,DM1072
REQ-202600148,Powai,Maintenance,Facility Issue,low,2026-09-01 06:23,2026-09-02 09:48,completed,,DM1233
REQ-202600430,Mumbai Central,IT Support,POS Issue,medium,2026-09-01 08:14,2026-09-01 16:08,completed,,DM1074
REQ-202601026,Navi Mumbai,Store Operations,Stock Transfer,medium,2026-09-01 08:24,2026-09-01 12:07,completed,24240.0,DM1191
REQ-202600432,Andheri,Store Operations,Customer Complaint,high,2026-09-01 09:19,2026-09-01 10:56,completed,,DM1066
REQ-202602264,Thane,Finance,Vendor Payment Query,medium,2026-09-01 09:26,2026-09-01 12:26,completed,,DM1239
REQ-202601250,Andheri,IT Support,Access Request,high,2026-09-01 09:51,2026-09-01 15:13,completed,,DM1101
REQ-202602079,Thane,IT Support,POS Issue,critical,2026-09-01 10:46,2026-09-01 13:28,completed,,DM1021
REQ-202600698,Mumbai Central,HR,Onboarding,medium,2026-09-01 10:47,2026-09-01 14:28,completed,,DM1236
REQ-202601282,Thane,IT Support,Access Request,low,2026-09-01 10:56,,open,,DM1050
REQ-202602092,Thane,Store Operations,Shelf Replenishment,critical,2026-09-01 11:40,2026-09-01 12:35,completed,,DM1185
REQ-202600440,Thane,HR,Payroll Query,high,2026-09-01 12:07,2026-09-01 13:47,completed,,DM1132
REQ-202601051,Navi Mumbai,Store Operations,Shelf Replenishment,medium,2026-09-01 12:34,2026-09-02 13:11,completed,,DM1102
REQ-202601842,Andheri,Store Operations,Shelf Replenishment,high,2026-09-01 13:16,2026-09-02 08:26,completed,,DM1237
REQ-202601590,Navi Mumbai,Store Operations,Shelf Replenishment,medium,2026-09-01 13:24,2026-09-02 12:18,completed,,DM1020
REQ-202602386,Navi Mumbai,Store Operations,Stock Transfer,low,2026-09-01 13:48,2026-09-03 14:18,completed,10780.0,DM1093
REQ-202600983,Mumbai Central,Merchandising,Planogram Update,high,2026-09-01 13:52,2026-09-01 14:45,completed,,DM1072
REQ-202602741,Powai,IT Support,Access Request,high,2026-09-01 13:53,2026-09-01 16:29,completed,,DM1149
REQ-202600546,Mumbai Central,IT Support,Network Issue,high,2026-09-01 13:55,2026-09-02 08:26,completed,,DM1053
REQ-202600317,Powai,IT Support,Access Request,medium,2026-09-01 14:15,,in_progress,,DM1059
REQ-202602180,Thane,Maintenance,Refrigeration Fault,high,2026-09-01 14:24,2026-09-02 08:15,completed,,DM1188
REQ-202601938,Thane,Store Operations,Stock Transfer,low,2026-09-01 14:49,2026-09-02 11:38,completed,27700.0,DM1230
REQ-202602818,Navi Mumbai,Merchandising,Price Change,medium,2026-09-01 15:23,,in_progress,,DM1129
REQ-202600845,Andheri,Store Operations,Customer Complaint,low,2026-09-01 15:28,2026-09-03 16:12,completed,,DM1087
REQ-202600725,Mumbai Central,IT Support,Access Request,low,2026-09-01 16:00,,cancelled,,DM1060
REQ-202602557,Thane,Store Operations,Shelf Replenishment,low,2026-09-01 16:09,2026-09-08 08:21,completed,,DM1020
REQ-202602356,Mumbai Central,Merchandising,Promotion Setup,medium,2026-09-01 16:33,2026-09-02 12:57,completed,,DM1084
REQ-202600116,Powai,Merchandising,Price Change,low,2026-09-01 16:36,2026-09-02 16:12,completed,,DM1074
REQ-202601788,Powai,Finance,Purchase Request,medium,2026-09-01 17:07,2026-09-02 13:08,completed,15140.0,DM1056
REQ-202602774,Mumbai Central,Maintenance,Equipment Repair,high,2026-09-01 17:44,2026-09-02 10:52,completed,7840.0,DM1154
REQ-202600597,Andheri,Merchandising,Price Change,medium,2026-09-01 17:55,2026-09-03 10:49,completed,,DM1102
REQ-202600289,Powai,IT Support,Access Request,high,2026-09-01 18:16,2026-09-02 10:51,completed,,DM1195
REQ-202601581,Andheri,Store Operations,Customer Complaint,medium,2026-09-01 18:25,2026-09-02 13:38,completed,,DM1162
REQ-202601450,Navi Mumbai,Store Operations,Shelf Replenishment,medium,2026-09-01 18:38,2026-09-02 11:08,completed,,DM1132
REQ-202603096,Thane,Maintenance,Refrigeration Fault,medium,2026-09-01 19:21,,in_progress,,DM1129
REQ-202601745,Navi Mumbai,Maintenance,Equipment Repair,low,2026-09-01 20:15,2026-09-03 11:40,completed,28420.0,DM1157
REQ-202601777,Thane,Store Operations,Stock Transfer,high,2026-09-02 07:06,,open,4550.0,DM1042
REQ-202600851,Powai,Merchandising,Promotion Setup,medium,2026-09-02 07:18,2026-09-02 14:34,completed,,DM1218
REQ-202602162,Thane,Finance,Petty Cash Claim,high,2026-09-02 08:03,2026-09-02 10:26,completed,35480.0,DM1166
REQ-202602146,Mumbai Central,Maintenance,Refrigeration Fault,low,2026-09-02 08:25,2026-09-04 10:10,completed,,DM1048
REQ-202602481,Powai,Maintenance,Facility Issue,high,2026-09-02 09:12,2026-09-02 10:47,completed,,DM1143
REQ-202602296,Navi Mumbai,Finance,Purchase Request,high,2026-09-02 10:00,,open,16530.0,DM1185
REQ-202600194,Andheri,IT Support,POS Issue,low,2026-09-02 10:10,2026-09-03 08:03,completed,,DM1144
REQ-202600095,Mumbai Central,IT Support,Network Issue,low,2026-09-02 10:34,2026-09-03 08:00,completed,,DM1090
REQ-202602355,Thane,Merchandising,Planogram Update,medium,2026-09-02 10:42,2026-09-03 11:39,completed,,DM1129
REQ-202600556,Powai,IT Support,POS Issue,high,2026-09-02 11:20,2026-09-02 16:14,completed,,DM1051
REQ-202602141,Powai,Merchandising,Promotion Setup,medium,2026-09-02 11:29,2026-09-03 08:33,completed,,DM1056
REQ-202602311,Andheri,Store Operations,Shelf Replenishment,medium,2026-09-02 11:56,2026-09-03 16:15,completed,,DM1208
REQ-202601625,Mumbai Central,IT Support,POS Issue,medium,2026-09-02 12:14,2026-09-03 09:33,completed,,DM1129
REQ-202602675,Thane,Finance,Vendor Payment Query,low,2026-09-02 12:25,2026-09-05 09:09,completed,,DM1134
REQ-202600188,Andheri,Finance,Petty Cash Claim,medium,2026-09-02 12:57,2026-09-03 09:33,completed,17640.0,DM1093
REQ-202601532,Thane,IT Support,Access Request,low,2026-09-02 13:45,2026-09-05 11:00,completed,,DM1081
REQ-202600300,Mumbai Central,Finance,Vendor Payment Query,low,2026-09-02 13:58,2026-09-04 10:52,completed,,DM1059
REQ-202601708,Navi Mumbai,Store Operations,Customer Complaint,medium,2026-09-02 14:04,,cancelled,,DM1210
REQ-202602826,Mumbai Central,Store Operations,Shelf Replenishment,high,2026-09-02 14:39,2026-09-03 09:30,completed,,DM1232
REQ-202601280,Navi Mumbai,IT Support,Network Issue,low,2026-09-02 15:22,2026-09-04 11:14,completed,,DM1130
REQ-202600609,Powai,Maintenance,Refrigeration Fault,medium,2026-09-02 16:05,,cancelled,,DM1162
REQ-202601912,Andheri,Finance,Petty Cash Claim,medium,2026-09-02 16:40,2026-09-03 10:45,completed,24710.0,DM1200
REQ-202600842,Thane,IT Support,Network Issue,medium,2026-09-02 17:35,2026-09-03 11:01,completed,,DM1187
REQ-202600949,Mumbai Central,IT Support,POS Issue,high,2026-09-02 18:08,2026-09-03 09:45,completed,,DM1229
REQ-202600930,Navi Mumbai,IT Support,Access Request,low,2026-09-02 19:29,2026-09-03 16:52,completed,,DM1154
REQ-202601472,Thane,Store Operations,Customer Complaint,high,2026-09-02 20:25,2026-09-03 09:22,completed,,DM1003
REQ-202601099,Navi Mumbai,Finance,Purchase Request,medium,2026-09-02 21:13,2026-09-04 08:46,completed,13530.0,DM1067
REQ-202600929,Navi Mumbai,IT Support,POS Issue,medium,2026-09-02 21:38,2026-09-03 13:04,completed,,DM1055
REQ-202600885,Andheri,Store Operations,Shelf Replenishment,medium,2026-09-03 07:15,2026-09-03 11:43,completed,,DM1182
REQ-202602085,Thane,IT Support,Network Issue,medium,2026-09-03 08:52,2026-09-03 11:45,completed,,DM1066
REQ-202602907,Andheri,Store Operations,Shelf Replenishment,low,2026-09-03 09:03,,open,,DM1138
REQ-202603179,Navi Mumbai,IT Support,Network Issue,critical,2026-09-03 09:38,2026-09-03 11:16,completed,,DM1200
REQ-202600779,Mumbai Central,Maintenance,Refrigeration Fault,low,2026-09-03 09:41,2026-09-05 11:01,completed,,DM1162
REQ-202601009,Navi Mumbai,Store Operations,Shelf Replenishment,critical,2026-09-03 09:42,2026-09-03 10:15,completed,,DM1118
REQ-202603017,Thane,Maintenance,Refrigeration Fault,high,2026-09-03 09:48,2026-09-03 11:29,completed,,DM1101
REQ-202601786,Navi Mumbai,Finance,Petty Cash Claim,medium,2026-09-03 11:10,2026-09-05 09:37,completed,8050.0,DM1056
REQ-202601001,Andheri,IT Support,Network Issue,medium,2026-09-03 11:35,2026-09-03 15:16,completed,,DM1018
REQ-202600812,Andheri,Store Operations,Stock Transfer,low,2026-09-03 11:48,2026-09-07 08:46,completed,11190.0,DM1094
REQ-202601796,Mumbai Central,IT Support,Network Issue,medium,2026-09-03 12:22,,in_progress,,DM1128
REQ-202602605,Andheri,Merchandising,Planogram Update,medium,2026-09-03 12:26,,in_progress,,DM1086
REQ-202602681,Navi Mumbai,Maintenance,Refrigeration Fault,medium,2026-09-03 12:35,2026-09-04 08:14,completed,,DM1155
REQ-202600201,Navi Mumbai,Merchandising,Promotion Setup,high,2026-09-03 13:01,2026-09-03 16:57,completed,,DM1181
REQ-202600908,Andheri,Merchandising,Price Change,high,2026-09-03 13:15,2026-09-04 08:55,completed,,DM1027
REQ-202602679,Mumbai Central,Finance,Purchase Request,medium,2026-09-03 13:21,2026-09-03 15:47,completed,50400.0,DM1066
REQ-202600459,Navi Mumbai,Store Operations,Stock Transfer,medium,2026-09-03 13:25,2026-09-04 09:29,completed,17540.0,DM1027
REQ-202602973,Thane,Store Operations,Stock Transfer,medium,2026-09-03 13:35,2026-09-04 16:47,completed,15390.0,DM1001
REQ-202600436,Mumbai Central,Store Operations,Shelf Replenishment,medium,2026-09-03 14:03,2026-09-08 12:24,completed,,DM1092
REQ-202602374,Andheri,Store Operations,Stock Transfer,low,2026-09-03 14:04,2026-09-03 11:04,completed,11880.0,DM1197
REQ-202602407,Andheri,Store Operations,Customer Complaint,low,2026-09-03 14:31,2026-09-08 08:34,completed,,DM1167
REQ-202602652,Mumbai Central,Merchandising,Planogram Update,low,2026-09-03 15:06,,in_progress,,DM1115
REQ-202601664,Andheri,Finance,Purchase Request,low,2026-09-03 15:52,2026-09-05 10:44,completed,18910.0,DM1043
REQ-202601767,Thane,Finance,Vendor Payment Query,low,2026-09-03 16:02,2026-09-05 08:21,completed,,DM1163
REQ-202601865,Andheri,Store Operations,Shelf Replenishment,medium,2026-09-03 18:17,2026-09-05 08:00,completed,,DM1057
REQ-202600899,Mumbai Central,HR,Onboarding,high,2026-09-03 20:28,2026-09-04 10:33,completed,,DM1169
REQ-202602504,Powai,Maintenance,Equipment Repair,medium,2026-09-03 21:11,2026-09-04 09:24,completed,10590.0,DM1093
REQ-202602894,Navi Mumbai,Store Operations,Customer Complaint,low,2026-09-04 06:51,2026-09-05 10:57,completed,,DM1062
REQ-202603053,Mumbai Central,HR,Payroll Query,medium,2026-09-04 07:26,,in_progress,,DM1167
REQ-202600511,Mumbai Central,Finance,Petty Cash Claim,medium,2026-09-04 07:32,2026-09-04 14:48,completed,22400.0,DM1214
REQ-202602760,Andheri,Merchandising,Price Change,low,2026-09-04 08:04,2026-09-05 13:23,completed,,DM1027
REQ-202601414,Navi Mumbai,IT Support,POS Issue,medium,2026-09-04 08:18,,in_progress,,DM1076
REQ-202600036,Powai,IT Support,POS Issue,medium,2026-09-04 08:26,,open,,DM1089
REQ-202600799,Powai,IT Support,Network Issue,high,2026-09-04 08:45,2026-09-04 10:51,completed,,DM1104
REQ-202601341,Thane,HR,Leave Query,medium,2026-09-04 09:01,,cancelled,,DM1065
REQ-202601943,Thane,Store Operations,Customer Complaint,medium,2026-09-04 09:17,2026-09-04 13:20,completed,,DM1023
REQ-202601028,Navi Mumbai,Maintenance,Refrigeration Fault,medium,2026-09-04 09:43,2026-09-05 15:26,completed,,DM1193
REQ-202600015,Powai,Maintenance,Equipment Repair,medium,2026-09-04 09:46,2026-09-04 12:48,completed,11850.0,DM1127
REQ-202601711,Powai,Store Operations,Shelf Replenishment,high,2026-09-04 09:48,2026-09-04 10:15,completed,,DM1168
REQ-202601571,Navi Mumbai,Finance,Petty Cash Claim,medium,2026-09-04 10:35,,in_progress,6970.0,DM1062
REQ-202600931,Andheri,Store Operations,Shelf Replenishment,low,2026-09-04 10:39,2026-09-07 09:51,completed,,DM1126
REQ-202602183,Mumbai Central,Finance,Purchase Request,medium,2026-09-04 11:53,,open,25010.0,DM1099
REQ-202600508,Powai,Maintenance,Facility Issue,high,2026-09-04 12:20,2026-09-04 13:22,completed,,DM1170
REQ-202602189,Powai,Store Operations,Shelf Replenishment,critical,2026-09-04 12:28,2026-09-04 12:58,completed,,DM1199
REQ-202600872,Mumbai Central,Store Operations,Shelf Replenishment,medium,2026-09-04 12:36,2026-09-05 14:01,completed,,DM1094
REQ-202600115,Navi Mumbai,IT Support,POS Issue,low,2026-09-04 12:55,2026-09-05 09:34,completed,,DM1104
REQ-202601834,Powai,Store Operations,Shelf Replenishment,medium,2026-09-04 13:05,2026-09-05 11:08,completed,,DM1077
REQ-202602709,Powai,Store Operations,Stock Transfer,medium,2026-09-04 13:17,,in_progress,12500.0,DM1036
REQ-202602798,Navi Mumbai,Store Operations,Shelf Replenishment,medium,2026-09-04 13:38,2026-09-05 13:57,completed,,DM1064
REQ-202603190,Navi Mumbai,Maintenance,Equipment Repair,medium,2026-09-04 13:59,2026-09-05 10:32,completed,10420.0,DM1154
REQ-202600157,Powai,Store Operations,Shelf Replenishment,medium,2026-09-04 14:04,2026-09-07 09:08,completed,,DM1138
REQ-202602745,Navi Mumbai,HR,Onboarding,low,2026-09-04 14:07,2026-09-10 13:17,completed,,DM1154
REQ-202601455,Andheri,Finance,Vendor Payment Query,medium,2026-09-04 14:16,,open,,DM1041
REQ-202602753,Thane,Store Operations,Stock Transfer,medium,2026-09-04 14:20,2026-09-05 11:45,completed,16230.0,DM1051
REQ-202600127,Thane,Store Operations,Stock Transfer,critical,2026-09-04 14:56,2026-09-04 15:44,completed,73280.0,DM1165
REQ-202601893,Powai,Maintenance,Equipment Repair,high,2026-09-04 14:56,2026-09-05 08:12,completed,12870.0,DM1100
REQ-202600023,Thane,IT Support,Network Issue,low,2026-09-04 15:30,,in_progress,,DM1056
REQ-202600737,Mumbai Central,IT Support,POS Issue,medium,2026-09-04 16:31,2026-09-05 14:22,completed,,DM1013
REQ-202602039,Thane,Finance,Petty Cash Claim,medium,2026-09-04 16:45,2026-09-05 12:57,completed,42490.0,DM1055
REQ-202602850,Mumbai Central,Maintenance,Facility Issue,high,2026-09-04 19:18,2026-09-05 11:08,completed,,DM1121
REQ-202601373,Andheri,Merchandising,Price Change,high,2026-09-04 20:10,2026-09-05 11:13,completed,,DM1214
REQ-202602123,Thane,Merchandising,Promotion Setup,critical,2026-09-04 21:33,2026-09-05 09:08,completed,,DM1147
REQ-202601879,Powai,Merchandising,Price Change,low,2026-09-05 06:32,2026-09-10 10:54,completed,,DM1026
REQ-202602957,Navi Mumbai,Store Operations,Customer Complaint,medium,2026-09-05 07:02,,in_progress,,DM1065
REQ-202601699,Andheri,IT Support,Access Request,low,2026-09-05 07:10,2026-09-07 09:07,completed,,DM1218
REQ-202601449,Andheri,Store Operations,Shelf Replenishment,high,2026-09-05 07:12,2026-09-05 10:35,completed,,DM1202
REQ-202601700,Powai,Store Operations,Shelf Replenishment,medium,2026-09-05 07:19,2026-09-05 10:26,completed,,DM1097
REQ-202602465,Thane,Store Operations,Stock Transfer,medium,2026-09-05 08:12,2026-09-05 13:08,completed,84340.0,DM1044
REQ-202600964,Navi Mumbai,Finance,Vendor Payment Query,medium,2026-09-05 08:19,2026-09-05 12:01,completed,,DM1157
REQ-202600302,Andheri,Store Operations,Shelf Replenishment,high,2026-09-05 09:10,2026-09-05 10:37,completed,,DM1008
REQ-202602717,Navi Mumbai,Finance,Purchase Request,low,2026-09-05 09:32,2026-09-07 13:19,completed,19590.0,DM1211
REQ-202602237,Mumbai Central,IT Support,Network Issue,critical,2026-09-05 09:35,2026-09-05 10:06,completed,,DM1096
REQ-202600425,Thane,Store Operations,Shelf Replenishment,low,2026-09-05 10:42,2026-09-08 11:27,completed,,DM1225
REQ-202600643,Mumbai Central,Store Operations,Shelf Replenishment,medium,2026-09-05 11:18,2026-09-07 11:51,completed,,DM1002
REQ-202600180,Powai,IT Support,POS Issue,low,2026-09-05 11:33,,open,,DM1225
REQ-202602409,Navi Mumbai,IT Support,Access Request,medium,2026-09-05 11:33,2026-09-08 08:04,completed,,DM1076
REQ-202600593,Thane,HR,Leave Query,low,2026-09-05 11:37,2026-09-08 13:24,completed,,DM1212
REQ-202602736,Thane,Maintenance,Equipment Repair,medium,2026-09-05 11:37,2026-09-05 15:49,completed,2900.0,DM1172
REQ-202602663,Navi Mumbai,Store Operations,Shelf Replenishment,high,2026-09-05 11:41,,in_progress,,DM1176
REQ-202603088,Navi Mumbai,Merchandising,Promotion Setup,medium,2026-09-05 11:45,2026-09-05 16:34,completed,,DM1190
REQ-202600566,Andheri,Store Operations,Stock Transfer,high,2026-09-05 11:48,2026-09-07 08:42,completed,7890.0,DM1010
REQ-202602349,Navi Mumbai,Finance,Petty Cash Claim,low,2026-09-05 11:55,2026-09-07 12:08,completed,4710.0,DM1076
REQ-202602643,Thane,Store Operations,Stock Transfer,high,2026-09-05 12:14,2026-09-05 13:21,completed,12260.0,DM1095
REQ-202600314,Thane,Finance,Petty Cash Claim,critical,2026-09-05 13:05,,in_progress,43740.0,DM1208
REQ-202600102,Powai,Finance,Vendor Payment Query,critical,2026-09-05 13:44,,in_progress,,DM1233
REQ-202602182,Thane,IT Support,Access Request,high,2026-09-05 14:17,,cancelled,,DM1144
REQ-202601948,Navi Mumbai,Merchandising,Promotion Setup,critical,2026-09-05 14:23,2026-09-05 14:59,completed,,DM1186
REQ-202601429,Mumbai Central,IT Support,Access Request,high,2026-09-05 14:32,2026-09-05 15:57,completed,,DM1190
REQ-202600550,Thane,Finance,Petty Cash Claim,high,2026-09-05 15:04,2026-09-07 14:59,completed,13850.0,DM1046
REQ-202601674,Thane,IT Support,POS Issue,medium,2026-09-05 15:17,2026-09-07 11:38,completed,,DM1178
REQ-202602881,Powai,Store Operations,Shelf Replenishment,high,2026-09-05 15:19,2026-09-07 09:11,completed,,DM1110
REQ-202602701,Powai,Maintenance,Refrigeration Fault,low,2026-09-05 15:45,2026-09-07 10:09,completed,,DM1010
REQ-202602455,Powai,IT Support,Network Issue,medium,2026-09-05 15:46,2026-09-07 11:17,completed,,DM1039
REQ-202602205,Thane,Store Operations,Customer Complaint,high,2026-09-05 16:04,2026-09-07 09:52,completed,,DM1088
REQ-202600750,Navi Mumbai,Store Operations,Stock Transfer,low,2026-09-05 16:12,2026-09-08 14:50,completed,21710.0,DM1054
REQ-202601911,Mumbai Central,HR,Onboarding,medium,2026-09-05 16:45,2026-09-07 11:02,completed,,DM1016
REQ-202600676,Andheri,Store Operations,Stock Transfer,medium,2026-09-05 16:49,2026-09-07 15:02,completed,50450.0,DM1153
REQ-202601877,Andheri,Maintenance,Refrigeration Fault,medium,2026-09-05 16:57,2026-09-07 12:51,completed,,DM1081
REQ-202601576,Thane,Store Operations,Stock Transfer,medium,2026-09-05 17:40,2026-09-07 11:55,completed,4130.0,DM1023
REQ-202603025,Andheri,IT Support,POS Issue,high,2026-09-05 17:47,2026-09-07 10:12,completed,,DM1150
REQ-202602402,Powai,Maintenance,Facility Issue,medium,2026-09-05 18:00,2026-09-07 11:37,completed,,DM1134
REQ-202602254,Thane,Maintenance,Equipment Repair,low,2026-09-05 18:07,,in_progress,15620.0,DM1126
REQ-202602058,Powai,Merchandising,Planogram Update,critical,2026-09-05 19:37,2026-09-07 08:46,completed,,DM1081
REQ-202601659,Powai,Finance,Vendor Payment Query,medium,2026-09-05 20:09,2026-09-07 11:01,completed,,DM1219
REQ-202600349,Mumbai Central,Store Operations,Stock Transfer,medium,2026-09-05 20:20,,open,8490.0,DM1134
REQ-202600580,Navi Mumbai,Store Operations,Customer Complaint,high,2026-09-05 20:39,2026-09-07 12:44,completed,,DM1030
REQ-202600907,Navi Mumbai,Merchandising,Price Change,medium,2026-09-05 21:19,2026-09-07 16:58,completed,,DM1010
REQ-202601196,Mumbai Central,Store Operations,Customer Complaint,critical,2026-09-06 06:44,2026-09-07 08:52,completed,,DM1183
REQ-202601564,Powai,IT Support,Network Issue,medium,2026-09-06 06:59,2026-09-07 14:38,completed,,DM1113
REQ-202601481,Powai,Store Operations,Shelf Replenishment,medium,2026-09-06 07:25,,open,,DM1129
REQ-202602242,Thane,Maintenance,Refrigeration Fault,medium,2026-09-06 07:50,2026-09-07 14:58,completed,,DM1209
REQ-202601608,Navi Mumbai,IT Support,POS Issue,medium,2026-09-06 08:00,2026-09-07 12:48,completed,,DM1008
REQ-202602658,Thane,Merchandising,Promotion Setup,medium,2026-09-06 09:01,,in_progress,,DM1096
REQ-202600388,Thane,Finance,Purchase Request,medium,2026-09-06 09:32,2026-09-07 13:10,completed,50750.0,DM1053
REQ-202602994,Powai,Store Operations,Shelf Replenishment,low,2026-09-06 09:41,2026-09-08 13:50,completed,,DM1064
REQ-202600196,Powai,IT Support,Network Issue,medium,2026-09-06 10:32,2026-09-07 12:14,completed,,DM1075
REQ-202601624,Thane,IT Support,Access Request,critical,2026-09-06 10:44,2026-09-07 10:56,completed,,DM1112
REQ-202602153,Thane,HR,Payroll Query,low,2026-09-06 11:12,2026-09-08 12:59,completed,,DM1122
REQ-202600865,Mumbai Central,Merchandising,Promotion Setup,medium,2026-09-06 11:25,2026-09-08 09:55,completed,,DM1104
REQ-202601050,Thane,Maintenance,Equipment Repair,low,2026-09-06 11:34,2026-09-07 16:05,completed,10280.0,DM1110
REQ-202602201,Thane,Store Operations,Customer Complaint,medium,2026-09-06 11:45,2026-09-07 16:22,completed,,DM1005
REQ-202603019,Thane,Store Operations,Shelf Replenishment,high,2026-09-06 11:55,2026-09-07 08:58,completed,,DM1002
REQ-202603189,Navi Mumbai,Finance,Purchase Request,high,2026-09-06 12:28,,cancelled,11360.0,DM1099
REQ-202602847,Andheri,Merchandising,Planogram Update,high,2026-09-06 12:35,2026-09-07 08:58,completed,,DM1111
REQ-202600869,Thane,Store Operations,Stock Transfer,low,2026-09-06 13:01,2026-09-08 09:54,completed,38920.0,DM1205
REQ-202600396,Navi Mumbai,IT Support,Access Request,medium,2026-09-06 13:10,2026-09-07 13:15,completed,,DM1017
REQ-202601696,Andheri,Merchandising,Price Change,medium,2026-09-06 13:41,2026-09-07 10:25,completed,,DM1190
REQ-202600224,Andheri,Merchandising,Promotion Setup,high,2026-09-06 13:47,2026-09-07 11:01,completed,,DM1068
REQ-202601043,Thane,HR,Onboarding,high,2026-09-06 14:30,2026-09-07 10:34,completed,,DM1025
REQ-202602275,Navi Mumbai,IT Support,POS Issue,low,2026-09-06 14:32,2026-09-08 12:11,completed,,DM1210
REQ-202602696,Thane,HR,Payroll Query,medium,2026-09-06 14:44,2026-09-08 14:12,completed,,DM1148
REQ-202601470,Powai,Finance,Vendor Payment Query,medium,2026-09-06 16:33,2026-09-07 10:48,completed,,DM1215
REQ-202600467,Navi Mumbai,Merchandising,Price Change,high,2026-09-06 16:34,2026-09-07 11:05,completed,,DM1023
REQ-202601049,Powai,IT Support,POS Issue,high,2026-09-06 18:30,,in_progress,,DM1025
REQ-202601305,Powai,Store Operations,Shelf Replenishment,low,2026-09-06 18:50,,cancelled,,DM1032
REQ-202602729,Andheri,Maintenance,Facility Issue,high,2026-09-06 19:45,2026-09-07 09:38,completed,,DM1172
REQ-202601458,Powai,Maintenance,Refrigeration Fault,medium,2026-09-06 19:59,2026-09-08 08:06,completed,,DM1232
REQ-202600144,Powai,HR,Onboarding,high,2026-09-06 20:30,2026-09-07 11:49,completed,,DM1222
REQ-202601236,Thane,Store Operations,Stock Transfer,medium,2026-09-07 06:01,2026-09-07 09:22,completed,14720.0,DM1228
REQ-202600774,Mumbai Central,Store Operations,Stock Transfer,medium,2026-09-07 06:02,2026-09-08 08:19,completed,15030.0,DM1087
REQ-202602373,Andheri,Store Operations,Customer Complaint,high,2026-09-07 08:20,2026-09-07 09:55,completed,,DM1094
REQ-202600046,Navi Mumbai,Finance,Petty Cash Claim,critical,2026-09-07 08:31,2026-09-07 09:43,completed,13880.0,DM1221
REQ-202603036,Mumbai Central,IT Support,POS Issue,high,2026-09-07 08:32,2026-09-07 10:42,completed,,DM1198
REQ-202601410,Thane,Store Operations,Shelf Replenishment,low,2026-09-07 08:34,2026-09-10 10:47,completed,,DM1130
REQ-202601981,Powai,Maintenance,Equipment Repair,low,2026-09-07 08:34,2026-09-07 15:27,completed,7900.0,DM1132
REQ-202602345,Thane,IT Support,Network Issue,low,2026-09-07 08:44,,in_progress,,DM1075
REQ-202601947,Mumbai Central,Merchandising,Promotion Setup,medium,2026-09-07 09:03,2026-09-07 14:38,completed,,DM1195
REQ-202602227,Mumbai Central,Maintenance,Facility Issue,medium,2026-09-07 09:23,2026-09-07 13:41,completed,,DM1051
REQ-202602723,Powai,Merchandising,Price Change,critical,2026-09-07 10:53,,cancelled,,DM1040
REQ-202602743,Thane,Merchandising,Promotion Setup,low,2026-09-07 11:11,2026-09-16 14:09,completed,,DM1066
REQ-202602551,Mumbai Central,Maintenance,Equipment Repair,medium,2026-09-07 11:34,2026-09-09 09:03,completed,12900.0,DM1152
REQ-202602436,Thane,HR,Onboarding,low,2026-09-07 11:37,2026-09-08 14:58,completed,,DM1085
REQ-202603138,Mumbai Central,Merchandising,Promotion Setup,medium,2026-09-07 12:26,2026-09-08 10:25,completed,,DM1015
REQ-202602461,Mumbai Central,Store Operations,Customer Complaint,medium,2026-09-07 12:28,2026-09-08 09:58,completed,,DM1019
REQ-202601933,Navi Mumbai,Store Operations,Customer Complaint,high,2026-09-07 12:42,2026-09-07 14:06,completed,,DM1111
REQ-202602975,Powai,Store Operations,Customer Complaint,medium,2026-09-07 12:49,,in_progress,,DM1220
REQ-202602148,Mumbai Central,IT Support,POS Issue,medium,2026-09-07 13:13,2026-09-08 11:54,completed,,DM1161
REQ-202601171,Thane,Store Operations,Customer Complaint,low,2026-09-07 13:23,,open,,DM1191
REQ-202601277,Mumbai Central,IT Support,Network Issue,medium,2026-09-07 13:35,2026-09-07 16:06,completed,,DM1154
REQ-202602595,Navi Mumbai,IT Support,Network Issue,low,2026-09-07 13:51,,in_progress,,DM1146
REQ-202600037,Andheri,IT Support,POS Issue,low,2026-09-07 13:57,2026-09-10 15:27,completed,,DM1218
REQ-202600903,Powai,Store Operations,Stock Transfer,medium,2026-09-07 14:25,,in_progress,152490.0,DM1144
REQ-202602718,Powai,IT Support,Network Issue,low,2026-09-07 15:13,2026-09-10 11:05,completed,,DM1220
REQ-202601607,Thane,IT Support,Access Request,low,2026-09-07 15:16,,cancelled,,DM1116
REQ-202601614,Thane,Store Operations,Customer Complaint,medium,2026-09-07 15:25,,in_progress,,DM1011
REQ-202600889,Powai,IT Support,Network Issue,high,2026-09-07 15:28,2026-09-08 08:25,completed,,DM1216
REQ-202600639,Navi Mumbai,Store Operations,Customer Complaint,high,2026-09-07 16:06,2026-09-08 10:17,completed,,DM1103
REQ-202600759,Powai,Maintenance,Facility Issue,medium,2026-09-07 16:15,2026-09-08 10:08,completed,,DM1035
REQ-202601525,Mumbai Central,Merchandising,Planogram Update,medium,2026-09-07 16:19,2026-09-08 11:59,completed,,DM1056
REQ-202602750,Mumbai Central,Store Operations,Customer Complaint,medium,2026-09-07 16:19,2026-09-08 12:56,completed,,DM1117
REQ-202601227,Navi Mumbai,Store Operations,Stock Transfer,medium,2026-09-07 16:31,2026-09-08 10:14,completed,22750.0,DM1216
REQ-202601575,Powai,IT Support,Access Request,low,2026-09-07 16:33,2026-09-09 14:06,completed,,DM1018
REQ-202600474,Powai,Store Operations,Stock Transfer,medium,2026-09-07 16:44,,open,8250.0,DM1038
REQ-202600619,Powai,Finance,Vendor Payment Query,high,2026-09-07 17:27,,cancelled,,DM1189
REQ-202602207,Thane,Finance,Petty Cash Claim,medium,2026-09-07 19:28,2026-09-08 14:46,completed,5340.0,DM1085
REQ-202601742,Thane,IT Support,POS Issue,low,2026-09-07 20:42,2026-09-09 13:51,completed,,DM1083
REQ-202600878,Powai,IT Support,POS Issue,urgent,2026-09-07 21:47,,open,,DM1068
REQ-202602986,Navi Mumbai,Store Operations,Stock Transfer,medium,2026-09-08 06:10,,cancelled,136990.0,DM1125
REQ-202602889,Mumbai Central,Maintenance,Refrigeration Fault,high,2026-09-08 07:19,2026-09-08 12:27,completed,,DM1137
REQ-202602332,Andheri,Merchandising,Promotion Setup,low,2026-09-08 07:21,2026-09-09 16:49,completed,,DM1021
REQ-202602739,Powai,Maintenance,Refrigeration Fault,medium,2026-09-08 07:22,2026-09-08 13:24,completed,,DM1112
REQ-202601225,Mumbai Central,Merchandising,Planogram Update,medium,2026-09-08 07:32,2026-09-09 08:07,completed,,DM1057
REQ-202600493,Andheri,Merchandising,Price Change,medium,2026-09-08 07:36,2026-09-08 14:18,completed,,DM1102
REQ-202601598,Andheri,Maintenance,Facility Issue,medium,2026-09-08 08:07,,open,,DM1103
REQ-202601114,Thane,Maintenance,Equipment Repair,low,2026-09-08 08:27,2026-09-09 09:29,completed,9400.0,DM1096
REQ-202602430,Thane,Finance,Vendor Payment Query,low,2026-09-08 09:04,2026-09-10 09:58,completed,,DM1021
REQ-202600003,Thane,Merchandising,Promotion Setup,high,2026-09-08 09:06,2026-09-08 11:08,completed,,DM1022
REQ-202601929,Navi Mumbai,IT Support,POS Issue,low,2026-09-08 09:09,2026-09-09 16:23,completed,,DM1232
REQ-202602448,Thane,Merchandising,Promotion Setup,medium,2026-09-08 09:11,2026-09-09 12:05,completed,,DM1221
REQ-202602358,Mumbai Central,Store Operations,Shelf Replenishment,medium,2026-09-08 09:32,2026-09-08 12:53,completed,,DM1105
REQ-202600347,Mumbai Central,Merchandising,Price Change,low,2026-09-08 09:35,,in_progress,,DM1052
REQ-202601145,Andheri,Merchandising,Price Change,high,2026-09-08 09:35,,cancelled,,DM1066
REQ-202600714,Mumbai Central,Store Operations,Customer Complaint,high,2026-09-08 09:51,2026-09-08 12:15,completed,,DM1179
REQ-202600184,Powai,Store Operations,Customer Complaint,medium,2026-09-08 09:52,2026-09-08 13:19,completed,,DM1135
REQ-202601244,Thane,HR,Onboarding,medium,2026-09-08 11:11,2026-09-08 15:29,completed,,DM1056
REQ-202602720,Thane,Merchandising,Planogram Update,high,2026-09-08 11:37,2026-09-08 12:56,completed,,DM1095
REQ-202601018,Thane,Merchandising,Planogram Update,high,2026-09-08 11:38,,in_progress,,DM1224
REQ-202601375,Mumbai Central,Store Operations,Stock Transfer,medium,2026-09-08 11:50,2026-09-09 08:06,completed,8620.0,DM1181
REQ-202601734,Navi Mumbai,Maintenance,Facility Issue,low,2026-09-08 12:08,2026-09-10 10:07,completed,,DM1231
REQ-202602262,Navi Mumbai,Finance,Petty Cash Claim,medium,2026-09-08 12:08,2026-09-08 14:56,completed,20320.0,DM1109
REQ-202602518,Powai,IT Support,Access Request,medium,2026-09-08 12:34,2026-09-08 13:53,completed,,DM1177
REQ-202601019,Navi Mumbai,IT Support,Access Request,medium,2026-09-08 12:36,,open,,DM1226
REQ-202600699,Andheri,Store Operations,Stock Transfer,medium,2026-09-08 12:40,2026-09-09 09:28,completed,7790.0,DM1012
REQ-202602544,Navi Mumbai,IT Support,POS Issue,critical,2026-09-08 13:04,2026-09-09 08:50,completed,,DM1128
REQ-202601381,Andheri,Store Operations,Shelf Replenishment,medium,2026-09-08 13:31,2026-09-09 16:16,completed,,DM1013
REQ-202602268,Powai,Finance,Vendor Payment Query,low,2026-09-08 13:31,,open,,DM1059
REQ-202600489,Navi Mumbai,Store Operations,Shelf Replenishment,critical,2026-09-08 13:48,,open,,DM1236
REQ-202602494,Navi Mumbai,Store Operations,Stock Transfer,critical,2026-09-08 13:48,2026-09-08 14:44,completed,378291.0,DM1229
REQ-202602946,Andheri,Maintenance,Facility Issue,low,2026-09-08 14:25,2026-09-10 08:19,completed,,DM1143
REQ-202602042,Powai,IT Support,Network Issue,medium,2026-09-08 14:42,,cancelled,,DM1090
REQ-202600298,Powai,Finance,Petty Cash Claim,low,2026-09-08 15:04,2026-09-16 13:35,completed,4850.0,DM1074
REQ-202601738,Mumbai Central,Store Operations,Stock Transfer,low,2026-09-08 15:26,,cancelled,62910.0,DM1185
REQ-202602530,Andheri,IT Support,Network Issue,medium,2026-09-08 15:38,2026-09-09 12:31,completed,,DM1010
REQ-202602537,Powai,IT Support,Access Request,low,2026-09-08 15:41,2026-09-09 14:55,completed,,DM1069
REQ-202600937,Powai,HR,Payroll Query,medium,2026-09-08 15:53,,in_progress,,DM1127
REQ-202603170,Andheri,IT Support,POS Issue,critical,2026-09-08 16:11,2026-09-08 16:55,completed,,DM1126
REQ-202603013,Powai,Store Operations,Stock Transfer,medium,2026-09-08 16:13,2026-09-09 10:55,completed,13770.0,DM1119
REQ-202600605,Andheri,Finance,Purchase Request,low,2026-09-08 16:14,2026-09-10 10:39,completed,12640.0,DM1137
REQ-202603078,Navi Mumbai,HR,Payroll Query,critical,2026-09-08 16:32,2026-09-09 09:44,completed,,DM1006
REQ-202601750,Thane,IT Support,Network Issue,medium,2026-09-08 16:42,2026-09-09 14:54,completed,,DM1084
REQ-202601909,Mumbai Central,Store Operations,Customer Complaint,low,2026-09-08 17:34,2026-09-11 09:57,completed,,DM1107
REQ-202601202,Powai,Maintenance,Equipment Repair,low,2026-09-08 17:50,2026-09-10 15:05,completed,35620.0,DM1151
REQ-202602991,Andheri,IT Support,Network Issue,low,2026-09-08 18:05,2026-09-10 12:28,completed,,DM1182
REQ-202602361,Mumbai Central,Store Operations,Stock Transfer,high,2026-09-08 19:56,2026-09-09 09:57,completed,80730.0,DM1081
REQ-202602974,Navi Mumbai,Store Operations,Shelf Replenishment,high,2026-09-08 20:50,2026-09-09 11:56,completed,,DM1209
REQ-202601297,Andheri,Merchandising,Price Change,high,2026-09-09 06:14,2026-09-09 10:15,completed,,DM1213
REQ-202600554,Navi Mumbai,IT Support,Network Issue,medium,2026-09-09 07:08,,open,,DM1107
REQ-202603171,Mumbai Central,Finance,Petty Cash Claim,medium,2026-09-09 07:08,2026-09-09 13:13,completed,12940.0,DM1001
REQ-202603047,Thane,Store Operations,Stock Transfer,high,2026-09-09 07:42,2026-09-09 10:42,completed,17950.0,DM1031
REQ-202601148,Navi Mumbai,Finance,Purchase Request,medium,2026-09-09 08:36,2026-09-09 14:14,completed,40370.0,DM1083
REQ-202601792,Andheri,IT Support,Network Issue,high,2026-09-09 08:42,,open,,DM1228
REQ-202602195,Andheri,IT Support,Access Request,medium,2026-09-09 09:12,2026-09-09 11:59,completed,,DM1152
REQ-202601266,Thane,Store Operations,Shelf Replenishment,critical,2026-09-09 09:13,2026-09-09 10:05,completed,,DM1028
REQ-202601968,Thane,Maintenance,Equipment Repair,high,2026-09-09 09:21,2026-09-09 13:38,completed,76500.0,DM1190
REQ-202601797,Andheri,HR,Onboarding,high,2026-09-09 09:31,2026-09-09 12:35,completed,,DM1081
REQ-202602672,Thane,IT Support,Network Issue,low,2026-09-09 10:19,2026-09-09 16:55,completed,,DM1107
REQ-202600968,Thane,Store Operations,Stock Transfer,medium,2026-09-09 10:22,2026-09-09 14:28,completed,10860.0,DM1108
REQ-202602054,Andheri,Finance,Purchase Request,low,2026-09-09 10:31,2026-09-10 16:58,completed,6700.0,DM1131
REQ-202603006,Thane,Maintenance,Equipment Repair,low,2026-09-09 12:02,2026-09-10 15:35,completed,16170.0,DM1104
REQ-202601162,Andheri,IT Support,Access Request,medium,2026-09-09 12:09,,in_progress,,DM1231
REQ-202601203,Andheri,Maintenance,Equipment Repair,low,2026-09-09 12:14,2026-09-17 11:31,completed,44990.0,DM1176
REQ-202600647,Navi Mumbai,Store Operations,Shelf Replenishment,low,2026-09-09 12:25,,cancelled,,DM1163
REQ-202603042,Navi Mumbai,IT Support,Access Request,critical,2026-09-09 12:31,,open,,DM1042
REQ-202601265,Powai,HR,Leave Query,high,2026-09-09 12:35,2026-09-09 14:53,completed,,DM1184
REQ-202602912,Andheri,Maintenance,Facility Issue,low,2026-09-09 12:46,2026-09-11 10:14,completed,,DM1098
REQ-202600697,Thane,IT Support,POS Issue,medium,2026-09-09 12:55,,in_progress,,DM1011
REQ-202601600,Navi Mumbai,Maintenance,Facility Issue,low,2026-09-09 13:10,,cancelled,,DM1041
REQ-202601111,Thane,Store Operations,Customer Complaint,medium,2026-09-09 13:21,2026-09-10 09:18,completed,,DM1032
REQ-202600050,Navi Mumbai,Maintenance,Refrigeration Fault,medium,2026-09-09 13:30,2026-09-09 16:27,completed,,DM1170
REQ-202602684,Andheri,HR,Payroll Query,medium,2026-09-09 13:32,2026-09-15 13:47,completed,,DM1205
REQ-202601973,Mumbai Central,HR,Onboarding,medium,2026-09-09 13:44,2026-09-10 14:20,completed,,DM1126
REQ-202601640,Powai,Merchandising,Promotion Setup,high,2026-09-09 13:50,2026-09-10 08:04,completed,,DM1011
REQ-202601960,Powai,Store Operations,Customer Complaint,low,2026-09-09 14:38,,in_progress,,DM1005
REQ-202601524,Navi Mumbai,Merchandising,Planogram Update,low,2026-09-09 15:34,2026-09-15 08:19,completed,,DM1161
REQ-202600626,Navi Mumbai,Store Operations,Stock Transfer,high,2026-09-09 15:40,2026-09-10 10:04,completed,88960.0,DM1202
REQ-202601653,Mumbai Central,Merchandising,Planogram Update,high,2026-09-09 15:41,2026-09-10 10:27,completed,,DM1227
REQ-202600917,Mumbai Central,Maintenance,Facility Issue,high,2026-09-09 15:42,2026-09-10 15:37,completed,,DM1139
REQ-202603118,Powai,HR,Onboarding,low,2026-09-09 15:44,2026-09-16 11:04,completed,,DM1231
REQ-202601399,Powai,Store Operations,Shelf Replenishment,medium,2026-09-09 15:58,,open,,DM1113
REQ-202602671,Powai,Merchandising,Price Change,low,2026-09-10 06:33,2026-09-15 16:37,completed,,DM1156
REQ-202602404,Mumbai Central,Store Operations,Shelf Replenishment,low,2026-09-10 06:59,2026-09-11 12:50,completed,,DM1226
REQ-202602300,Mumbai Central,Store Operations,Stock Transfer,high,2026-09-10 08:04,2026-09-10 10:21,completed,11690.0,DM1072
REQ-202601508,Navi Mumbai,Store Operations,Shelf Replenishment,low,2026-09-10 08:32,2026-09-12 08:36,completed,,DM1155
REQ-202600380,Thane,Maintenance,Equipment Repair,low,2026-09-10 08:36,2026-09-11 14:09,completed,20080.0,DM1148
REQ-202602787,Powai,IT Support,Access Request,medium,2026-09-10 08:36,,open,,DM1221
REQ-202600132,Mumbai Central,Merchandising,Price Change,medium,2026-09-10 08:57,2026-09-11 12:42,completed,,DM1003
REQ-202602186,Thane,Store Operations,Shelf Replenishment,medium,2026-09-10 08:58,2026-09-10 11:17,completed,,DM1130
REQ-202600896,Navi Mumbai,Merchandising,Price Change,medium,2026-09-10 09:42,2026-09-10 14:40,completed,,DM1019
REQ-202600821,Andheri,Maintenance,Facility Issue,high,2026-09-10 09:57,2026-09-10 11:44,completed,,DM1185
REQ-202602447,Andheri,Merchandising,Price Change,low,2026-09-10 11:00,2026-09-15 14:48,completed,,DM1222
REQ-202601510,Navi Mumbai,Store Operations,Stock Transfer,high,2026-09-10 11:02,2026-09-10 12:11,completed,17590.0,DM1158
REQ-202600706,Andheri,Store Operations,Shelf Replenishment,critical,2026-09-10 11:19,2026-09-10 13:29,completed,,DM1214
REQ-202602286,Mumbai Central,Store Operations,Shelf Replenishment,medium,2026-09-10 11:29,2026-09-12 15:07,completed,,DM1090
REQ-202601323,Powai,HR,Leave Query,medium,2026-09-10 11:31,,open,,DM1142
REQ-202600177,Powai,Merchandising,Price Change,high,2026-09-10 11:56,2026-09-10 16:30,completed,,DM1230
REQ-202602157,Mumbai Central,Merchandising,Price Change,medium,2026-09-10 12:01,2026-09-11 11:25,completed,,DM1215
REQ-202600342,Andheri,HR,Onboarding,medium,2026-09-10 12:27,,cancelled,,DM1125
REQ-202602846,Mumbai Central,Merchandising,Promotion Setup,medium,2026-09-10 12:48,2026-09-10 16:05,completed,,DM1202
REQ-202602284,Andheri,Store Operations,Customer Complaint,critical,2026-09-10 12:49,2026-09-10 14:09,completed,,DM1189
REQ-202600473,Mumbai Central,Maintenance,Equipment Repair,high,2026-09-10 13:02,2026-09-10 13:54,completed,12630.0,DM1167
REQ-202601965,Mumbai Central,Store Operations,Shelf Replenishment,medium,2026-09-10 13:16,2026-09-10 14:32,completed,,DM1031
REQ-202602472,Thane,Finance,Purchase Request,medium,2026-09-10 13:30,,in_progress,17200.0,DM1108
REQ-202603060,Andheri,Store Operations,Shelf Replenishment,low,2026-09-10 13:53,,in_progress,,DM1053
REQ-202601130,Andheri,HR,Onboarding,medium,2026-09-10 14:02,,cancelled,,DM1014
REQ-202601814,Mumbai Central,Store Operations,Shelf Replenishment,high,2026-09-10 14:28,2026-09-11 09:43,completed,,DM1080
REQ-202600031,Mumbai Central,HR,Leave Query,high,2026-09-10 14:37,2026-09-10 15:58,completed,,DM1002
REQ-202601329,Powai,Maintenance,Equipment Repair,critical,2026-09-10 14:42,2026-09-10 15:38,completed,31630.0,DM1112
REQ-202600490,Thane,Merchandising,Promotion Setup,low,2026-09-10 14:46,2026-09-12 14:53,completed,,DM1085
REQ-202601007,Mumbai Central,IT Support,Access Request,high,2026-09-10 15:07,2026-09-10 16:47,completed,,DM1025
REQ-202600702,Navi Mumbai,IT Support,Network Issue,medium,2026-09-10 15:24,2026-09-11 13:02,completed,,DM1155
REQ-202600739,Mumbai Central,Merchandising,Planogram Update,high,2026-09-10 15:25,2026-09-10 16:31,completed,,DM1201
REQ-202601963,Mumbai Central,Store Operations,Customer Complaint,medium,2026-09-10 15:26,2026-09-11 15:01,completed,,DM1198
REQ-202602822,Powai,IT Support,Network Issue,medium,2026-09-10 15:37,2026-09-12 12:59,completed,,DM1041
REQ-202602024,Navi Mumbai,Store Operations,Customer Complaint,high,2026-09-10 15:55,2026-09-11 12:51,completed,,DM1231
REQ-202601853,Thane,Merchandising,Promotion Setup,low,2026-09-10 16:17,2026-09-12 11:37,completed,,DM1223
REQ-202600364,Andheri,Maintenance,Refrigeration Fault,medium,2026-09-10 16:51,2026-09-12 08:53,completed,,DM1159
REQ-202602110,Navi Mumbai,Store Operations,Customer Complaint,medium,2026-09-10 19:23,2026-09-11 15:03,completed,,DM1064
REQ-202602763,Andheri,Maintenance,Equipment Repair,high,2026-09-10 20:52,2026-09-11 10:23,completed,58950.0,DM1161
REQ-202600179,Powai,IT Support,Network Issue,medium,2026-09-11 06:01,2026-09-11 12:30,completed,,DM1003
REQ-202602487,Powai,Maintenance,Equipment Repair,medium,2026-09-11 07:30,2026-09-11 11:16,completed,4000.0,DM1045
REQ-202602263,Thane,Store Operations,Customer Complaint,high,2026-09-11 08:13,2026-09-11 13:32,completed,,DM1150
REQ-202600137,Mumbai Central,Maintenance,Refrigeration Fault,critical,2026-09-11 08:15,,cancelled,,DM1239
REQ-202603050,Powai,Store Operations,Customer Complaint,medium,2026-09-11 08:31,2026-09-11 12:03,completed,,DM1036
REQ-202601037,Andheri,Finance,Vendor Payment Query,medium,2026-09-11 08:45,2026-09-11 13:30,completed,,DM1231
REQ-202602636,Andheri,Store Operations,Customer Complaint,medium,2026-09-11 08:58,2026-09-11 10:48,completed,,DM1029
REQ-202602733,Andheri,Store Operations,Customer Complaint,medium,2026-09-11 09:34,2026-09-11 14:11,completed,,DM1172
REQ-202600189,Thane,Store Operations,Customer Complaint,medium,2026-09-11 09:51,2026-09-12 09:11,completed,,DM1071
REQ-202600136,Mumbai Central,Store Operations,Shelf Replenishment,high,2026-09-11 09:56,,in_progress,,DM1190
REQ-202602656,Navi Mumbai,IT Support,Access Request,medium,2026-09-11 10:07,2026-09-11 14:26,completed,,DM1204
REQ-202602065,Andheri,Maintenance,Facility Issue,high,2026-09-11 10:14,2026-09-11 14:21,completed,,DM1129
REQ-202600418,Thane,Store Operations,Shelf Replenishment,high,2026-09-11 10:17,2026-09-11 14:35,completed,,DM1232
REQ-202600844,Navi Mumbai,Maintenance,Equipment Repair,medium,2026-09-11 10:29,2026-09-11 13:44,completed,7680.0,DM1122
REQ-202600262,Navi Mumbai,Store Operations,Customer Complaint,high,2026-09-11 10:48,,cancelled,,DM1059
REQ-202601737,Mumbai Central,Maintenance,Refrigeration Fault,high,2026-09-11 11:32,2026-09-11 15:44,completed,,DM1070
REQ-202603034,Navi Mumbai,Maintenance,Refrigeration Fault,medium,2026-09-11 11:44,2026-09-11 14:47,completed,,DM1107
REQ-202600653,Navi Mumbai,Maintenance,Equipment Repair,low,2026-09-11 11:48,2026-09-19 10:11,completed,18630.0,DM1095
REQ-202600911,Mumbai Central,Maintenance,Equipment Repair,medium,2026-09-11 11:56,2026-09-12 10:00,completed,5570.0,DM1083
REQ-202601830,Powai,Store Operations,Shelf Replenishment,high,2026-09-11 12:25,2026-09-11 15:21,completed,,DM1104
REQ-202600959,Thane,HR,Payroll Query,critical,2026-09-11 12:37,2026-09-11 13:58,completed,,DM1102
REQ-202601476,Thane,IT Support,Access Request,high,2026-09-11 13:18,2026-09-11 16:29,completed,,DM1141
REQ-202600044,Mumbai Central,Merchandising,Promotion Setup,medium,2026-09-11 13:40,2026-09-12 10:58,completed,,DM1093
REQ-202601047,Powai,HR,Payroll Query,medium,2026-09-11 14:23,2026-09-12 15:08,completed,,DM1240
REQ-202601774,Andheri,Maintenance,Facility Issue,critical,2026-09-11 14:36,2026-09-11 15:53,completed,,DM1010
REQ-202601593,Andheri,Maintenance,Facility Issue,low,2026-09-11 14:40,2026-09-12 16:07,completed,,DM1064
REQ-202602369,Powai,Store Operations,Stock Transfer,low,2026-09-11 14:49,2026-09-15 16:38,completed,3480.0,DM1172
REQ-202602223,Thane,Store Operations,Stock Transfer,medium,2026-09-11 15:08,,cancelled,12860.0,DM1118
REQ-202602285,Mumbai Central,Finance,Vendor Payment Query,medium,2026-09-11 15:10,2026-09-12 11:25,completed,,DM1021
REQ-202601483,Andheri,Merchandising,Promotion Setup,low,2026-09-11 15:31,2026-09-16 13:48,completed,,DM1215
REQ-202601493,Powai,IT Support,Network Issue,low,2026-09-11 16:16,2026-09-15 13:19,completed,,DM1132
REQ-202601213,Mumbai Central,Store Operations,Stock Transfer,medium,2026-09-11 16:35,2026-09-15 12:37,completed,6860.0,DM1091
REQ-202602833,Navi Mumbai,Maintenance,Facility Issue,medium,2026-09-11 17:18,,in_progress,,DM1027
REQ-202601140,Andheri,Store Operations,Stock Transfer,medium,2026-09-11 17:21,2026-09-12 15:59,completed,66640.0,DM1077
REQ-202602682,Andheri,Merchandising,Planogram Update,low,2026-09-11 17:55,,in_progress,,DM1110
REQ-202600680,Navi Mumbai,Finance,Purchase Request,medium,2026-09-11 18:11,2026-09-15 10:23,completed,47400.0,DM1045
REQ-202601719,Thane,Store Operations,Customer Complaint,high,2026-09-11 18:40,,in_progress,,DM1039
REQ-202602305,Powai,Finance,Petty Cash Claim,high,2026-09-11 19:14,2026-09-12 09:44,completed,21620.0,DM1064
REQ-202601568,Powai,IT Support,POS Issue,medium,2026-09-11 19:53,2026-09-12 10:08,completed,,DM1220
REQ-202602637,Powai,Merchandising,Planogram Update,high,2026-09-11 20:44,2026-09-12 10:17,completed,,DM1225
REQ-202600244,Mumbai Central,Finance,Vendor Payment Query,high,2026-09-11 21:30,2026-09-12 10:03,completed,,DM1132
REQ-202602805,Mumbai Central,IT Support,POS Issue,high,2026-09-12 07:10,,open,,DM1024
REQ-202600868,Andheri,Finance,Petty Cash Claim,high,2026-09-12 08:24,2026-09-12 10:47,completed,74530.0,DM1059
REQ-202603152,Navi Mumbai,Finance,Purchase Request,low,2026-09-12 08:25,2026-09-17 10:20,completed,94240.0,DM1224
REQ-202602486,Navi Mumbai,Merchandising,Price Change,low,2026-09-12 08:35,2026-09-12 16:36,completed,,DM1011
REQ-202603139,Mumbai Central,Maintenance,Equipment Repair,low,2026-09-12 08:40,2026-09-17 15:37,completed,1970.0,DM1222
REQ-202602112,Navi Mumbai,Store Operations,Stock Transfer,high,2026-09-12 08:55,2026-09-12 11:41,completed,50430.0,DM1012
REQ-202600479,Mumbai Central,HR,Payroll Query,low,2026-09-12 08:58,2026-09-15 10:39,completed,,DM1129
REQ-202600590,Andheri,Finance,Petty Cash Claim,medium,2026-09-12 09:11,,cancelled,14070.0,DM1049
REQ-202601272,Andheri,Finance,Petty Cash Claim,low,2026-09-12 09:23,2026-09-17 09:05,completed,23110.0,DM1100
REQ-202600837,Thane,IT Support,POS Issue,low,2026-09-12 09:36,,cancelled,,DM1064
REQ-202600259,Mumbai Central,Store Operations,Shelf Replenishment,medium,2026-09-12 10:09,2026-09-12 15:54,completed,,DM1222
REQ-202600871,Powai,Merchandising,Price Change,high,2026-09-12 10:38,,open,,DM1155
REQ-202601194,Andheri,Maintenance,Equipment Repair,critical,2026-09-12 10:50,2026-09-12 11:44,completed,67690.0,DM1051
REQ-202600893,Thane,Store Operations,Shelf Replenishment,low,2026-09-12 11:16,2026-09-15 11:41,completed,,DM1220
REQ-202600011,Andheri,Store Operations,Shelf Replenishment,medium,2026-09-12 11:26,2026-09-15 10:02,completed,,DM1019
REQ-202602690,Thane,Finance,Petty Cash Claim,medium,2026-09-12 12:04,2026-09-15 09:16,completed,18170.0,DM1120
REQ-202601678,Thane,Finance,Purchase Request,low,2026-09-12 12:09,2026-09-19 08:03,completed,6880.0,DM1084
REQ-202600521,Mumbai Central,Store Operations,Shelf Replenishment,low,2026-09-12 12:23,2026-09-17 12:45,completed,,DM1165
REQ-202601475,Andheri,Merchandising,Planogram Update,low,2026-09-12 12:40,2026-09-17 11:56,completed,,DM1077
REQ-202601665,Mumbai Central,Maintenance,Refrigeration Fault,medium,2026-09-12 12:53,,cancelled,,DM1229
REQ-202602660,Mumbai Central,IT Support,Network Issue,medium,2026-09-12 13:05,2026-09-15 08:59,completed,,DM1046
REQ-202602287,Andheri,Finance,Vendor Payment Query,medium,2026-09-12 13:17,2026-09-15 09:38,completed,,DM1142
REQ-202600006,Thane,IT Support,Network Issue,high,2026-09-12 13:19,2026-09-12 14:04,completed,,DM1072
REQ-202602204,Thane,Store Operations,Stock Transfer,medium,2026-09-12 14:32,2026-09-15 12:11,completed,6760.0,DM1186
REQ-202601405,Andheri,IT Support,Network Issue,low,2026-09-12 14:34,2026-09-16 08:11,completed,,DM1098
REQ-202602097,Mumbai Central,Store Operations,Shelf Replenishment,low,2026-09-12 14:45,2026-09-17 13:17,completed,,DM1159
REQ-202602391,Powai,IT Support,Network Issue,critical,2026-09-12 14:54,2026-09-12 16:07,completed,,DM1230
REQ-202600833,Andheri,Finance,Petty Cash Claim,medium,2026-09-12 15:24,,in_progress,6700.0,DM1156
REQ-202600086,Mumbai Central,IT Support,Access Request,high,2026-09-12 15:27,,cancelled,,DM1125
REQ-202601388,Powai,IT Support,POS Issue,high,2026-09-12 15:50,2026-09-15 08:20,completed,,DM1122
REQ-202602865,Andheri,Maintenance,Equipment Repair,low,2026-09-12 16:02,,in_progress,4460.0,DM1125
REQ-202601772,Powai,IT Support,POS Issue,high,2026-09-12 16:16,2026-09-15 08:35,completed,,DM1182
REQ-202602631,Thane,IT Support,Access Request,medium,2026-09-12 16:24,2026-09-15 13:48,completed,,DM1066
REQ-202600573,Mumbai Central,IT Support,POS Issue,medium,2026-09-12 16:29,2026-09-15 11:22,completed,,DM1130
REQ-202601251,Powai,Merchandising,Promotion Setup,high,2026-09-12 16:42,2026-09-15 14:34,completed,,DM1002
REQ-202600841,Thane,Store Operations,Customer Complaint,high,2026-09-12 16:51,,open,,DM1085
REQ-202601035,Andheri,HR,Leave Query,medium,2026-09-12 17:11,2026-09-15 11:16,completed,,DM1172
REQ-202602765,Thane,IT Support,Access Request,high,2026-09-12 18:46,2026-09-15 09:29,completed,,DM1026
REQ-202600335,Navi Mumbai,Finance,Vendor Payment Query,medium,2026-09-12 21:28,2026-09-15 09:42,completed,,DM1130
REQ-202600231,Navi Mumbai,Merchandising,Promotion Setup,critical,2026-09-13 07:32,2026-09-15 10:02,completed,,DM1185
REQ-202601396,Powai,IT Support,POS Issue,low,2026-09-13 07:44,2026-09-16 09:59,completed,,DM1102
REQ-202600420,Thane,Maintenance,Facility Issue,high,2026-09-13 07:47,,open,,DM1001
REQ-202601165,Mumbai Central,Merchandising,Price Change,medium,2026-09-13 07:56,2026-09-17 11:49,completed,,DM1046
REQ-202600717,Powai,IT Support,Network Issue,medium,2026-09-13 08:19,,in_progress,,DM1134
REQ-202600217,Thane,Store Operations,Shelf Replenishment,medium,2026-09-13 08:25,2026-09-15 10:21,completed,,DM1189
REQ-202600785,Navi Mumbai,IT Support,Network Issue,high,2026-09-13 08:41,2026-09-15 10:00,completed,,DM1012
REQ-202603120,Navi Mumbai,Finance,Purchase Request,medium,2026-09-13 09:11,2026-09-16 08:04,completed,21070.0,DM1006
REQ-202600710,Thane,HR,Onboarding,critical,2026-09-13 09:12,2026-09-15 09:44,completed,,DM1019
REQ-202600466,Mumbai Central,IT Support,Network Issue,low,2026-09-13 09:25,2026-09-16 13:27,completed,,DM1145
REQ-202603095,Navi Mumbai,Store Operations,Shelf Replenishment,high,2026-09-13 09:34,,in_progress,,DM1174
REQ-202602282,Navi Mumbai,IT Support,Access Request,high,2026-09-13 09:52,2026-09-15 09:53,completed,,DM1137
REQ-202600476,Navi Mumbai,IT Support,Network Issue,low,2026-09-13 10:29,2026-09-16 11:53,completed,,DM1096
REQ-202602308,Powai,HR,Payroll Query,medium,2026-09-13 11:21,2026-09-15 14:18,completed,,DM1055
REQ-202600561,Thane,Maintenance,Facility Issue,low,2026-09-13 11:46,2026-09-16 16:13,completed,,DM1087
REQ-202600247,Thane,IT Support,POS Issue,low,2026-09-13 12:01,2026-09-16 10:53,completed,,DM1230
REQ-202600721,Powai,Store Operations,Customer Complaint,high,2026-09-13 12:02,2026-09-15 09:30,completed,,DM1156
REQ-202603193,Navi Mumbai,IT Support,Network Issue,low,2026-09-13 12:16,2026-09-16 09:35,completed,,DM1019
REQ-202600525,Andheri,Maintenance,Refrigeration Fault,high,2026-09-13 12:44,,in_progress,,DM1230
REQ-202603092,Powai,Finance,Vendor Payment Query,high,2026-09-13 13:18,,in_progress,,DM1009
REQ-202602533,Thane,Store Operations,Stock Transfer,medium,2026-09-13 13:29,2026-09-15 12:28,completed,7410.0,DM1210
REQ-202600414,Mumbai Central,Finance,Purchase Request,low,2026-09-13 13:34,,open,5110.0,DM1108
REQ-202601557,Powai,Finance,Vendor Payment Query,high,2026-09-13 13:38,2026-09-15 12:51,completed,,DM1107
REQ-202602043,Navi Mumbai,Store Operations,Stock Transfer,high,2026-09-13 14:35,2026-09-15 09:53,completed,24270.0,DM1164
REQ-202600312,Navi Mumbai,IT Support,Network Issue,low,2026-09-13 15:23,2026-09-16 12:14,completed,,DM1058
REQ-202602831,Thane,Store Operations,Customer Complaint,low,2026-09-13 15:54,2026-09-17 11:43,completed,,DM1226
REQ-202602128,Thane,Maintenance,Refrigeration Fault,low,2026-09-13 16:20,2026-09-16 11:31,completed,,DM1118
REQ-202601547,Powai,Finance,Petty Cash Claim,low,2026-09-13 17:36,2026-09-15 15:06,completed,43240.0,DM1162
REQ-202601570,Powai,Merchandising,Price Change,high,2026-09-13 18:55,2026-09-15 10:24,completed,,DM1066
REQ-202601685,Powai,Store Operations,Customer Complaint,medium,2026-09-13 19:22,2026-09-15 14:41,completed,,DM1108
REQ-202602508,Andheri,IT Support,Network Issue,low,2026-09-13 20:05,2026-09-16 08:28,completed,,DM1183
REQ-202602474,Navi Mumbai,IT Support,Access Request,medium,2026-09-14 06:02,2026-09-16 08:58,completed,,DM1166
REQ-202601572,Andheri,Maintenance,Facility Issue,high,2026-09-14 06:04,2026-09-15 11:00,completed,,DM1132
REQ-202600494,Mumbai Central,Store Operations,Shelf Replenishment,medium,2026-09-14 08:24,2026-09-15 11:34,completed,,DM1109
REQ-202602257,Thane,Store Operations,Shelf Replenishment,low,2026-09-14 08:48,,in_progress,,DM1120
REQ-202602266,Powai,Finance,Purchase Request,critical,2026-09-14 08:52,2026-09-15 10:24,completed,10480.0,DM1232
REQ-202600172,Powai,HR,Leave Query,low,2026-09-14 08:54,,open,,DM1186
REQ-202602747,Navi Mumbai,Store Operations,Customer Complaint,low,2026-09-14 09:05,2026-09-17 08:39,completed,,DM1091
REQ-202602565,Andheri,Store Operations,Shelf Replenishment,low,2026-09-14 09:10,2026-09-18 08:23,completed,,DM1074
REQ-202602938,Navi Mumbai,IT Support,Access Request,medium,2026-09-14 09:23,2026-09-15 10:57,completed,,DM1093
REQ-202601702,Navi Mumbai,IT Support,POS Issue,low,2026-09-14 09:34,,open,,DM1215
REQ-202601263,Thane,IT Support,Network Issue,low,2026-09-14 09:37,2026-09-15 16:10,completed,,DM1059
REQ-202601392,Navi Mumbai,HR,Payroll Query,medium,2026-09-14 09:48,2026-09-16 10:34,completed,,DM1206
REQ-202600839,Powai,IT Support,POS Issue,medium,2026-09-14 10:14,2026-09-15 12:10,completed,,DM1075
REQ-202600052,Andheri,Store Operations,Customer Complaint,low,2026-09-14 10:27,2026-09-16 13:12,completed,,DM1175
REQ-202600359,Thane,HR,Payroll Query,medium,2026-09-14 10:43,2026-09-15 14:28,completed,,DM1155
REQ-202602582,Mumbai Central,IT Support,Network Issue,medium,2026-09-14 10:53,2026-09-15 16:03,completed,,DM1049
REQ-202601310,Andheri,Merchandising,Promotion Setup,critical,2026-09-14 11:11,2026-09-15 09:14,completed,,DM1116
REQ-202601956,Navi Mumbai,IT Support,Network Issue,medium,2026-09-14 11:58,2026-09-16 08:05,completed,,DM1108
REQ-202602715,Mumbai Central,Merchandising,Planogram Update,medium,2026-09-14 12:24,2026-09-15 11:00,completed,,DM1046
REQ-202601647,Andheri,Store Operations,Customer Complaint,medium,2026-09-14 12:25,2026-09-15 13:32,completed,,DM1025
REQ-202600074,Powai,Store Operations,Stock Transfer,low,2026-09-14 13:14,2026-09-16 16:39,completed,11590.0,DM1177
REQ-202600307,Powai,IT Support,Network Issue,low,2026-09-14 13:15,2026-09-15 14:05,completed,,DM1040
REQ-202600722,Navi Mumbai,IT Support,POS Issue,high,2026-09-14 13:39,,open,,DM1033
REQ-202602396,Powai,IT Support,Access Request,medium,2026-09-14 13:44,2026-09-15 10:15,completed,,DM1222
REQ-202600072,Thane,Finance,Purchase Request,low,2026-09-14 13:59,2026-09-15 15:48,completed,16920.0,DM1170
REQ-202601736,Powai,Merchandising,Promotion Setup,high,2026-09-14 14:10,2026-09-15 10:02,completed,,DM1022
REQ-202602187,Navi Mumbai,Store Operations,Customer Complaint,low,2026-09-14 14:19,2026-09-17 10:07,completed,,DM1194
REQ-202600261,Navi Mumbai,IT Support,POS Issue,medium,2026-09-14 14:47,2026-09-15 11:26,completed,,DM1179
REQ-202601083,Navi Mumbai,HR,Payroll Query,high,2026-09-14 15:10,2026-09-15 12:42,completed,,DM1188
REQ-202602144,Powai,Store Operations,Customer Complaint,medium,2026-09-14 15:48,2026-09-15 09:44,completed,,DM1072
REQ-202600042,Mumbai Central,Store Operations,Shelf Replenishment,low,2026-09-14 15:53,2026-09-17 11:50,completed,,DM1132
REQ-202602327,Powai,Finance,Purchase Request,critical,2026-09-14 15:56,,open,14860.0,DM1230
REQ-202600186,Powai,IT Support,Access Request,medium,2026-09-14 16:35,,in_progress,,DM1179
REQ-202600185,Powai,Store Operations,Customer Complaint,medium,2026-09-14 16:38,2026-09-15 10:53,completed,,DM1208
REQ-202601924,Thane,HR,Onboarding,medium,2026-09-14 16:57,2026-09-15 11:02,completed,,DM1152
REQ-202602921,Mumbai Central,Store Operations,Shelf Replenishment,medium,2026-09-14 17:01,,in_progress,,DM1101
REQ-202601174,Andheri,Maintenance,Refrigeration Fault,high,2026-09-14 18:09,,open,,DM1028
REQ-202601301,Mumbai Central,Store Operations,Customer Complaint,medium,2026-09-14 18:15,2026-09-15 09:28,completed,,DM1105
REQ-202601828,Navi Mumbai,Merchandising,Promotion Setup,high,2026-09-14 18:57,2026-09-15 11:05,completed,,DM1240
REQ-202600085,Mumbai Central,IT Support,POS Issue,low,2026-09-15 06:36,2026-09-17 13:22,completed,,DM1164
REQ-202601560,Thane,IT Support,Access Request,high,2026-09-15 06:50,2026-09-15 09:44,completed,,DM1009
REQ-202600076,Navi Mumbai,Store Operations,Shelf Replenishment,high,2026-09-15 07:21,2026-09-15 09:08,completed,,DM1014
REQ-202602324,Thane,Merchandising,Planogram Update,high,2026-09-15 08:01,2026-09-15 09:45,completed,,DM1227
REQ-202602853,Andheri,IT Support,POS Issue,low,2026-09-15 08:03,2026-09-16 13:24,completed,,DM1041
REQ-202600398,Navi Mumbai,Merchandising,Planogram Update,medium,2026-09-15 08:15,2026-09-15 12:41,completed,,DM1036
REQ-202602649,Andheri,IT Support,Network Issue,medium,2026-09-15 09:16,2026-09-15 13:32,completed,,DM1150
REQ-202600884,Andheri,Store Operations,Shelf Replenishment,medium,2026-09-15 10:21,2026-09-15 16:31,completed,,DM1051
REQ-202601519,Mumbai Central,Merchandising,Planogram Update,low,2026-09-15 10:21,2026-09-17 13:55,completed,,DM1179
REQ-202602683,Mumbai Central,Maintenance,Refrigeration Fault,high,2026-09-15 10:25,2026-09-15 13:07,completed,,DM1238
REQ-202600064,Mumbai Central,IT Support,Network Issue,medium,2026-09-15 11:09,2026-09-16 08:55,completed,,DM1165
REQ-202601896,Thane,Maintenance,Refrigeration Fault,medium,2026-09-15 11:26,2026-09-15 14:47,completed,,DM1165
REQ-202602692,Navi Mumbai,IT Support,Network Issue,medium,2026-09-15 11:33,2026-09-16 12:14,completed,,DM1079
REQ-202602236,Thane,Maintenance,Facility Issue,medium,2026-09-15 11:52,,cancelled,,DM1219
REQ-202602619,Powai,Maintenance,Refrigeration Fault,high,2026-09-15 12:04,2026-09-15 12:48,completed,,DM1068
REQ-202600589,Powai,IT Support,Network Issue,high,2026-09-15 12:05,2026-09-15 14:28,completed,,DM1171
REQ-202600149,Navi Mumbai,Store Operations,Stock Transfer,high,2026-09-15 12:10,2026-09-15 13:27,completed,14290.0,DM1131
REQ-202602949,Mumbai Central,Merchandising,Planogram Update,medium,2026-09-15 12:50,2026-09-15 16:38,completed,,DM1233
REQ-202601660,Navi Mumbai,IT Support,Network Issue,high,2026-09-15 12:53,2026-09-15 13:50,completed,,DM1182
REQ-202601451,Navi Mumbai,HR,Payroll Query,low,2026-09-15 13:10,2026-09-17 12:20,completed,,DM1233
REQ-202602136,Thane,Maintenance,Refrigeration Fault,critical,2026-09-15 13:24,,in_progress,,DM1072
REQ-202601709,Powai,Store Operations,Customer Complaint,medium,2026-09-15 13:27,,in_progress,,DM1114
REQ-202600583,Powai,Maintenance,Facility Issue,medium,2026-09-15 13:51,2026-09-16 09:06,completed,,DM1005
REQ-202602177,Navi Mumbai,Store Operations,Stock Transfer,low,2026-09-15 15:02,2026-09-17 10:58,completed,31450.0,DM1004
REQ-202602235,Powai,IT Support,POS Issue,medium,2026-09-15 15:32,,cancelled,,DM1033
REQ-202601078,Thane,Finance,Petty Cash Claim,medium,2026-09-15 15:56,2026-09-16 11:59,completed,17820.0,DM1062
REQ-202602795,Thane,Finance,Vendor Payment Query,medium,2026-09-15 15:57,2026-09-16 14:02,completed,,DM1240
REQ-202601569,Mumbai Central,Store Operations,Stock Transfer,high,2026-09-15 16:13,2026-09-16 09:36,completed,58300.0,DM1088
REQ-202601178,Powai,Store Operations,Stock Transfer,high,2026-09-15 16:45,2026-09-16 10:52,completed,15990.0,DM1113
REQ-202601359,Navi Mumbai,Store Operations,Shelf Replenishment,medium,2026-09-15 18:03,2026-09-16 15:13,completed,,DM1099
REQ-202602574,Navi Mumbai,IT Support,Access Request,high,2026-09-15 19:13,2026-09-16 11:44,completed,,DM1168
REQ-202601875,Navi Mumbai,Store Operations,Customer Complaint,medium,2026-09-15 21:58,2026-09-16 09:57,completed,,DM1061
REQ-202602138,Powai,Store Operations,Customer Complaint,critical,2026-09-16 06:39,,in_progress,,DM1161
REQ-202601561,Powai,Merchandising,Planogram Update,low,2026-09-16 08:19,2026-09-18 14:41,completed,,DM1098
REQ-202601688,Mumbai Central,IT Support,POS Issue,critical,2026-09-16 08:40,2026-09-16 10:24,completed,,DM1173
REQ-202600599,Mumbai Central,Store Operations,Stock Transfer,high,2026-09-16 08:44,2026-09-16 11:36,completed,2640.0,DM1081
REQ-202600334,Navi Mumbai,Maintenance,Equipment Repair,medium,2026-09-16 08:55,2026-09-17 11:19,completed,21360.0,DM1155
REQ-202601506,Powai,HR,Payroll Query,low,2026-09-16 08:57,2026-09-17 15:16,completed,,DM1067
REQ-202602852,Mumbai Central,Store Operations,Stock Transfer,medium,2026-09-16 09:09,2026-09-18 08:34,completed,47660.0,DM1009
REQ-202601527,Mumbai Central,Store Operations,Stock Transfer,critical,2026-09-16 09:24,2026-09-16 11:15,completed,78000.0,DM1164
REQ-202602001,Andheri,Maintenance,Equipment Repair,medium,2026-09-16 09:54,2026-09-17 10:51,completed,41740.0,DM1171
REQ-202600024,Thane,Store Operations,Shelf Replenishment,medium,2026-09-16 10:20,2026-09-16 12:45,completed,,DM1200
REQ-202600264,Powai,Maintenance,Facility Issue,urgent,2026-09-16 10:25,2026-09-17 12:46,completed,,DM1003
REQ-202600674,Navi Mumbai,Maintenance,Equipment Repair,critical,2026-09-16 10:36,2026-09-16 12:20,completed,7100.0,DM1086
REQ-202601135,Mumbai Central,Store Operations,Shelf Replenishment,medium,2026-09-16 11:50,2026-09-16 16:25,completed,,DM1025
REQ-202600455,Thane,Maintenance,Equipment Repair,medium,2026-09-16 12:02,2026-09-17 10:02,completed,12120.0,DM1100
REQ-202600667,Thane,Maintenance,Refrigeration Fault,medium,2026-09-16 12:05,2026-09-16 15:33,completed,,DM1112
REQ-202601021,Andheri,Merchandising,Promotion Setup,low,2026-09-16 12:21,2026-09-17 09:40,completed,,DM1090
REQ-202602422,Mumbai Central,Maintenance,Equipment Repair,medium,2026-09-16 12:31,2026-09-17 09:02,completed,6340.0,DM1133
REQ-202601421,Andheri,IT Support,POS Issue,medium,2026-09-16 12:52,2026-09-17 10:06,completed,,DM1209
REQ-202600273,Mumbai Central,IT Support,Network Issue,medium,2026-09-16 13:21,2026-09-16 16:41,completed,,DM1171
REQ-202600659,Thane,Finance,Purchase Request,low,2026-09-16 13:25,2026-09-17 15:05,completed,8000.0,DM1105
REQ-202600008,Mumbai Central,IT Support,Network Issue,high,2026-09-16 13:29,2026-09-16 14:08,completed,,DM1050
REQ-202600671,Navi Mumbai,Store Operations,Stock Transfer,low,2026-09-16 13:52,2026-09-18 12:52,completed,13480.0,DM1068
REQ-202602334,Thane,Finance,Vendor Payment Query,medium,2026-09-16 14:17,2026-09-17 08:06,completed,,DM1190
REQ-202600281,Mumbai Central,Store Operations,Stock Transfer,medium,2026-09-16 14:32,,cancelled,33030.0,DM1209
REQ-202602597,Andheri,Merchandising,Price Change,low,2026-09-16 14:35,,in_progress,,DM1059
REQ-202602825,Powai,Store Operations,Shelf Replenishment,high,2026-09-16 14:48,2026-09-16 16:53,completed,,DM1193
REQ-202602887,Andheri,HR,Leave Query,low,2026-09-16 14:56,2026-09-19 12:50,completed,,DM1010
REQ-202601548,Thane,Merchandising,Planogram Update,low,2026-09-16 15:23,2026-09-18 12:43,completed,,DM1121
REQ-202602117,Navi Mumbai,Maintenance,Facility Issue,low,2026-09-16 15:28,2026-09-17 15:19,completed,,DM1032
REQ-202601971,Mumbai Central,Maintenance,Refrigeration Fault,low,2026-09-16 15:39,2026-09-19 12:12,completed,,DM1118
REQ-202601422,Mumbai Central,Merchandising,Planogram Update,medium,2026-09-16 15:51,,open,,DM1236
REQ-202600393,Andheri,IT Support,Network Issue,medium,2026-09-16 16:27,2026-09-17 09:41,completed,,DM1161
REQ-202601595,Mumbai Central,IT Support,POS Issue,low,2026-09-16 16:27,2026-09-22 08:36,completed,,DM1050
REQ-202600178,Navi Mumbai,IT Support,Access Request,low,2026-09-16 20:28,2026-09-18 10:34,completed,,DM1047
REQ-202602758,Thane,Finance,Purchase Request,critical,2026-09-16 20:39,,open,25160.0,DM1223
REQ-202601916,Thane,IT Support,POS Issue,medium,2026-09-16 21:30,2026-09-17 11:54,completed,,DM1093
REQ-202601424,Mumbai Central,HR,Payroll Query,medium,2026-09-16 21:36,,cancelled,,DM1195
REQ-202601221,Navi Mumbai,Finance,Petty Cash Claim,high,2026-09-17 06:11,,open,5380.0,DM1074
REQ-202600962,Powai,Store Operations,Shelf Replenishment,medium,2026-09-17 06:32,2026-09-17 09:55,completed,,DM1007
REQ-202601166,Andheri,Finance,Vendor Payment Query,medium,2026-09-17 07:17,2026-09-17 10:20,completed,,DM1045
REQ-202603130,Powai,IT Support,Access Request,high,2026-09-17 07:22,2026-09-17 09:46,completed,,DM1008
REQ-202600723,Powai,Merchandising,Price Change,urgent,2026-09-17 07:35,2026-09-17 08:53,completed,,DM1138
REQ-202603121,Thane,Finance,Vendor Payment Query,medium,2026-09-17 07:43,2026-09-17 13:14,completed,,DM1071
REQ-202602640,Navi Mumbai,Finance,Petty Cash Claim,medium,2026-09-17 09:18,2026-09-17 14:40,completed,6930.0,DM1065
REQ-202600339,Mumbai Central,Store Operations,Shelf Replenishment,high,2026-09-17 09:37,2026-09-17 12:58,completed,,DM1238
REQ-202601703,Thane,Store Operations,Stock Transfer,medium,2026-09-17 09:54,2026-09-18 13:15,completed,11620.0,DM1050
REQ-202602688,Andheri,Finance,Vendor Payment Query,medium,2026-09-17 09:59,2026-09-17 15:17,completed,,DM1080
REQ-202602450,Navi Mumbai,Store Operations,Stock Transfer,medium,2026-09-17 10:12,2026-09-18 10:52,completed,18320.0,DM1081
REQ-202602089,Powai,IT Support,POS Issue,high,2026-09-17 10:17,2026-09-17 12:16,completed,,DM1211
REQ-202601499,Mumbai Central,Store Operations,Shelf Replenishment,low,2026-09-17 10:26,2026-09-21 15:42,completed,,DM1113
REQ-202600228,Thane,HR,Leave Query,medium,2026-09-17 10:56,2026-09-17 15:04,completed,,DM1111
REQ-202603110,Mumbai Central,Maintenance,Facility Issue,medium,2026-09-17 11:02,2026-09-17 14:29,completed,,DM1029
REQ-202602697,Andheri,IT Support,POS Issue,medium,2026-09-17 11:04,2026-09-18 12:45,completed,,DM1179
REQ-202602788,Andheri,Store Operations,Customer Complaint,medium,2026-09-17 11:31,2026-09-18 09:28,completed,,DM1056
REQ-202600187,Thane,Store Operations,Customer Complaint,medium,2026-09-17 11:34,2026-09-17 13:21,completed,,DM1218
REQ-202601751,Powai,IT Support,Network Issue,medium,2026-09-17 11:55,2026-09-17 15:09,completed,,DM1224
REQ-202602572,Thane,Finance,Vendor Payment Query,high,2026-09-17 12:12,2026-09-17 14:21,completed,,DM1046
REQ-202600225,Navi Mumbai,Store Operations,Customer Complaint,critical,2026-09-17 12:31,2026-09-17 13:37,completed,,DM1234
REQ-202600951,Thane,Store Operations,Customer Complaint,high,2026-09-17 13:09,2026-09-17 15:46,completed,,DM1037
REQ-202601620,Andheri,Merchandising,Price Change,critical,2026-09-17 13:21,2026-09-17 14:13,completed,,DM1162
REQ-202602424,Navi Mumbai,Store Operations,Customer Complaint,medium,2026-09-17 13:34,2026-09-18 14:38,completed,,DM1114
REQ-202600975,Powai,HR,Onboarding,medium,2026-09-17 14:06,2026-09-17 15:36,completed,,DM1142
REQ-202601027,Powai,HR,Leave Query,high,2026-09-17 14:21,2026-09-17 16:22,completed,,DM1023
REQ-202602995,Powai,Finance,Petty Cash Claim,medium,2026-09-17 14:37,2026-09-18 10:58,completed,4590.0,DM1184
REQ-202600980,Mumbai Central,Store Operations,Stock Transfer,medium,2026-09-17 14:44,2026-09-18 14:28,completed,9780.0,DM1010
REQ-202601989,Andheri,IT Support,Network Issue,low,2026-09-17 15:20,2026-09-21 16:07,completed,,DM1233
REQ-202600205,Powai,Finance,Petty Cash Claim,medium,2026-09-17 16:08,2026-09-18 12:32,completed,122119.0,DM1180
REQ-202601827,Andheri,Merchandising,Planogram Update,low,2026-09-17 16:35,2026-09-19 09:44,completed,,DM1170
REQ-202601756,Andheri,IT Support,Network Issue,medium,2026-09-17 16:36,2026-09-18 10:12,completed,,DM1029
REQ-202602125,Powai,Maintenance,Facility Issue,low,2026-09-17 18:15,,in_progress,,DM1091
REQ-202601264,Mumbai Central,Store Operations,Stock Transfer,low,2026-09-17 19:18,2026-09-19 15:09,completed,8360.0,DM1174
REQ-202600295,Navi Mumbai,Merchandising,Price Change,low,2026-09-18 06:33,2026-09-21 09:39,completed,,DM1059
REQ-202603158,Mumbai Central,Store Operations,Shelf Replenishment,low,2026-09-18 06:48,2026-09-21 11:01,completed,,DM1237
REQ-202600835,Thane,Store Operations,Customer Complaint,low,2026-09-18 07:02,2026-09-19 15:22,completed,,DM1171
REQ-202600551,Andheri,IT Support,Network Issue,low,2026-09-18 07:17,,cancelled,,DM1115
REQ-202600755,Mumbai Central,Store Operations,Stock Transfer,high,2026-09-18 07:34,,open,3210.0,DM1075
REQ-202602708,Andheri,Store Operations,Customer Complaint,low,2026-09-18 07:36,2026-09-19 10:05,completed,,DM1107
REQ-202600438,Navi Mumbai,Store Operations,Stock Transfer,low,2026-09-18 07:37,2026-09-21 15:15,completed,15500.0,DM1014
REQ-202600607,Powai,Maintenance,Refrigeration Fault,medium,2026-09-18 08:40,2026-09-18 16:17,completed,,DM1145
REQ-202601808,Powai,Maintenance,Equipment Repair,critical,2026-09-18 08:43,,in_progress,45010.0,DM1089
REQ-202600146,Mumbai Central,Merchandising,Planogram Update,medium,2026-09-18 08:51,2026-09-18 12:09,completed,,DM1225
REQ-202602132,Powai,Store Operations,Shelf Replenishment,low,2026-09-18 08:58,2026-09-21 15:38,completed,,DM1143
REQ-202601915,Powai,IT Support,POS Issue,critical,2026-09-18 09:15,,in_progress,,DM1121
REQ-202600616,Powai,Store Operations,Stock Transfer,high,2026-09-18 09:45,2026-09-18 11:17,completed,33680.0,DM1239
REQ-202602473,Thane,Maintenance,Facility Issue,medium,2026-09-18 10:24,2026-09-18 15:59,completed,,DM1035
REQ-202600195,Navi Mumbai,Maintenance,Facility Issue,critical,2026-09-18 10:50,2026-09-18 11:47,completed,,DM1213
REQ-202601090,Andheri,Maintenance,Refrigeration Fault,low,2026-09-18 11:18,,cancelled,,DM1034
REQ-202601898,Mumbai Central,Store Operations,Stock Transfer,medium,2026-09-18 11:40,2026-09-18 14:52,completed,43800.0,DM1182
REQ-202602168,Mumbai Central,IT Support,Network Issue,low,2026-09-18 11:59,2026-09-19 14:41,completed,,DM1140
REQ-202602471,Mumbai Central,Merchandising,Planogram Update,high,2026-09-18 12:03,2026-09-18 15:05,completed,,DM1082
REQ-202600974,Andheri,Maintenance,Equipment Repair,low,2026-09-18 12:06,2026-09-19 08:28,completed,49890.0,DM1108
REQ-202603161,Navi Mumbai,Finance,Purchase Request,medium,2026-09-18 12:08,2026-09-18 14:42,completed,6370.0,DM1211
REQ-202600111,Thane,HR,Payroll Query,high,2026-09-18 12:14,2026-09-18 16:38,completed,,DM1011
REQ-202601752,Andheri,IT Support,Network Issue,high,2026-09-18 12:25,2026-09-18 14:33,completed,,DM1051
REQ-202601900,Powai,Store Operations,Customer Complaint,high,2026-09-18 12:42,,in_progress,,DM1184
REQ-202600433,Andheri,HR,Payroll Query,low,2026-09-18 12:47,,cancelled,,DM1092
REQ-202600304,Navi Mumbai,IT Support,POS Issue,high,2026-09-18 13:29,2026-09-18 16:37,completed,,DM1059
REQ-202602218,Thane,Store Operations,Stock Transfer,low,2026-09-18 13:35,2026-09-21 08:27,completed,4990.0,DM1228
REQ-202602220,Navi Mumbai,Maintenance,Refrigeration Fault,medium,2026-09-18 13:39,,in_progress,,DM1166
REQ-202601063,Navi Mumbai,Store Operations,Customer Complaint,medium,2026-09-18 13:51,2026-09-19 09:06,completed,,DM1041
REQ-202601821,Mumbai Central,IT Support,Access Request,medium,2026-09-18 14:19,2026-09-19 09:16,completed,,DM1154
REQ-202602158,Powai,Merchandising,Promotion Setup,high,2026-09-18 14:19,2026-09-19 08:46,completed,,DM1209
REQ-202602882,Navi Mumbai,Store Operations,Shelf Replenishment,medium,2026-09-18 14:30,,open,,DM1240
REQ-202603140,Thane,Store Operations,Shelf Replenishment,medium,2026-09-18 14:54,,cancelled,,DM1183
REQ-202603115,Navi Mumbai,Maintenance,Equipment Repair,low,2026-09-18 15:03,2026-09-21 15:38,completed,42260.0,DM1100
REQ-202602062,Powai,Maintenance,Equipment Repair,high,2026-09-18 15:21,2026-09-19 09:59,completed,18830.0,DM1090
REQ-202601313,Powai,Maintenance,Refrigeration Fault,high,2026-09-18 15:49,2026-09-19 10:32,completed,,DM1220
REQ-202601084,Thane,Finance,Vendor Payment Query,medium,2026-09-18 16:17,2026-09-19 09:00,completed,,DM1217
REQ-202601283,Mumbai Central,Store Operations,Customer Complaint,medium,2026-09-18 16:20,2026-09-19 11:09,completed,,DM1240
REQ-202603119,Thane,Merchandising,Price Change,medium,2026-09-18 16:25,2026-09-21 11:01,completed,,DM1039
REQ-202602272,Mumbai Central,Finance,Petty Cash Claim,medium,2026-09-18 16:51,2026-09-19 14:51,completed,134390.0,DM1009
REQ-202602077,Andheri,Store Operations,Shelf Replenishment,medium,2026-09-18 16:59,2026-09-19 14:48,completed,,DM1097
REQ-202601081,Powai,Store Operations,Stock Transfer,medium,2026-09-18 17:14,2026-09-19 15:21,completed,21430.0,DM1067
REQ-202600399,Navi Mumbai,Finance,Vendor Payment Query,medium,2026-09-18 17:50,2026-09-19 11:16,completed,,DM1009
REQ-202600770,Thane,Merchandising,Price Change,medium,2026-09-18 19:23,2026-09-19 15:46,completed,,DM1091
REQ-202602051,Thane,IT Support,Access Request,low,2026-09-18 20:45,,open,,DM1238
REQ-202600921,Thane,IT Support,Network Issue,medium,2026-09-19 06:38,,open,,DM1179
REQ-202600397,Andheri,IT Support,POS Issue,low,2026-09-19 09:08,2026-09-21 09:08,completed,,DM1144
REQ-202602416,Powai,Finance,Petty Cash Claim,medium,2026-09-19 09:22,2026-09-19 16:20,completed,446055.0,DM1155
REQ-202600761,Powai,HR,Leave Query,low,2026-09-19 10:36,,cancelled,,DM1124
REQ-202602318,Andheri,Store Operations,Stock Transfer,low,2026-09-19 10:37,2026-09-22 11:25,completed,26130.0,DM1180
REQ-202600112,Mumbai Central,Maintenance,Equipment Repair,high,2026-09-19 10:47,2026-09-19 13:08,completed,23600.0,DM1178
REQ-202600973,Powai,Store Operations,Shelf Replenishment,medium,2026-09-19 11:29,2026-09-19 14:37,completed,,DM1088
REQ-202601389,Andheri,Store Operations,Shelf Replenishment,high,2026-09-19 12:25,2026-09-19 14:41,completed,,DM1151
REQ-202601671,Navi Mumbai,Store Operations,Shelf Replenishment,medium,2026-09-19 12:27,2026-09-21 10:18,completed,,DM1227
REQ-202601628,Navi Mumbai,HR,Payroll Query,low,2026-09-19 12:43,2026-09-21 10:12,completed,,DM1040
REQ-202602814,Thane,Merchandising,Price Change,high,2026-09-19 12:50,2026-09-19 14:04,completed,,DM1037
REQ-202600864,Mumbai Central,Maintenance,Facility Issue,low,2026-09-19 13:48,2026-09-23 08:06,completed,,DM1195
REQ-202600131,Powai,Store Operations,Shelf Replenishment,low,2026-09-19 14:27,2026-09-22 11:46,completed,,DM1073
REQ-202601248,Powai,IT Support,Access Request,high,2026-09-19 14:36,,open,,DM1058
REQ-202600658,Mumbai Central,Store Operations,Shelf Replenishment,medium,2026-09-19 14:37,2026-09-21 14:29,completed,,DM1119
REQ-202602509,Andheri,Merchandising,Promotion Setup,low,2026-09-19 14:40,,in_progress,,DM1233
REQ-202602209,Thane,IT Support,Network Issue,medium,2026-09-19 15:07,2026-09-21 09:32,completed,,DM1133
REQ-202601795,Thane,IT Support,POS Issue,medium,2026-09-19 15:13,2026-09-21 10:33,completed,,DM1168
REQ-202600130,Mumbai Central,Finance,Purchase Request,low,2026-09-19 15:24,2026-09-22 09:53,completed,85980.0,DM1072
REQ-202600569,Andheri,Maintenance,Equipment Repair,medium,2026-09-19 15:24,2026-09-21 13:11,completed,7960.0,DM1003
REQ-202600918,Mumbai Central,IT Support,Network Issue,high,2026-09-19 15:37,,in_progress,,DM1129
REQ-202601773,Andheri,Merchandising,Planogram Update,medium,2026-09-19 16:13,,in_progress,,DM1087
REQ-202602535,Andheri,Maintenance,Refrigeration Fault,medium,2026-09-19 16:40,2026-09-21 14:12,completed,,DM1044
REQ-202601052,Thane,Finance,Purchase Request,low,2026-09-19 16:54,,in_progress,60300.0,DM1077
REQ-202601723,Mumbai Central,Store Operations,Stock Transfer,high,2026-09-19 19:13,2026-09-21 11:05,completed,8080.0,DM1077
REQ-202601784,Thane,Store Operations,Stock Transfer,medium,2026-09-19 21:56,2026-09-21 12:25,completed,11770.0,DM1018
REQ-202600498,Thane,HR,Payroll Query,low,2026-09-20 06:13,2026-09-22 10:54,completed,,DM1144
REQ-202601497,Powai,Finance,Purchase Request,high,2026-09-20 06:19,2026-09-21 10:47,completed,40360.0,DM1212
REQ-202600267,Powai,Merchandising,Promotion Setup,high,2026-09-20 07:38,2026-09-21 14:17,completed,,DM1164
REQ-202600591,Mumbai Central,Store Operations,Stock Transfer,low,2026-09-20 07:48,,cancelled,10830.0,DM1009
REQ-202601360,Navi Mumbai,Merchandising,Planogram Update,medium,2026-09-20 08:19,2026-09-21 12:45,completed,,DM1159
REQ-202601555,Andheri,IT Support,POS Issue,medium,2026-09-20 08:27,2026-09-21 13:42,completed,,DM1038
REQ-202602017,Andheri,Store Operations,Shelf Replenishment,medium,2026-09-20 09:29,2026-09-22 13:48,completed,,DM1104
REQ-202602612,Powai,HR,Leave Query,low,2026-09-20 10:32,2026-09-23 16:12,completed,,DM1135
REQ-202600166,Thane,Store Operations,Shelf Replenishment,medium,2026-09-20 10:51,2026-09-21 14:33,completed,,DM1232
REQ-202602662,Andheri,Store Operations,Stock Transfer,medium,2026-09-20 11:13,2026-09-21 13:42,completed,90980.0,DM1061
REQ-202600873,Mumbai Central,Merchandising,Price Change,medium,2026-09-20 11:37,2026-09-21 11:03,completed,,DM1108
REQ-202601847,Mumbai Central,Merchandising,Planogram Update,medium,2026-09-20 12:03,,in_progress,,DM1144
REQ-202600192,Andheri,Store Operations,Shelf Replenishment,medium,2026-09-20 12:08,2026-09-21 12:15,completed,,DM1175
REQ-202600170,Powai,Store Operations,Shelf Replenishment,low,2026-09-20 12:12,2026-09-22 12:11,completed,,DM1140
REQ-202602678,Powai,Merchandising,Price Change,medium,2026-09-20 12:22,2026-09-21 11:29,completed,,DM1153
REQ-202601775,Powai,Maintenance,Refrigeration Fault,low,2026-09-20 12:39,2026-09-22 14:47,completed,,DM1176
REQ-202600227,Mumbai Central,Store Operations,Shelf Replenishment,medium,2026-09-20 13:25,2026-09-21 12:48,completed,,DM1121
REQ-202602041,Mumbai Central,Finance,Purchase Request,high,2026-09-20 13:30,2026-09-21 10:00,completed,41950.0,DM1229
REQ-202603079,Thane,Finance,Petty Cash Claim,medium,2026-09-20 13:42,,in_progress,31350.0,DM1089
REQ-202603099,Mumbai Central,Store Operations,Stock Transfer,medium,2026-09-20 15:04,2026-09-21 13:33,completed,75500.0,DM1006
REQ-202601757,Powai,Store Operations,Customer Complaint,medium,2026-09-20 15:21,2026-09-21 11:35,completed,,DM1234
REQ-202601192,Navi Mumbai,IT Support,Network Issue,high,2026-09-20 15:32,,in_progress,,DM1001
REQ-202602766,Navi Mumbai,Store Operations,Customer Complaint,medium,2026-09-20 15:34,2026-09-21 11:29,completed,,DM1155
REQ-202601147,Andheri,IT Support,Network Issue,low,2026-09-20 15:36,,in_progress,,DM1238
REQ-202600656,Powai,Merchandising,Planogram Update,medium,2026-09-20 15:54,2026-09-21 10:04,completed,,DM1098
REQ-202600996,Powai,IT Support,Access Request,medium,2026-09-20 16:09,2026-09-21 15:08,completed,,DM1164
REQ-202600541,Powai,Merchandising,Planogram Update,low,2026-09-20 16:56,,in_progress,,DM1234
REQ-202602440,Navi Mumbai,Merchandising,Planogram Update,high,2026-09-20 17:24,,open,,DM1151
REQ-202601498,Navi Mumbai,IT Support,Access Request,high,2026-09-20 19:24,2026-09-21 10:39,completed,,DM1070
REQ-202602517,Andheri,Merchandising,Planogram Update,medium,2026-09-20 20:05,2026-09-22 12:17,completed,,DM1045
REQ-202602459,Navi Mumbai,Store Operations,Shelf Replenishment,high,2026-09-20 20:08,2026-09-21 11:23,completed,,DM1230
REQ-202602006,Powai,Store Operations,Customer Complaint,critical,2026-09-20 20:19,2026-09-21 12:51,completed,,DM1138
REQ-202602956,Navi Mumbai,HR,Payroll Query,medium,2026-09-20 20:31,2026-09-21 14:49,completed,,DM1058
REQ-202600942,Thane,Merchandising,Price Change,low,2026-09-20 20:57,,open,,DM1081
REQ-202602344,Navi Mumbai,Finance,Petty Cash Claim,low,2026-09-20 21:31,2026-09-24 09:26,completed,18180.0,DM1187
REQ-202601610,Thane,IT Support,Access Request,low,2026-09-21 07:11,2026-09-22 14:52,completed,,DM1119
REQ-202601167,Mumbai Central,Store Operations,Customer Complaint,low,2026-09-21 07:22,2026-09-23 15:16,completed,,DM1050
REQ-202600696,Mumbai Central,Store Operations,Shelf Replenishment,medium,2026-09-21 07:57,2026-09-21 12:22,completed,,DM1214
REQ-202602452,Powai,IT Support,POS Issue,low,2026-09-21 08:18,2026-09-23 09:18,completed,,DM1222
REQ-202601931,Navi Mumbai,Finance,Vendor Payment Query,high,2026-09-21 08:22,2026-09-21 10:11,completed,,DM1009
REQ-202601637,Andheri,Merchandising,Promotion Setup,medium,2026-09-21 08:48,,in_progress,,DM1116
REQ-202602115,Thane,IT Support,Network Issue,medium,2026-09-21 08:51,2026-09-21 14:46,completed,,DM1064
REQ-202600634,Thane,Finance,Purchase Request,critical,2026-09-21 09:25,2026-09-21 10:20,completed,4290.0,DM1176
REQ-202600632,Thane,HR,Onboarding,medium,2026-09-21 10:07,,in_progress,,DM1202
REQ-202600502,Mumbai Central,HR,Leave Query,medium,2026-09-21 10:27,2026-09-21 16:42,completed,,DM1204
REQ-202601127,Powai,Store Operations,Customer Complaint,low,2026-09-21 10:36,2026-09-24 10:04,completed,,DM1149
REQ-202600801,Andheri,Store Operations,Stock Transfer,medium,2026-09-21 11:12,2026-09-21 16:18,completed,55680.0,DM1131
REQ-202601096,Mumbai Central,Maintenance,Refrigeration Fault,critical,2026-09-21 11:12,2026-09-21 12:24,completed,,DM1205
REQ-202601409,Powai,Store Operations,Stock Transfer,high,2026-09-21 11:14,2026-09-21 13:45,completed,13090.0,DM1141
REQ-202600743,Mumbai Central,Store Operations,Shelf Replenishment,low,2026-09-21 11:38,2026-09-23 09:44,completed,,DM1068
REQ-202601349,Mumbai Central,Merchandising,Price Change,medium,2026-09-21 11:49,2026-09-21 14:05,completed,,DM1099
REQ-202601618,Powai,Store Operations,Stock Transfer,high,2026-09-21 12:08,2026-09-22 09:20,completed,22070.0,DM1004
REQ-202600749,Navi Mumbai,Maintenance,Equipment Repair,high,2026-09-21 12:11,2026-09-21 16:31,completed,19010.0,DM1191
REQ-202602559,Andheri,IT Support,Access Request,low,2026-09-21 12:31,2026-09-23 10:01,completed,,DM1203
REQ-202601137,Andheri,Maintenance,Refrigeration Fault,medium,2026-09-21 13:03,2026-09-21 15:58,completed,,DM1075
REQ-202602992,Thane,Maintenance,Facility Issue,low,2026-09-21 13:17,2026-09-22 14:24,completed,,DM1229
REQ-202602340,Mumbai Central,Merchandising,Promotion Setup,high,2026-09-21 13:33,2026-09-21 14:35,completed,,DM1211
REQ-202600002,Thane,HR,Payroll Query,medium,2026-09-21 13:34,2026-09-22 11:52,completed,,DM1045
REQ-202601839,Powai,IT Support,POS Issue,medium,2026-09-21 13:47,,open,,DM1191
REQ-202600377,Mumbai Central,Store Operations,Shelf Replenishment,medium,2026-09-21 13:57,2026-09-22 09:58,completed,,DM1188
REQ-202602175,Navi Mumbai,Store Operations,Shelf Replenishment,high,2026-09-21 14:25,2026-09-22 11:33,completed,,DM1206
REQ-202600416,Thane,IT Support,Network Issue,high,2026-09-21 14:46,2026-09-22 09:37,completed,,DM1119
REQ-202602181,Powai,Store Operations,Stock Transfer,low,2026-09-21 14:51,2026-09-23 11:41,completed,9090.0,DM1069
REQ-202600390,Navi Mumbai,IT Support,POS Issue,medium,2026-09-21 15:05,2026-09-22 10:15,completed,,DM1120
REQ-202602303,Mumbai Central,Store Operations,Shelf Replenishment,high,2026-09-21 15:13,2026-09-22 08:36,completed,,DM1205
REQ-202600154,Navi Mumbai,HR,Payroll Query,medium,2026-09-21 15:38,,open,,DM1045
REQ-202602197,Mumbai Central,Store Operations,Shelf Replenishment,critical,2026-09-21 16:06,2026-09-22 08:22,completed,,DM1060
REQ-202602860,Navi Mumbai,Finance,Vendor Payment Query,medium,2026-09-21 16:22,2026-09-22 14:52,completed,,DM1009
REQ-202602241,Navi Mumbai,IT Support,Access Request,high,2026-09-21 17:02,2026-09-22 13:22,completed,,DM1204
REQ-202600375,Thane,IT Support,POS Issue,high,2026-09-21 19:03,,open,,DM1228
REQ-202601626,Thane,Store Operations,Shelf Replenishment,high,2026-09-22 06:39,2026-09-22 11:32,completed,,DM1169
REQ-202602261,Mumbai Central,Maintenance,Equipment Repair,critical,2026-09-22 07:41,,in_progress,66800.0,DM1008
REQ-202601109,Andheri,Finance,Petty Cash Claim,high,2026-09-22 07:48,2026-09-22 10:11,completed,34050.0,DM1017
REQ-202601831,Thane,Store Operations,Shelf Replenishment,critical,2026-09-22 08:01,2026-09-22 09:25,completed,,DM1134
REQ-202600947,Navi Mumbai,Maintenance,Facility Issue,low,2026-09-22 08:06,2026-09-22 13:52,completed,,DM1135
REQ-202600234,Mumbai Central,IT Support,Access Request,low,2026-09-22 08:40,2026-09-25 10:29,completed,,DM1133
REQ-202600792,Andheri,Merchandising,Planogram Update,medium,2026-09-22 08:42,2026-09-23 08:46,completed,,DM1108
REQ-202600510,Navi Mumbai,Store Operations,Stock Transfer,low,2026-09-22 08:49,2026-09-23 14:13,completed,13050.0,DM1222
REQ-202601456,Mumbai Central,Finance,Petty Cash Claim,medium,2026-09-22 09:29,2026-09-23 08:13,completed,8340.0,DM1157
REQ-202603137,Mumbai Central,Store Operations,Customer Complaint,high,2026-09-22 09:49,2026-09-22 12:53,completed,,DM1052
REQ-202601440,Powai,Merchandising,Promotion Setup,medium,2026-09-22 09:56,2026-09-22 14:46,completed,,DM1014
REQ-202602874,Thane,Store Operations,Stock Transfer,low,2026-09-22 10:29,2026-09-24 15:01,completed,17270.0,DM1004
REQ-202600708,Andheri,Maintenance,Equipment Repair,high,2026-09-22 10:34,2026-09-22 12:42,completed,3260.0,DM1191
REQ-202602842,Thane,Store Operations,Shelf Replenishment,low,2026-09-22 10:44,2026-09-23 12:38,completed,,DM1143
REQ-202601487,Powai,Merchandising,Price Change,low,2026-09-22 10:48,2026-09-23 15:36,completed,,DM1146
REQ-202601387,Mumbai Central,Store Operations,Stock Transfer,medium,2026-09-22 11:01,,open,20310.0,DM1201
REQ-202602779,Mumbai Central,Maintenance,Equipment Repair,medium,2026-09-22 11:02,2026-09-22 15:50,completed,17590.0,DM1050
REQ-202601361,Andheri,HR,Leave Query,low,2026-09-22 11:03,2026-09-23 14:32,completed,,DM1103
REQ-202602920,Powai,Finance,Vendor Payment Query,medium,2026-09-22 11:06,2026-09-22 15:56,completed,,DM1006
REQ-202601945,Andheri,Finance,Purchase Request,critical,2026-09-22 12:46,2026-09-22 14:04,completed,3370.0,DM1196
REQ-202600830,Thane,Store Operations,Stock Transfer,medium,2026-09-22 12:54,2026-09-22 16:20,completed,11410.0,DM1088
REQ-202601180,Thane,Maintenance,Equipment Repair,medium,2026-09-22 14:00,2026-09-23 11:33,completed,24960.0,DM1140
REQ-202601592,Powai,Merchandising,Promotion Setup,critical,2026-09-22 14:02,2026-09-22 14:52,completed,,DM1152
REQ-202602370,Thane,Store Operations,Shelf Replenishment,medium,2026-09-22 14:22,2026-09-23 11:34,completed,,DM1141
REQ-202602116,Thane,Store Operations,Stock Transfer,medium,2026-09-22 14:42,2026-09-23 15:39,completed,7950.0,DM1183
REQ-202601799,Andheri,Store Operations,Shelf Replenishment,medium,2026-09-22 14:45,2026-09-23 11:56,completed,,DM1099
REQ-202601212,Mumbai Central,Merchandising,Price Change,medium,2026-09-22 14:52,2026-09-23 13:32,completed,,DM1093
REQ-202601223,Navi Mumbai,Finance,Petty Cash Claim,low,2026-09-22 15:02,2026-09-25 08:16,completed,11110.0,DM1032
REQ-202600694,Thane,Finance,Petty Cash Claim,medium,2026-09-22 15:15,,open,37640.0,DM1224
REQ-202603168,Thane,Store Operations,Shelf Replenishment,medium,2026-09-22 15:21,2026-09-23 09:16,completed,,DM1127
REQ-202601378,Andheri,Merchandising,Promotion Setup,high,2026-09-22 15:34,,cancelled,,DM1025
REQ-202601234,Mumbai Central,Store Operations,Shelf Replenishment,medium,2026-09-22 16:05,2026-09-23 12:57,completed,,DM1149
REQ-202601351,Navi Mumbai,HR,Leave Query,medium,2026-09-22 16:43,2026-09-23 12:38,completed,,DM1076
REQ-202600519,Powai,IT Support,Network Issue,low,2026-09-22 16:58,2026-09-24 12:14,completed,,DM1211
REQ-202602164,Mumbai Central,IT Support,Access Request,high,2026-09-22 18:08,2026-09-23 10:24,completed,,DM1223
REQ-202602258,Andheri,Maintenance,Facility Issue,medium,2026-09-22 21:14,2026-09-23 15:03,completed,,DM1235
REQ-202602523,Powai,Maintenance,Refrigeration Fault,medium,2026-09-23 06:01,2026-09-24 09:28,completed,,DM1217
REQ-202602360,Andheri,IT Support,POS Issue,medium,2026-09-23 07:30,,in_progress,,DM1200
REQ-202601843,Navi Mumbai,Store Operations,Customer Complaint,medium,2026-09-23 07:54,2026-09-23 11:57,completed,,DM1140
REQ-202600793,Mumbai Central,Store Operations,Customer Complaint,medium,2026-09-23 08:06,2026-09-23 10:54,completed,,DM1222
REQ-202602824,Andheri,Finance,Purchase Request,low,2026-09-23 08:17,2026-09-24 13:11,completed,24640.0,DM1229
REQ-202602226,Mumbai Central,Merchandising,Planogram Update,high,2026-09-23 08:27,2026-09-23 12:29,completed,,DM1027
REQ-202600631,Powai,IT Support,POS Issue,medium,2026-09-23 08:36,2026-09-24 13:51,completed,,DM1183
REQ-202601383,Andheri,Store Operations,Stock Transfer,medium,2026-09-23 09:10,,cancelled,82150.0,DM1030
REQ-202602783,Mumbai Central,Merchandising,Planogram Update,critical,2026-09-23 09:27,,open,,DM1175
REQ-202601907,Powai,HR,Leave Query,medium,2026-09-23 10:25,2026-09-23 14:24,completed,,DM1149
REQ-202600320,Mumbai Central,IT Support,POS Issue,high,2026-09-23 10:42,2026-09-23 12:24,completed,,DM1040
REQ-202600941,Thane,Finance,Purchase Request,medium,2026-09-23 10:50,2026-09-23 16:42,completed,12690.0,DM1081
REQ-202600856,Powai,Store Operations,Customer Complaint,low,2026-09-23 11:09,2026-09-26 11:36,completed,,DM1229
REQ-202602457,Andheri,IT Support,Network Issue,medium,2026-09-23 11:13,2026-09-23 16:56,completed,,DM1061
REQ-202601826,Andheri,Maintenance,Refrigeration Fault,low,2026-09-23 11:30,,open,,DM1081
REQ-202600458,Thane,Store Operations,Shelf Replenishment,high,2026-09-23 12:00,2026-09-23 16:12,completed,,DM1110
REQ-202600883,Powai,Merchandising,Promotion Setup,medium,2026-09-23 12:02,2026-09-25 08:23,completed,,DM1229
REQ-202601689,Andheri,Store Operations,Customer Complaint,medium,2026-09-23 12:09,2026-09-25 08:50,completed,,DM1189
REQ-202602797,Navi Mumbai,Store Operations,Stock Transfer,medium,2026-09-23 12:13,,cancelled,6640.0,DM1221
REQ-202600124,Mumbai Central,IT Support,Network Issue,high,2026-09-23 12:55,2026-09-23 15:03,completed,,DM1077
REQ-202602705,Andheri,Maintenance,Equipment Repair,medium,2026-09-23 13:23,,cancelled,32480.0,DM1128
REQ-202602990,Andheri,Store Operations,Stock Transfer,medium,2026-09-23 13:30,2026-09-23 16:46,completed,4790.0,DM1028
REQ-202602573,Andheri,Maintenance,Equipment Repair,critical,2026-09-23 14:09,2026-09-23 14:51,completed,14450.0,DM1195
REQ-202601746,Andheri,Store Operations,Stock Transfer,medium,2026-09-23 14:18,2026-09-24 14:52,completed,47400.0,DM1077
REQ-202602443,Andheri,Maintenance,Equipment Repair,high,2026-09-23 14:42,2026-09-23 16:12,completed,28220.0,DM1060
REQ-202602468,Andheri,Finance,Vendor Payment Query,low,2026-09-23 14:51,2026-09-24 11:21,completed,,DM1140
REQ-202600559,Thane,HR,Leave Query,medium,2026-09-23 14:53,2026-09-24 12:47,completed,,DM1157
REQ-202603100,Andheri,IT Support,Access Request,medium,2026-09-23 15:28,2026-09-24 11:48,completed,,DM1021
REQ-202603010,Powai,Store Operations,Shelf Replenishment,high,2026-09-23 15:30,2026-09-24 09:40,completed,,DM1211
REQ-202603163,Mumbai Central,HR,Payroll Query,low,2026-09-23 16:02,2026-09-25 11:47,completed,,DM1127
REQ-202602398,Powai,IT Support,POS Issue,medium,2026-09-23 16:03,,open,,DM1164
REQ-202602343,Andheri,Merchandising,Promotion Setup,medium,2026-09-23 16:12,2026-09-24 09:31,completed,,DM1013
REQ-202602295,Navi Mumbai,Merchandising,Promotion Setup,medium,2026-09-23 16:16,2026-09-24 15:04,completed,,DM1211
REQ-202600875,Navi Mumbai,HR,Payroll Query,low,2026-09-23 16:45,2026-09-25 13:45,completed,,DM1100
REQ-202601881,Navi Mumbai,Store Operations,Stock Transfer,medium,2026-09-23 17:54,2026-09-24 11:13,completed,28210.0,DM1007
REQ-202603154,Mumbai Central,Store Operations,Shelf Replenishment,critical,2026-09-23 18:37,,open,,DM1109
REQ-202600988,Navi Mumbai,IT Support,Network Issue,low,2026-09-23 19:07,,in_progress,,DM1067
REQ-202601062,Andheri,IT Support,Access Request,critical,2026-09-23 19:59,2026-09-24 09:22,completed,,DM1013
REQ-202600529,Powai,Merchandising,Planogram Update,medium,2026-09-23 20:11,2026-09-25 09:08,completed,,DM1180
REQ-202600406,Andheri,Store Operations,Stock Transfer,medium,2026-09-24 06:17,2026-09-24 12:39,completed,64430.0,DM1080
REQ-202601077,Andheri,Store Operations,Customer Complaint,medium,2026-09-24 07:52,2026-09-24 13:30,completed,,DM1071
REQ-202602009,Thane,Store Operations,Stock Transfer,medium,2026-09-24 08:02,2026-09-24 13:10,completed,8760.0,DM1161
REQ-202602958,Mumbai Central,HR,Leave Query,medium,2026-09-24 08:20,,in_progress,,DM1235
REQ-202601325,Thane,IT Support,POS Issue,medium,2026-09-24 08:36,,open,,DM1108
REQ-202600670,Andheri,HR,Leave Query,medium,2026-09-24 08:37,,cancelled,,DM1227
REQ-202601585,Mumbai Central,Merchandising,Planogram Update,high,2026-09-24 08:42,2026-09-24 11:36,completed,,DM1202
REQ-202601452,Powai,Maintenance,Refrigeration Fault,low,2026-09-24 10:00,2026-09-25 08:09,completed,,DM1116
REQ-202603144,Powai,Merchandising,Promotion Setup,medium,2026-09-24 10:01,2026-09-24 14:31,completed,,DM1021
REQ-202600576,Andheri,Store Operations,Shelf Replenishment,low,2026-09-24 10:29,2026-09-26 15:29,completed,,DM1231
REQ-202600641,Andheri,Store Operations,Customer Complaint,medium,2026-09-24 10:45,2026-09-24 13:00,completed,,DM1088
REQ-202601587,Mumbai Central,IT Support,Network Issue,low,2026-09-24 11:16,2026-10-03 10:36,completed,,DM1070
REQ-202600610,Navi Mumbai,Maintenance,Facility Issue,medium,2026-09-24 12:07,2026-09-24 16:38,completed,,DM1101
REQ-202600901,Thane,Store Operations,Customer Complaint,high,2026-09-24 12:07,2026-09-24 15:10,completed,,DM1077
REQ-202600608,Thane,IT Support,Network Issue,low,2026-09-24 12:28,2026-09-26 16:21,completed,,DM1094
REQ-202601407,Thane,Store Operations,Customer Complaint,medium,2026-09-24 12:44,2026-09-24 16:02,completed,,DM1039
REQ-202602724,Navi Mumbai,Maintenance,Refrigeration Fault,critical,2026-09-24 13:17,2026-09-24 15:31,completed,,DM1018
REQ-202602469,Andheri,Store Operations,Stock Transfer,medium,2026-09-24 13:24,2026-09-25 15:21,completed,18010.0,DM1024
REQ-202600729,Andheri,Merchandising,Price Change,high,2026-09-24 13:35,2026-09-25 08:05,completed,,DM1063
REQ-202602432,Navi Mumbai,Store Operations,Stock Transfer,low,2026-09-24 14:08,2026-09-26 09:07,completed,17490.0,DM1240
REQ-202602445,Navi Mumbai,HR,Onboarding,high,2026-09-24 14:33,2026-09-25 10:46,completed,,DM1123
REQ-202603043,Andheri,Maintenance,Facility Issue,critical,2026-09-24 14:40,2026-09-24 15:04,completed,,DM1207
REQ-202601549,Powai,Finance,Purchase Request,low,2026-09-24 15:07,2026-09-26 10:16,completed,66550.0,DM1202
REQ-202602914,Mumbai Central,Maintenance,Refrigeration Fault,medium,2026-09-24 15:44,2026-09-25 10:09,completed,,DM1120
REQ-202602057,Mumbai Central,Merchandising,Promotion Setup,medium,2026-09-24 16:26,2026-09-25 15:20,completed,,DM1071
REQ-202600652,Andheri,Finance,Purchase Request,low,2026-09-24 16:50,2026-09-26 15:42,completed,8330.0,DM1095
REQ-202600927,Mumbai Central,Store Operations,Stock Transfer,medium,2026-09-24 17:30,2026-09-25 14:35,completed,15720.0,DM1184
REQ-202602384,Andheri,Store Operations,Customer Complaint,medium,2026-09-24 17:40,2026-09-25 12:07,completed,,DM1142
REQ-202603155,Thane,Maintenance,Equipment Repair,critical,2026-09-24 18:11,,in_progress,6980.0,DM1011
REQ-202602998,Thane,Maintenance,Facility Issue,medium,2026-09-24 18:22,2026-09-25 11:36,completed,,DM1201
REQ-202601763,Andheri,Finance,Vendor Payment Query,medium,2026-09-24 18:41,2026-09-25 11:53,completed,,DM1106
REQ-202601136,Powai,Store Operations,Customer Complaint,low,2026-09-24 21:02,2026-09-26 12:00,completed,,DM1001
REQ-202601545,Thane,IT Support,POS Issue,high,2026-09-25 07:04,2026-09-25 11:16,completed,,DM1210
REQ-202601789,Thane,Merchandising,Price Change,medium,2026-09-25 07:12,2026-09-25 10:44,completed,,DM1127
REQ-202600849,Navi Mumbai,Store Operations,Stock Transfer,high,2026-09-25 07:45,2026-09-25 11:01,completed,6520.0,DM1186
REQ-202600640,Thane,Store Operations,Shelf Replenishment,medium,2026-09-25 08:58,2026-09-25 11:27,completed,,DM1100
REQ-202600073,Powai,Store Operations,Shelf Replenishment,critical,2026-09-25 09:01,2026-09-25 11:08,completed,,DM1022
REQ-202602562,Powai,IT Support,POS Issue,low,2026-09-25 09:25,2026-09-29 12:54,completed,,DM1139
REQ-202603070,Thane,IT Support,Access Request,high,2026-09-25 09:31,2026-09-25 14:16,completed,,DM1008
REQ-202600087,Thane,Store Operations,Stock Transfer,low,2026-09-25 09:49,2026-09-28 16:16,completed,8890.0,DM1230
REQ-202602008,Navi Mumbai,IT Support,Network Issue,low,2026-09-25 09:50,2026-09-28 10:11,completed,,DM1203
REQ-202601793,Mumbai Central,IT Support,POS Issue,medium,2026-09-25 10:45,2026-09-25 15:52,completed,,DM1097
REQ-202600330,Navi Mumbai,Store Operations,Stock Transfer,low,2026-09-25 10:55,2026-09-29 10:50,completed,56800.0,DM1114
REQ-202600220,Thane,Store Operations,Stock Transfer,medium,2026-09-25 11:26,2026-09-25 16:35,completed,48440.0,DM1096
REQ-202602704,Navi Mumbai,IT Support,Network Issue,high,2026-09-25 11:40,2026-09-25 14:20,completed,,DM1139
REQ-202600274,Mumbai Central,Store Operations,Stock Transfer,medium,2026-09-25 11:48,2026-09-26 09:31,completed,8030.0,DM1025
REQ-202603086,Thane,IT Support,Access Request,medium,2026-09-25 11:48,2026-09-26 09:53,completed,,DM1233
REQ-202603045,Thane,Store Operations,Shelf Replenishment,high,2026-09-25 12:34,2026-09-26 08:07,completed,,DM1005
REQ-202600638,Navi Mumbai,Store Operations,Stock Transfer,low,2026-09-25 12:40,,in_progress,54410.0,DM1212
REQ-202601651,Thane,Maintenance,Facility Issue,medium,2026-09-25 13:07,2026-09-26 08:30,completed,,DM1210
REQ-202600126,Powai,Maintenance,Refrigeration Fault,high,2026-09-25 13:11,2026-09-25 15:39,completed,,DM1172
REQ-202602028,Navi Mumbai,Store Operations,Customer Complaint,medium,2026-09-25 15:07,,in_progress,,DM1033
REQ-202601247,Thane,Store Operations,Customer Complaint,low,2026-09-25 15:13,2026-09-29 08:35,completed,,DM1232
REQ-202602776,Andheri,IT Support,Network Issue,high,2026-09-25 15:31,2026-09-26 08:39,completed,,DM1190
REQ-202602133,Mumbai Central,Store Operations,Stock Transfer,critical,2026-09-25 15:52,,open,25740.0,DM1122
REQ-202602135,Navi Mumbai,Store Operations,Stock Transfer,low,2026-09-25 15:53,2026-09-30 08:03,completed,76010.0,DM1144
REQ-202601927,Andheri,IT Support,Access Request,low,2026-09-25 16:08,2026-09-29 15:10,completed,,DM1207
REQ-202603065,Mumbai Central,Finance,Vendor Payment Query,critical,2026-09-25 16:24,2026-09-26 09:37,completed,,DM1126
REQ-202601427,Powai,HR,Payroll Query,medium,2026-09-25 16:46,2026-09-26 10:10,completed,,DM1051
REQ-202602037,Navi Mumbai,Store Operations,Shelf Replenishment,medium,2026-09-25 17:56,2026-09-28 13:06,completed,,DM1001
REQ-202601207,Thane,IT Support,Network Issue,medium,2026-09-25 20:48,2026-09-26 11:31,completed,,DM1186
REQ-202600448,Mumbai Central,Store Operations,Customer Complaint,high,2026-09-25 21:08,2026-09-26 10:37,completed,,DM1105
REQ-202602738,Navi Mumbai,Store Operations,Stock Transfer,medium,2026-09-26 06:04,2026-09-26 11:56,completed,66990.0,DM1082
REQ-202602339,Navi Mumbai,Maintenance,Equipment Repair,medium,2026-09-26 06:15,2026-09-26 15:50,completed,20500.0,DM1119
REQ-202600534,Andheri,Store Operations,Customer Complaint,high,2026-09-26 06:30,2026-09-26 10:19,completed,,DM1032
REQ-202600542,Thane,Merchandising,Promotion Setup,urgent,2026-09-26 08:06,,in_progress,,DM1088
REQ-202601086,Thane,Store Operations,Stock Transfer,high,2026-09-26 08:11,2026-09-26 09:21,completed,24870.0,DM1225
REQ-202601753,Navi Mumbai,Maintenance,Refrigeration Fault,low,2026-09-26 08:32,,open,,DM1214
REQ-202600742,Powai,Finance,Vendor Payment Query,critical,2026-09-26 09:26,2026-09-26 10:16,completed,,DM1222
REQ-202601326,Mumbai Central,HR,Payroll Query,medium,2026-09-26 09:35,2026-09-26 12:09,completed,,DM1224
REQ-202601594,Thane,HR,Onboarding,low,2026-09-26 10:00,,open,,DM1138
REQ-202600324,Thane,Maintenance,Refrigeration Fault,medium,2026-09-26 10:19,2026-09-26 14:28,completed,,DM1017
REQ-202600363,Powai,Maintenance,Refrigeration Fault,medium,2026-09-26 10:29,2026-09-28 08:28,completed,,DM1068
REQ-202601210,Thane,Store Operations,Shelf Replenishment,medium,2026-09-26 11:13,2026-09-26 16:06,completed,,DM1176
REQ-202601023,Thane,Merchandising,Planogram Update,low,2026-09-26 11:42,2026-09-29 11:56,completed,,DM1012
REQ-202600278,Powai,Store Operations,Shelf Replenishment,medium,2026-09-26 12:33,2026-09-28 10:01,completed,,DM1215
REQ-202603067,Powai,Store Operations,Customer Complaint,low,2026-09-26 12:38,2026-09-28 14:33,completed,,DM1166
REQ-202601966,Thane,Store Operations,Shelf Replenishment,high,2026-09-26 12:48,2026-09-26 13:55,completed,,DM1078
REQ-202601420,Powai,Maintenance,Equipment Repair,medium,2026-09-26 12:57,2026-09-28 08:11,completed,4100.0,DM1087
REQ-202600328,Andheri,Maintenance,Facility Issue,low,2026-09-26 13:23,2026-09-30 10:46,completed,,DM1180
REQ-202601014,Andheri,IT Support,POS Issue,critical,2026-09-26 13:29,2026-09-28 08:29,completed,,DM1059
REQ-202600612,Mumbai Central,Finance,Petty Cash Claim,high,2026-09-26 13:42,2026-09-26 15:29,completed,4730.0,DM1195
REQ-202601328,Powai,Merchandising,Promotion Setup,critical,2026-09-26 13:50,2026-09-26 14:58,completed,,DM1113
REQ-202600537,Powai,Store Operations,Customer Complaint,low,2026-09-26 13:51,,in_progress,,DM1069
REQ-202602771,Andheri,Store Operations,Shelf Replenishment,high,2026-09-26 14:04,2026-09-28 10:55,completed,,DM1235
REQ-202602742,Thane,IT Support,Network Issue,low,2026-09-26 14:15,2026-09-28 16:27,completed,,DM1065
REQ-202601941,Powai,Finance,Purchase Request,critical,2026-09-26 14:24,,cancelled,37670.0,DM1073
REQ-202600202,Navi Mumbai,Merchandising,Price Change,medium,2026-09-26 15:25,2026-09-28 09:36,completed,,DM1062
REQ-202603031,Navi Mumbai,Maintenance,Refrigeration Fault,high,2026-09-26 15:37,2026-09-28 09:09,completed,,DM1100
REQ-202603101,Mumbai Central,IT Support,Network Issue,high,2026-09-26 15:40,2026-09-28 14:37,completed,,DM1195
REQ-202601629,Navi Mumbai,IT Support,Network Issue,low,2026-09-26 15:48,2026-09-29 08:01,completed,,DM1240
REQ-202602151,Andheri,HR,Onboarding,medium,2026-09-26 15:54,2026-09-28 09:44,completed,,DM1058
REQ-202600984,Mumbai Central,HR,Onboarding,low,2026-09-26 16:04,2026-09-29 14:52,completed,,DM1054
REQ-202601372,Powai,Maintenance,Equipment Repair,critical,2026-09-26 16:17,2026-09-28 08:23,completed,8050.0,DM1139
REQ-202600010,Mumbai Central,IT Support,Network Issue,low,2026-09-26 16:28,2026-09-30 10:21,completed,,DM1236
REQ-202600464,Mumbai Central,Maintenance,Facility Issue,critical,2026-09-26 16:47,2026-09-28 08:43,completed,,DM1185
REQ-202600358,Powai,Store Operations,Customer Complaint,high,2026-09-26 16:49,2026-09-28 12:00,completed,,DM1196
REQ-202602271,Andheri,Store Operations,Shelf Replenishment,low,2026-09-26 19:11,2026-09-28 16:43,completed,,DM1215
REQ-202602566,Mumbai Central,Merchandising,Promotion Setup,medium,2026-09-26 20:43,2026-09-28 13:34,completed,,DM1163
REQ-202601484,Navi Mumbai,Store Operations,Customer Complaint,medium,2026-09-26 21:39,2026-09-28 13:41,completed,,DM1177
REQ-202602593,Powai,Merchandising,Price Change,low,2026-09-26 21:43,2026-09-28 13:51,completed,,DM1173
REQ-202600306,Thane,IT Support,Network Issue,low,2026-09-27 06:30,,open,,DM1038
REQ-202601356,Mumbai Central,Store Operations,Stock Transfer,medium,2026-09-27 06:35,2026-09-28 14:40,completed,16600.0,DM1095
REQ-202601677,Andheri,Store Operations,Stock Transfer,medium,2026-09-27 07:37,2026-09-28 11:36,completed,14150.0,DM1223
REQ-202603044,Thane,IT Support,POS Issue,medium,2026-09-27 07:49,2026-09-29 12:31,completed,,DM1053
REQ-202600323,Navi Mumbai,IT Support,POS Issue,medium,2026-09-27 07:56,2026-09-28 09:51,completed,,DM1209
REQ-202600791,Mumbai Central,Store Operations,Shelf Replenishment,high,2026-09-27 09:55,2026-09-28 13:07,completed,,DM1028
REQ-202600309,Thane,Finance,Petty Cash Claim,low,2026-09-27 10:04,,in_progress,6970.0,DM1181
REQ-202602519,Mumbai Central,HR,Payroll Query,low,2026-09-27 10:26,2026-09-28 15:23,completed,,DM1230
REQ-202602630,Thane,Finance,Purchase Request,medium,2026-09-27 11:04,2026-09-28 10:05,completed,15090.0,DM1154
REQ-202601235,Powai,Maintenance,Facility Issue,low,2026-09-27 12:12,2026-09-29 12:30,completed,,DM1114
REQ-202602621,Powai,Maintenance,Refrigeration Fault,high,2026-09-27 12:12,2026-09-28 10:27,completed,,DM1091
REQ-202602985,Navi Mumbai,HR,Leave Query,medium,2026-09-27 12:16,,cancelled,,DM1105
REQ-202601045,Navi Mumbai,Store Operations,Shelf Replenishment,medium,2026-09-27 12:23,2026-09-28 12:27,completed,,DM1027
REQ-202600595,Andheri,IT Support,POS Issue,medium,2026-09-27 12:31,2026-09-28 09:26,completed,,DM1022
REQ-202601142,Andheri,Maintenance,Facility Issue,medium,2026-09-27 12:43,,cancelled,,DM1172
REQ-202601957,Mumbai Central,Merchandising,Promotion Setup,medium,2026-09-27 12:53,2026-09-28 14:29,completed,,DM1090
REQ-202601092,Navi Mumbai,IT Support,Access Request,low,2026-09-27 13:21,2026-09-28 11:40,completed,,DM1094
REQ-202600992,Mumbai Central,Store Operations,Shelf Replenishment,medium,2026-09-27 13:36,2026-09-28 12:03,completed,,DM1018
REQ-202601352,Andheri,Store Operations,Shelf Replenishment,medium,2026-09-27 13:36,2026-09-28 15:09,completed,,DM1195
REQ-202601999,Andheri,IT Support,Network Issue,low,2026-09-27 13:46,2026-09-29 09:24,completed,,DM1097
REQ-202600265,Navi Mumbai,Merchandising,Promotion Setup,high,2026-09-27 14:10,2026-09-28 09:29,completed,,DM1108
REQ-202601461,Powai,Maintenance,Refrigeration Fault,high,2026-09-27 14:15,2026-09-28 08:43,completed,,DM1067
REQ-202601504,Navi Mumbai,Merchandising,Promotion Setup,low,2026-09-27 14:16,,in_progress,,DM1173
REQ-202601635,Powai,Store Operations,Customer Complaint,low,2026-09-27 14:27,2026-09-29 12:20,completed,,DM1051
REQ-202601336,Andheri,Finance,Purchase Request,medium,2026-09-27 15:05,2026-09-28 11:25,completed,7890.0,DM1048
REQ-202602400,Thane,Store Operations,Stock Transfer,medium,2026-09-27 15:27,2026-09-28 14:31,completed,8690.0,DM1082
REQ-202602004,Thane,IT Support,Network Issue,high,2026-09-27 15:29,2026-09-28 13:23,completed,,DM1213
REQ-202602325,Mumbai Central,Merchandising,Price Change,low,2026-09-27 15:40,2026-10-03 10:08,completed,,DM1077
REQ-202600738,Powai,Store Operations,Shelf Replenishment,medium,2026-09-27 15:48,2026-09-29 09:21,completed,,DM1134
REQ-202600757,Powai,Store Operations,Customer Complaint,medium,2026-09-27 15:48,2026-09-28 13:15,completed,,DM1071
REQ-202602585,Powai,IT Support,POS Issue,medium,2026-09-27 16:11,2026-09-28 12:51,completed,,DM1181
REQ-202602791,Mumbai Central,IT Support,Access Request,medium,2026-09-27 17:13,2026-09-28 14:05,completed,,DM1197
REQ-202601888,Andheri,IT Support,Network Issue,low,2026-09-27 18:16,,open,,DM1042
REQ-202601641,Andheri,Finance,Vendor Payment Query,medium,2026-09-27 18:35,2026-09-28 12:58,completed,,DM1234
REQ-202602301,Andheri,Store Operations,Stock Transfer,high,2026-09-27 19:14,2026-09-28 11:21,completed,19490.0,DM1004
REQ-202602857,Thane,Store Operations,Shelf Replenishment,low,2026-09-27 20:29,2026-09-29 16:06,completed,,DM1213
REQ-202601658,Mumbai Central,Finance,Petty Cash Claim,high,2026-09-27 21:12,2026-09-28 11:39,completed,93000.0,DM1058
REQ-202603198,Andheri,IT Support,Access Request,medium,2026-09-28 06:40,2026-09-28 15:52,completed,,DM1081
REQ-202601332,Navi Mumbai,Store Operations,Customer Complaint,low,2026-09-28 08:21,2026-09-29 13:10,completed,,DM1231
REQ-202600985,Navi Mumbai,IT Support,Network Issue,critical,2026-09-28 08:24,2026-09-28 09:19,completed,,DM1165
REQ-202603127,Powai,Store Operations,Stock Transfer,medium,2026-09-28 08:24,2026-09-28 15:09,completed,130230.0,DM1105
REQ-202601627,Thane,Store Operations,Shelf Replenishment,low,2026-09-28 08:29,2026-09-29 11:10,completed,,DM1021
REQ-202601861,Navi Mumbai,Store Operations,Shelf Replenishment,critical,2026-09-28 09:30,2026-09-28 09:58,completed,,DM1097
REQ-202603014,Navi Mumbai,Store Operations,Customer Complaint,low,2026-09-28 09:59,2026-09-29 13:32,completed,,DM1057
REQ-202601794,Powai,Merchandising,Planogram Update,low,2026-09-28 10:10,2026-09-29 13:59,completed,,DM1091
REQ-202602945,Thane,Maintenance,Refrigeration Fault,low,2026-09-28 10:18,2026-09-30 08:39,completed,,DM1061
REQ-202601008,Powai,Store Operations,Shelf Replenishment,high,2026-09-28 10:24,,cancelled,,DM1092
REQ-202601025,Mumbai Central,Store Operations,Customer Complaint,low,2026-09-28 10:51,2026-10-01 08:34,completed,,DM1146
REQ-202600445,Powai,Store Operations,Stock Transfer,low,2026-09-28 10:56,2026-09-30 08:22,completed,10780.0,DM1172
REQ-202602314,Powai,IT Support,Access Request,medium,2026-09-28 11:00,2026-09-29 11:51,completed,,DM1168
REQ-202601995,Thane,Finance,Petty Cash Claim,low,2026-09-28 11:11,,open,18310.0,DM1092
REQ-202601446,Andheri,IT Support,Network Issue,critical,2026-09-28 11:14,2026-09-28 11:30,completed,,DM1132
REQ-202600716,Powai,Store Operations,Customer Complaint,medium,2026-09-28 11:17,,cancelled,,DM1160
REQ-202601949,Andheri,Finance,Vendor Payment Query,critical,2026-09-28 11:19,2026-09-28 14:16,completed,,DM1196
REQ-202601350,Thane,Maintenance,Facility Issue,high,2026-09-28 11:48,2026-09-28 13:39,completed,,DM1034
REQ-202602618,Navi Mumbai,IT Support,Network Issue,medium,2026-09-28 12:01,2026-09-29 12:31,completed,,DM1067
REQ-202600704,Mumbai Central,IT Support,Access Request,low,2026-09-28 12:22,2026-09-30 13:10,completed,,DM1084
REQ-202601954,Thane,Store Operations,Stock Transfer,medium,2026-09-28 12:24,2026-09-29 10:24,completed,34330.0,DM1127
REQ-202601040,Powai,IT Support,POS Issue,medium,2026-09-28 12:27,2026-09-28 16:18,completed,,DM1126
REQ-202602550,Powai,IT Support,POS Issue,low,2026-09-28 12:38,2026-10-01 09:17,completed,,DM1137
REQ-202602809,Powai,IT Support,POS Issue,high,2026-09-28 12:50,2026-09-28 14:26,completed,,DM1064
REQ-202602555,Andheri,Finance,Petty Cash Claim,medium,2026-09-28 13:11,2026-09-28 16:16,completed,16760.0,DM1132
REQ-202601891,Powai,Store Operations,Customer Complaint,low,2026-09-28 13:20,2026-09-29 10:11,completed,,DM1216
REQ-202602563,Navi Mumbai,Store Operations,Customer Complaint,medium,2026-09-28 13:31,,open,,DM1008
REQ-202600882,Powai,Finance,Vendor Payment Query,medium,2026-09-28 13:45,,in_progress,,DM1111
REQ-202602103,Thane,Store Operations,Customer Complaint,medium,2026-09-28 14:00,2026-09-29 09:04,completed,,DM1110
REQ-202600415,Mumbai Central,Store Operations,Stock Transfer,high,2026-09-28 14:11,2026-09-29 09:03,completed,15650.0,DM1105
REQ-202603157,Powai,IT Support,Network Issue,medium,2026-09-28 14:11,2026-09-29 11:41,completed,,DM1228
REQ-202602096,Navi Mumbai,Store Operations,Customer Complaint,high,2026-09-28 14:12,,in_progress,,DM1222
REQ-202602642,Mumbai Central,HR,Leave Query,high,2026-09-28 14:12,2026-09-29 09:49,completed,,DM1158
REQ-202600374,Mumbai Central,Store Operations,Stock Transfer,medium,2026-09-28 15:14,2026-09-29 12:46,completed,9650.0,DM1196
REQ-202600669,Mumbai Central,IT Support,Network Issue,medium,2026-09-28 15:55,2026-09-29 11:24,completed,,DM1007
REQ-202601758,Andheri,Store Operations,Customer Complaint,high,2026-09-28 16:04,2026-09-29 08:06,completed,,DM1198
REQ-202600776,Navi Mumbai,Store Operations,Shelf Replenishment,medium,2026-09-28 16:26,,cancelled,,DM1145
REQ-202601188,Andheri,Finance,Purchase Request,medium,2026-09-28 16:34,2026-09-29 14:37,completed,91740.0,DM1057
REQ-202600877,Mumbai Central,Finance,Purchase Request,medium,2026-09-28 16:47,2026-09-29 10:18,completed,37540.0,DM1190
REQ-202600954,Navi Mumbai,Store Operations,Customer Complaint,low,2026-09-28 17:52,2026-09-30 11:34,completed,,DM1042
REQ-202602707,Mumbai Central,Maintenance,Refrigeration Fault,medium,2026-09-28 18:38,2026-09-29 16:44,completed,,DM1134
REQ-202602179,Navi Mumbai,Merchandising,Price Change,medium,2026-09-28 18:57,2026-09-29 10:41,completed,,DM1062
REQ-202601335,Navi Mumbai,Merchandising,Planogram Update,low,2026-09-29 06:37,2026-09-30 15:29,completed,,DM1178
REQ-202600766,Andheri,Finance,Purchase Request,low,2026-09-29 06:54,,open,11710.0,DM1206
REQ-202600860,Navi Mumbai,Maintenance,Facility Issue,low,2026-09-29 07:44,2026-10-01 13:09,completed,,DM1209
REQ-202600419,Navi Mumbai,Maintenance,Refrigeration Fault,medium,2026-09-29 08:02,2026-09-29 12:33,completed,,DM1210
REQ-202600284,Powai,IT Support,Network Issue,medium,2026-09-29 08:05,2026-09-29 10:15,completed,,DM1113
REQ-202602732,Mumbai Central,Maintenance,Equipment Repair,critical,2026-09-29 08:15,2026-09-29 08:54,completed,16570.0,DM1091
REQ-202602761,Powai,IT Support,Network Issue,medium,2026-09-29 09:04,2026-09-29 14:00,completed,,DM1225
REQ-202600360,Thane,Store Operations,Shelf Replenishment,medium,2026-09-29 09:34,2026-09-29 14:35,completed,,DM1139
REQ-202600578,Navi Mumbai,Merchandising,Planogram Update,low,2026-09-29 09:55,2026-09-30 09:43,completed,,DM1022
REQ-202600504,Powai,Store Operations,Shelf Replenishment,low,2026-09-29 09:58,2026-10-01 11:55,completed,,DM1142
REQ-202602347,Powai,Store Operations,Customer Complaint,low,2026-09-29 10:15,,in_progress,,DM1178
REQ-202602849,Andheri,Store Operations,Customer Complaint,medium,2026-09-29 10:42,2026-09-29 14:20,completed,,DM1056
REQ-202602844,Thane,Store Operations,Customer Complaint,medium,2026-09-29 10:46,2026-09-29 16:46,completed,,DM1235
REQ-202601273,Navi Mumbai,Finance,Vendor Payment Query,medium,2026-09-29 10:58,2026-09-29 13:45,completed,,DM1082
REQ-202600105,Mumbai Central,Store Operations,Stock Transfer,high,2026-09-29 11:04,2026-09-29 13:27,completed,7690.0,DM1115
REQ-202600979,Andheri,Maintenance,Refrigeration Fault,low,2026-09-29 11:35,2026-10-01 09:12,completed,,DM1057
REQ-202600083,Navi Mumbai,HR,Onboarding,urgent,2026-09-29 11:59,,cancelled,,DM1024
REQ-202602524,Mumbai Central,Store Operations,Customer Complaint,medium,2026-09-29 12:12,2026-09-29 16:09,completed,,DM1156
REQ-202600167,Navi Mumbai,Merchandising,Promotion Setup,low,2026-09-29 12:22,2026-10-01 15:45,completed,,DM1064
REQ-202600840,Powai,IT Support,Network Issue,high,2026-09-29 12:28,2026-09-29 14:43,completed,,DM1072
REQ-202603037,Navi Mumbai,Finance,Petty Cash Claim,low,2026-09-29 13:08,2026-10-03 08:25,completed,19090.0,DM1177
REQ-202601061,Mumbai Central,IT Support,Network Issue,critical,2026-09-29 13:24,2026-09-29 16:48,completed,,DM1159
REQ-202600386,Mumbai Central,Maintenance,Refrigeration Fault,medium,2026-09-29 13:45,2026-09-30 10:47,completed,,DM1234
REQ-202600318,Powai,Store Operations,Stock Transfer,medium,2026-09-29 13:46,2026-09-30 09:06,completed,22620.0,DM1043
REQ-202600854,Navi Mumbai,IT Support,POS Issue,medium,2026-09-29 13:54,2026-09-30 11:00,completed,,DM1180
REQ-202602698,Navi Mumbai,Merchandising,Promotion Setup,medium,2026-09-29 14:47,2026-09-30 08:41,completed,,DM1100
REQ-202601039,Navi Mumbai,Store Operations,Shelf Replenishment,medium,2026-09-29 14:50,2026-09-30 08:18,completed,,DM1123
REQ-202601385,Navi Mumbai,Maintenance,Refrigeration Fault,low,2026-09-29 15:14,2026-10-01 09:44,completed,,DM1107
REQ-202600957,Navi Mumbai,Store Operations,Customer Complaint,low,2026-09-29 15:37,2026-09-30 12:54,completed,,DM1096
REQ-202600795,Powai,Store Operations,Customer Complaint,high,2026-09-29 15:56,2026-09-30 10:22,completed,,DM1103
REQ-202602111,Navi Mumbai,IT Support,Access Request,critical,2026-09-29 17:08,2026-09-30 08:47,completed,,DM1240
REQ-202602872,Thane,Store Operations,Customer Complaint,low,2026-09-29 17:18,2026-09-30 16:55,completed,,DM1062
REQ-202603107,Thane,Store Operations,Shelf Replenishment,low,2026-09-29 17:21,2026-10-01 11:25,completed,,DM1186
REQ-202601885,Andheri,Merchandising,Promotion Setup,medium,2026-09-29 18:14,2026-09-30 11:55,completed,,DM1170
REQ-202600919,Andheri,Store Operations,Customer Complaint,medium,2026-09-29 19:03,2026-09-30 11:53,completed,,DM1127
REQ-202601085,Andheri,Store Operations,Stock Transfer,low,2026-09-29 19:13,2026-09-30 14:42,completed,9410.0,DM1017
REQ-202602477,Mumbai Central,Store Operations,Shelf Replenishment,critical,2026-09-29 19:55,,in_progress,,DM1033
REQ-202602130,Andheri,Maintenance,Facility Issue,medium,2026-09-29 21:03,2026-09-30 09:49,completed,,DM1221
